Origin Dairy Name,Origin Dairy Address,Origin Dairy Latitude (Geocoded),Origin Dairy Longitude (Geocoded),Hauler Name,Hauler Address,Destination Name,Destination Contact Address,Destination Address,Destination Nearest Cross Street,Destination Type,Destination Type (Standardized),Destination Assessor Parcel Number,Destination County,Destination Address Final,Destination Address Final Source,Destination Latitude (Geocoded),Destination Longitude (Geocoded),Destination Latitude,Destination Longitude,Haul Date,First Haul Date,Last Haul Date,Is Pipeline,Is Trucked,Wastewater Volume per Haul (Gallons),Wastewater Number of Hauls,Wastewater Hours Pumped (Hours),Wastewater Pumping Rate (GPM),Total Process Wastewater Exports (Gallons),Manure Mass per Haul (tons),Manure Volume per Haul (cubic yards),Manure Number of Hauls,Total Manure Amount (tons),Total Manure Amount (cubic yards),Manure Density,Manure Solids (%),Manure Moisture (%),Method Used to Determine Volume of Manure,Method Used to Determine Volume of Wastewater,Parameter Template,Source PDF,Start Page,End Page,Manifest Number,County,Manifest Type
Matos Dairy,100 S. Quinley Ave Merced 95340,,,Alp Custom Spreading,P.O Box 218 Newman 95360,Cal Terra Ranch,2232 Bailey Ave Merced 95341,,,,,059-220-015,,,,,,,,5123-5/24,2024-05-23,2024-05-24,False,UNSURE,,,,,,,,,,,,,,@ 12 Tons Per Load,,R5-2007-0035_general_order,100 S Quinley Ave Merced 2024 Dairy AR,89,90,1,rancho_cordova,unknown
Carl + Laurie Vieira Dairies,1000 N. Mitchell Rd. Turlock 95380,,,Alp Custom Spreading,2324 Villa Manucha Newman 95360,Jeff Lima,2324 Villa Manucha Rd. Newman 95360,2324 Villa Manucha Rd. Newman 95360,,,,,,,,,,,,3/22/24,,2024-03-22,False,UNSURE,,,,,,10.0,,128.0,1280.0,,,305.0,,128 Loads @ 10 Tons Per Load.,,R5-2007-0035_general_order,"1000 N Mitchell Rd, Turlock 2024 Dairy AR",83,84,1,rancho_cordova,manure
Carl + Laurie Vieira Dairies,1000 N. Mitchell Rd. Turlock 95380,,,Alp Custom Spreading,2324 Villa Manucha Newman 95360,Jeff Lima,2324 Villa Manucha Rd. Newman 95360,2324 Villa Manucha Rd. Newman 95360,,,,,,,,,,,,8/3/24,,2024-08-03,False,UNSURE,,,,,,10.0,,102.0,1020.0,,,,7.2,102 Loads @ 10 Tons Per Load.,,R5-2007-0035_general_order,"1000 N Mitchell Rd, Turlock 2024 Dairy AR",85,86,2,rancho_cordova,manure
Martins Living Trust,10043 Milnes Road Modesto CA 95357,,,Al Bairos,9503 Milnes Road Modesto CA 95357,Al Bairos,9503 Milnes Road Modesto CA 95357,9503 Milnes Road Modesto CA,,,,014-024-006,,,,,,,,10/22/2024,,2024-10-22,False,UNSURE,,,,,,,,,2500.0,,,,52.9,Hauler's Calculations,,R5-2013-0122_general_order,10043 Milnes Rd Modesto 2024 Dairy AR,34,35,1,rancho_cordova,manure
Frank Gwerder Dairy INC.,1007 S. Hart Rd. Modesto 95358,,,Avila Spreading Service,P.O. Box 580742 Modesto 95358,Michel Echebarne,5737 California Ave. Modesto 95358,5737 California Ave. Modesto 95358,,,,,,,,,,,,3/9/24,,2024-03-09,False,UNSURE,,,,,,10.0,,60.0,600.0,,,71.0,,60 Loads @ 10 Tons Per Load.,,R5-2007-0035_general_order,1007 S Hart Rd Modesto 2024 Dairy AR,70,71,1,rancho_cordova,manure
Frank Gwerder Dairy INC.,,,,Avila Spreading Service,P.O. Box 580742 Modesto 95358,Frank Gwerder,1007 S. Hart Ro. Modesto 95358,,,,,017-065-012,,,,,,,,11/3/24,,2024-11-03,False,UNSURE,,,,,,10.0,,42.0,420.0,,,,29.7,42 Loads @ 10 Tons Per Load.,,R5-2007-0035_general_order,1007 S Hart Rd Modesto 2024 Dairy AR,73,74,2,rancho_cordova,manure
Frank Gwerder Dairy INC.,1007 S. Hart Rd. Modesto 95358,,,Gwerder Pipeline,,Iru Hilario,506 S. Hart Rd. Modesto 95358,,,,,012-050-005,,,,,,,,3/20/24,,2024-03-20,True,False,,,12.0,,720000.0,,,,,,,,,,12 Hours @ 1000 Gallons Per Minute,R5-2007-0035_general_order,1007 S Hart Rd Modesto 2024 Dairy AR,75,76,3,rancho_cordova,wastewater
Frank Gwerder Dairy INC.,1007 S. Hart Rd. Modesto 95358,,,Gwerder Pipeline,,Irv Hilario,506 S. Hart Rd. Modesto 95358,,,,,012-050-005,,,,,,,,3/12/24,,2024-03-12,True,False,,,5.0,1000.0,300000.0,,,,,,,,,,5 Hours @ 1000 GPM,R5-2007-0035_general_order,1007 S Hart Rd Modesto 2024 Dairy AR,77,78,4,rancho_cordova,wastewater
Frank Gwerder Dairy INC.,1007 S. Hart Rd. Modesto 95358,,,Gwerder Pipeline,,Iru Hilario,506 S. Hart Rd. Modesto 95358,,,,,012-050-005,,,,,,,,,,,True,False,,,12.0,1000.0,720000.0,,,,,,,,,,12 Hours @ 1000 GPM,R5-2007-0035_general_order,1007 S Hart Rd Modesto 2024 Dairy AR,79,80,5,rancho_cordova,wastewater
Frank Gwerder Dairy INC.,1007 S. Hart Rd. Modesto 95358,,,Frank Gwerder,1007,Irv Hilario,506 S. Hart Rd. Modesto 95358,,,,,012-052-008,,,,,,,,10/24/24,,2024-10-24,False,True,9500.0,60,,,570000.0,,,,,,,,,,60 Loads Of Slurry @ 9500 Gallons Per Load,R5-2007-0035_general_order,1007 S Hart Rd Modesto 2024 Dairy AR,81,82,6,rancho_cordova,wastewater
Frank Gwerder Dairy INC.,1007 S. Hart Rd. Modesto 95358,,,Frank Gwerder,,Frank Gwerder,1007 S. Hart Rd. Modesto 95358,,,,,017-065-012,,,,,,,,11/4/24,,2024-11-04,False,True,9500.0,100,,,950000.0,,,,,,,,,,100 Loads Of Slurry @ 9500 Gallons Per Load.,R5-2007-0035_general_order,1007 S Hart Rd Modesto 2024 Dairy AR,83,84,7,rancho_cordova,wastewater
Faust Dairy & Heifer,10077 Avenue 26 Chowchilla Merced 93610,,,Faust Family Dairy,10077 Avenue 26 Chowchilla CA 93610,Keith White Farming,442 Chowchilla CA 93610,Chowchilla 93610,Road 8 And Avenue 14 Madera,Farmer,,,,,,,,,,11/02/2024,,2024-11-02,False,UNSURE,,,,,,,,,2701.0,,,92.9,,An Averaged Scale Weighed Loads Multiplied Bythe Total Number Of Loads Hauled.,,R5-2007-0035_software,10077 Ave 26 Chowchilla 2024 Dairy AR,77,78,1,rancho_cordova,manure
Garcia's Registered Jerseys,1018,,,Johnson Farms,P.O. Box 868 Denair 95316,Johnson Farms P.O. Box,868 Denair 95316,4618 N. Montpelier Rd. Denair 95316,,,,,,,,,,,,12/20/24,,2024-12-20,False,UNSURE,,,,,,,,,,,,,,Hauler Calculation,,R5-2007-0035_general_order,1018 Hickman Rd Turlock 2024 Dairy AR,38,39,1,rancho_cordova,unknown
Robert Gioletti + Sons Dairy,10213 W. Main St. Turlock 95380,,,Alp Custom Spreading,2324 Villa Manucha Rd. Newman 95360,Robert Gioletti,118 N. Blaker Rd. Turlock 95380,,,,,057-001-011,,,,,,,,4/24/24,,2024-04-24,False,UNSURE,,,,,,,,,,,,,,Scale Weights,,R5-2007-0035_general_order,10213 W Main St Turlock 2024 Dairy AR,154,155,1,rancho_cordova,unknown
Robert Gioletti + Sons Dairy,10213 W. Main St. Turlock 95380 Zip Code,,,Alp Custom Spreading,2324 Villa Manucha Rd. Newman 95360,Robert Gioletti,118 N. Blaker Rd. Turlock 95380,,,,,058-018-001,,,,,,,,4/24/24,,2024-04-24,False,UNSURE,,,,,,,,,,,,,,Scale Weights,,R5-2007-0035_general_order,10213 W Main St Turlock 2024 Dairy AR,156,157,2,rancho_cordova,unknown
Robert Gioletti + Sons Dairy,,,,Alp Custom Spreading,2324 Villa Manucha Rd. Newman 95360,Robert Gioletti,118 N. Blaker Rd. Turlock 95380,,,,,057-003-007,,,,,,,,5/18/24,,2024-05-18,False,UNSURE,,,,,,,,,,,,,,Scale Weights,,R5-2007-0035_general_order,10213 W Main St Turlock 2024 Dairy AR,158,159,3,rancho_cordova,unknown
Robert Giolesti + Sons Dairy,10213 W. Main St. Turlock 95380,,,Alp Custom Spreading,2324 Villa Manucha Rd. Newman 95360,Robert Gioletti,118 N. Blaker Rd. Turlock 95380,,,,,058-025-003,,,,,,,,5/18/24,,2024-05-18,False,UNSURE,,,,,,,,,,,,,,Scale Weights,,R5-2007-0035_general_order,10213 W Main St Turlock 2024 Dairy AR,160,161,4,rancho_cordova,unknown
Robert Giolesti + Sons Dairy,10213 W. Main St. Turlock 95380,,,Alp Custom Spreading,2324 Villa Manucha Rd. Newman Zip 95360 Code,Robert Gioletti,118 N. Blaker Rd. Turlock 95380,,,,,057-003-007,,,,,,,,11/22/24,,2024-11-22,False,UNSURE,,,,,,,,,3000.0,,,,11.79,Scale Weights,,R5-2007-0035_general_order,10213 W Main St Turlock 2024 Dairy AR,162,163,5,rancho_cordova,manure
Robert Gioletti + Sons Dairy,10213 W. Main St. Turlock 95380,,,Alp Custom Spreading,2324 Villa Manucha Rd. Newman 95360,Robert Gioletti,118 N. Blaker Rd. Turlock 95380,,,,,058-023-019,,,,,,,,11/22/24,,2024-11-22,False,UNSURE,,,,,,,,,2160.0,,,,,Scale Weights,,R5-2007-0035_general_order,10213 W Main St Turlock 2024 Dairy AR,164,165,6,rancho_cordova,manure
Robert Gioletti + Sons Dairy,10213 W. Main St. Turlock 95380,,,Alp Custom Spreading,2324 Villa Manucha Rd. Newman 95360,Robert Gioletti,118 N. Blaker Rd. Turlock 95380,,,,,058-023-005,,,,,,,,11/22/24,,2024-11-22,False,UNSURE,,,,,,,,,,,,,,Scale Weights,,R5-2007-0035_general_order,10213 W Main St Turlock 2024 Dairy AR,166,167,7,rancho_cordova,unknown
Robert Gioletti + Sons Dairy,10213 W. Main St. Turlock 95380,,,Alp Custom Spreading,2324 Villa Manucha Rd. Newman 95360,Robert Gioletti,118 N. Blaker Rd. Turlock 95380,,,,,058-023-023,,,,,,,,11/23/24,,2024-11-23,False,UNSURE,,,,,,,,,,,,,,Scale Weights,,R5-2007-0035_general_order,10213 W Main St Turlock 2024 Dairy AR,168,169,8,rancho_cordova,unknown
Robert Goletti + Sons Dairy,10213 W. Main St. Turlock 95380,,,Fta Lagoon Management,2930 Geer Rd. Jurlock 95382,Robert Gioletti,118N. Blaker Rd. Turlock 95380,,,,,058-018-001,,,,,,,,9/11/24,,2024-09-11,False,True,9500.0,2,,,650750.0,,,,,,,,,,68 1/2 Loads @ 9500 Gallons Per Load.,R5-2007-0035_general_order,10213 W Main St Turlock 2024 Dairy AR,170,171,9,rancho_cordova,wastewater
Robert Giletti + Sons Dairy #2,10218 Fulkerth Rd. Ceres 95307,,,Alp Custom Spreading,2324 Villa Manucha Newman 95360,Robert,118 N. Blaker Rd. Turlock 95380,,,,,022-031-019,,,,,,,,4/24/24,,2024-04-24,False,UNSURE,,,,,,,,,252.0,,,,27.3,Scale Weights,,R5-2007-0035_general_order,10218 Fulkerth Rd Ceres 2024 Dairy AR,21,22,1,rancho_cordova,manure
Robert Giletti + Sons Dairy #2,10218 Fulkerth Rd. Ceres 95307,,,Alp Custom Spreading,2324 Villa Manucha Newman 95360,Robert,118 N. Blaker Rd. Turlock 95380,,,,,022-036-014,,,,,,,,4/24/24,,2024-04-24,False,UNSURE,,,,,,,,,600.0,,,,27.3,Scale Weights,,R5-2007-0035_general_order,10218 Fulkerth Rd Ceres 2024 Dairy AR,23,24,2,rancho_cordova,manure
,,,,Sousa's Custom Harvesting,,Sousa's Custom Harvesting,20178 Gawne Road Stockton CA 95215,20178 Gawne Road Stockton CA,,,,185-100-03,,,,,,,,10-21-24,,2024-10-21,False,UNSURE,,,,,,,,,,,,,,,,R5-2007-0035_general_order,10408 S Van Allen Rd Stockton 2024 Dairy AR,62,62,1,rancho_cordova,unknown
Jose V Silveira Dairy,10652 Newsom Rd Gustine Merced 95322,,,Jose V Silveira Dairy Pipeline,10652 Newsom Rd Gustine CA 95322,Godinho Dairy,12710 S Wilson Rd Los Banos CA 93635,Gustine 95322,Fahey Road Merced,Farmer,,,,,,,,,,01/01/2024,,2024-01-01,True,False,,,,,4800000.0,,,,,,,,,,Gallons Per Min X Hours Pumped,R5-2007-0035_software,10652 Newsome Rd Gustine 2024 Dairy AR,50,51,1,,wastewater
Jose V Silveira Dairy,10652 Newsom Rd Gustine Merced 95322,,,Jose V Silveira Dairy Pipeline,10652 Newsom Rd Gustine CA 95322,Godinho Dairy,12710 S Wilson Rd Los Banos CA 93635,Gustine 95322,Fahey Road Merced,Farmer,,,,,,,,,,04/13/2024,,2024-04-13,True,False,,,,,4800000.0,,,,,,,,,,Gallons Per Min X Hours Pumped,R5-2007-0035_software,10652 Newsome Rd Gustine 2024 Dairy AR,52,53,2,,wastewater
Cal-Denier Dairy,10715 Arno Rd. Galt 95632,,,Witt Ranch,P.O. Box 428 Lodi 95241,Stepps Farms,28600 N. Sowles Rd. Galt 95632,North Of Conley Rd. & Twin Cities Rd. Herald 95638,,,,,,,,,,,,June 3-62024,,2024-06-03,False,UNSURE,,,,,,,,,1680.0,,,40.3,,Hauler's Estimate,,R5-2007-0035_general_order,10715 Arno Rd Galt 2024 Dairy AR,31,32,1,rancho_cordova,manure
Cal-Denier Dairy,10715 Arno Rd. Galt 95632,,,Warren Spreading,27613 Sowles Rd. Galt 95632,Salas Ranch,10630 Salas Rd. Wilton 95639,X134-0250-X001-0000 &,,,,0134-0230-0009-0000,,,,,,,,9/27-12/10/2024,,2024-12-10,False,UNSURE,,,,,,,,,1650.0,,,,,,,R5-2007-0035_general_order,10715 Arno Rd Galt 2024 Dairy AR,33,34,2,rancho_cordova,manure
,,,,Jeff Lemas Alp Spreading,,,12000 (209),12000 Hwy. 120 Oakdale CA,,,,010-008-046,,,,,,,,7-30-24,,2024-07-30,False,UNSURE,,,,,,,,,600.0,,,,15.3,60 Loads @Iot/Load,,R5-2007-0035_general_order,10836 Hwy 120 Oakdale 2024 Dairy AR ,71,72,1,rancho_cordova,manure
,,,,Genace Hay Co.,,Mitch Hegoas,11549 28 Milerd. Oakdale 95361,11549 28 Mili Rd. Oakdale,,,,002-050-006,,,,,,,,11-11-12-24,,2024-11-11,False,UNSURE,,,,,,,,,1200.0,,,15.3,,120 Loads@ 10T/Lead,,R5-2007-0035_general_order,10836 Hwy 120 Oakdale 2024 Dairy AR ,73,74,2,rancho_cordova,manure
Albert Mendes Dairy,1100 Ruble Rd Crows Landing Stanislaus 95313,,,Five Star Custom Spreading,219 Jensen Rd Gustine CA 95322,Albert Mendes Fish Farm,10581 S Carpentar Rd Crows Landing CA 95313,,,Farmer,,0058-0001-0010-0000,Stanislaus,,,,,,,05/31/2024,,2024-05-31,False,UNSURE,,,,,,,,,1470.0,,,40.4,,Hauler's Calculations,,R5-2007-0035_software,1100 Ruble Rd Crows Landing 2024 Dairy AR,62,63,1,rancho_cordova,manure
Albert Mendes Dairy,1100 Ruble Rd Crows Landing Stanislaus 95313,,,Five Star Custom Spreading,219 Jensen Rd Gustine CA 95322,Albert Mendes Fish Farm,10581 S Carpentar Rd Crows Landing CA 95313,,,Farmer,,0058-0001-0011-0000,Stanislaus,,,,,,,06/03/2024,,2024-06-03,False,UNSURE,,,,,,,,,1380.0,,,40.4,,Hauler's Calculations,,R5-2007-0035_software,1100 Ruble Rd Crows Landing 2024 Dairy AR,64,65,2,rancho_cordova,manure
Joe & Teresa Soares Dairy #1,11076 Vincent Rd Turlock Merced 95380,,,Cardoso Farm Services INC.,P.O. Box 189 Delhi CA 95315,Cardoso Farm Services INC,189 Delhi CA 95315,Turlock 95380,Bradbury Merced,Broker,,,,,,,,,,10/30/2024,,2024-10-30,False,UNSURE,,,,,,,,,6136.0,,,68.7,,Tons X Loads,,R5-2007-0035_software,"11076 Vincent Rd, Turlock 2024 Dairy AR",77,78,1,,manure
U Bar Dairy,11100 Liberty Rd. Galt 95632,,,Warren Spreading,27613 Sowles Rd. Galt 95632,Frank Riccobuono,11151 Liberty Rd. Galt 95632,Same,,,,,,,,,,,,September 23-26 2024,2024-09-23,2024-09-26,False,UNSURE,,,,,,,,,470.0,,,6.8,,Hauler's Estimation,,R5-2007-0035_general_order,11100 E Liberty Rd Galt 2024 Dairy AR,26,27,1,rancho_cordova,manure
“3 Men Ow Alenr,,,,G,,,,Address City Zip Code,,,,,,,,,,,,,,,False,UNSURE,,,,,,,,,,,,,,,,R5-2007-0035_general_order,11159 West Peach Street Livingston 2024 Dairy AR,28,28,1,rancho_cordova,unknown
,,,,,,Ln —,,,,7 Neo,,,,,,,,,,() Lf,,,False,UNSURE,,,,,,,,,,,,,,,Does The Operator Have A,R5-2007-0035_software,11159 West Peach Street Livingston 2024 Dairy AR,29,30,2,rancho_cordova,unknown
Lucas Dairy,11204 Fulkerth Road Turlock CA 95380,,,Five Star Custom Spreading,P.O. Box 488 Gustine CA 95322,Five Star Custom Spreading P.O. Box,488 Gustine 95322,750 East Ave Gustine 95322,,Broker,,,,,,,,,,10/11/2024,,2024-10-11,False,UNSURE,,,,,,,,,2600.0,,,87.47,,Number Of Truckloads X Average Truck Weight,,R5-2007-0035_general_order,11204 Fulkerth Rd Turlock 2024 Dairy AR,24,25,1,rancho_cordova,manure
Fire-Lake Jerseys,11301 W. Bradbury Rd Turlock CA 95380,,,Joshua Holsapple's Fertilizer Spreading INC.,400 N. Central Avenue Turlock CA 95380,J.H.F.S. INC.,400 N. Central Avenue Turlock 95380,400 N. Central Avenue Turlock 95380,,Broker,,,,,,,,,,10/21/24,,2024-10-21,False,UNSURE,,,,,,,,,1100.0,,,87.9,,Number Of Truckloads X Average Truck Weight,,R5-2007-0035_general_order,11301 W Bradbury Rd Turlock 2024 Dairy AR,31,32,1,rancho_cordova,manure
),1131 Story Road Turlock CA 95380,,,Dores Ag Services INC.,22846 Second Avenue Stevinson CA 95374,Silva Brothers,224 S. Roselawn Ave Turlock 95380,224 S. Roselawn Ave Turlock 95380,,Farmer,,,,,,,,,,5/13/2024,,2024-05-13,False,UNSURE,,,,,,,,,1100.0,,,96.5,,Number Of Truckloads X Average Truck Weight,,R5-2007-0035_general_order,"1131 Story Rd, Turlock 2024 Dairy AR",19,20,1,rancho_cordova,manure
Verpura Son Dairy,1142 N. Hart Road Modesto 95358,,,Avila Spreading Service,Do Box 580742 Modesto 95358,Fiscalini Farms,4848 Jackson Rd. Modesto 95358,4848 Jackson Rd. Modesto 95358 0001 0001 0001 0000,,,,,,,,,,,,6/11-13 2024,2024-06-11,2024-06-13,False,UNSURE,,,,,,,,,730.0,,,,,Haulers Calculations,,R5-2007-0035_general_order,1142 N Hart Rd Modesto 2024 Dairy AR,92,93,1,rancho_cordova,manure
Verburg & Sen Dairy,1142 Halt Rd Modesto 95358,,,Avila Spreading,Po Box 580742 Modesto 95358,Tas Byrd,3619 Shoemake Ave. Modesto 95358,Tas Burd 3619 Shoemake Ave Modesto 95358 0001 0001 000 1001,,,,,,,,,,,,7/1-2 2024,2024-07-01,2024-07-02,False,UNSURE,,,,,,,,,,,,,,Hanters Calculations,,R5-2007-0035_general_order,1142 N Hart Rd Modesto 2024 Dairy AR,94,95,2,rancho_cordova,unknown
Verburg & Sen Dairy,1142 Halt Rd Modesto 95358,,,Avila Spreading,Po Box 580742 Modesto 95358,Jared Heinrich,6830 Bluesum Ave Modesto 95 66,4830 Bluesum Ave Modesto 95358 012 029 001 000,,,,,,,,,,,,10/29-30,2024-10-29,2024-10-30,False,UNSURE,,,,,,,,,50.0,,,,,Hanters Calculations,,R5-2007-0035_general_order,1142 N Hart Rd Modesto 2024 Dairy AR,96,97,3,rancho_cordova,manure
Sb Farms,11450 Carroll Rd. Elk Grove 95757,,,Taj Silva Farms,12997 E. Peltier Rd. Acampo 95220,Same,Same,216 Hwy. 220 Ryde,,,,0142-0100-0031-0000,,,,,,,,May 27-30 2024,2024-05-27,2024-05-30,False,UNSURE,,,,,,,,,2000.0,,,77.9,,200 Loads Hauled At Approximately 10 Tons Per Load.,,R5-2007-0035_general_order,11450 Carroll Rd Elk Grove 2024 Dairy AR,70,71,1,rancho_cordova,manure
Sb Farms,11450 Carroll Rd. Elk Grove 95757,,,Taj Silva Farms,E. Peltier Rd. Acampo 95220,Same,Same,216 Hwy. 220 Ryde,,,,0142-0100-0031-0000,,,,,,,,Oct 14-17 2024,2024-10-14,2024-10-17,False,UNSURE,,,,,,,,,1000.0,,,72.9,,100 Loads Hauled At Approximately 10 Tons Per Load.,,R5-2007-0035_general_order,11450 Carroll Rd Elk Grove 2024 Dairy AR,72,73,2,rancho_cordova,manure
Machado & Sons Dairy,11735 Carroll Rd. Elk Grove 95757,,,Van Steyn Dairy #1,Carroll Rd. Elk Grove 95757,Same As Hauler,Same As Hauler,,,,,0132-0240-0047-0000,,,,,,,,October 14-18 2024,2024-10-14,2024-10-18,False,UNSURE,,,,,,,,,320.0,,,14.4,,Hauler's Estimation,,R5-2007-0035_general_order,11735 Carroll Rd Elk Grove 2024 Dairy AR,20,21,1,rancho_cordova,manure
; Alberto Dairy,11737 Blue Gum Rd Hickman CA 95323,,,Eniz Brothers,9230 Patterson Rd Oakdale CA 95361-,Deniz Brothers,5230 Patterson Rd Oakdale CA 95361,,,,,,,,,,,,,2/22/2024,,2024-02-22,False,UNSURE,,,,,,,,,1900.0,,,,,,,R5-2007-0035_general_order,11737 Bluegum Rd Hickman 2024 Dairy AR,80,80,1,rancho_cordova,manure
J & M Dairy,11910 Bruceville Rd. Elk Grove 95757,,,M. Maravilla Trucking INC.,175 Ash Ave Mendota 93640,D&W Farms,1000 Hidden Lake Road Lodi 95240,Same Lodi 95240,,,,,,,,,,,,10/16/24,,2024-10-16,False,UNSURE,,,,,,,,,475.0,,,,,,,R5-2007-0035_general_order,11910 Bruceville Rd Elk Grove 2024 Dairy AR,39,40,1,rancho_cordova,manure
Grand View Dairy,11923 E Childs Ave Le Grand Merced 95333,,,Grand View Farms,11923 E Childs Ave Le Grand CA 95333,Dhillon Ranch,11923 E Childs Ave Legrand CA 95333,,,Farmer,,0053-0150-0010-0000,Merced,,,,,,,05/15/2024,,2024-05-15,False,UNSURE,,,,,,,,,2898.0,,,81.5,,Average Load Weight By Total Loads,,R5-2007-0035_software,11923 E Childs Ave L Grand 2024 Dairy AR,287,288,1,rancho_cordova,manure
Riveroak Heifers,12100 Fogarty Road Oakdale CA 95361,,,P,,Burchell Nursery,12000 Hwy. 120 Oakdale CA 95361,9310 Wamble Road Oakdale CA,,,,010-080-046,,,,,,,,10/22/2024,,2024-10-22,False,UNSURE,,,,,,,,,,,,,21.2,,,R5-2007-0035_general_order,12100 Fogarty Rd Oakdale 2024 Dairy AR,18,18,1,rancho_cordova,unknown
Mb Lucky Lady,1218 W. Keyes Road Modesto CA 95358,,,Mb Lucky Lady (Via Pipeline),1218 W. Keyes Road Modesto CA 95358,,810,1713 Keyes Road Modesto CA,,,,041-025-003,,,,,,,,3/21/2024,,2024-03-21,True,False,,,20.0,,1800000.0,,,,,,,,,,20 Hours At 1500 Gallons Per Minute,R5-2007-0035_general_order,1218 W Keyes Rd Modesto 2024 Dairy AR,72,73,1,rancho_cordova,wastewater
Mb Lucky Lady,1218 W. Keyes Road Modesto CA 95358,,,Mb Lucky Lady (Via Pipeline),1218 W. Keyes Road Modesto CA 95358,,810,1713 Keyes Road Modesto CA,,,,041-025-003,,,,,,,,4/1/2024,,2024-04-01,True,False,,,21.0,,1890000.0,,,,,,,,,,21 Hours At 1500 Gallons Per Minute,R5-2007-0035_general_order,1218 W Keyes Rd Modesto 2024 Dairy AR,74,75,2,rancho_cordova,wastewater
Mb Lucky Lady,1218 W. Keyes Road Modesto CA 95358,,,Mb Lucky Lady (Via Pipeline),1218 W. Keyes Road Modesto CA 95358,,810,1713 Keyes Road Modesto CA,,,,041-025-003,,,,,,,,6/29/2024,,2024-06-29,True,False,,,17.0,,1530000.0,,,,,,,,,,17 Hours At 1500 Gallons Per Minute,R5-2007-0035_general_order,1218 W Keyes Rd Modesto 2024 Dairy AR,76,77,3,rancho_cordova,wastewater
Mb Lucky Lady,1218 W. Keyes Road Modesto CA 95358,,,Mb Lucky Lady (Via Pipeline),1218 W. Keyes Road Modesto CA 95358,,810,1713 Keyes Road Modesto CA,,,,041-025-003,,,,,,,,7/22/2024,,2024-07-22,True,False,,,18.0,,1620000.0,,,,,,,,,,18 Hours At 1500 Gallons Per Minute,R5-2007-0035_general_order,1218 W Keyes Rd Modesto 2024 Dairy AR,78,79,4,rancho_cordova,wastewater
Mb Lucky Lady,1218 W. Keyes Road Modesto CA 95358,,,Mb Lucky Lady (Via Pipeline),1218 W. Keyes Road Modesto CA 95358,,810,1713 Keyes Road Modesto CA,,,,041-025-003,,,,,,,,9/1/2024,,2024-09-01,True,False,,,21.0,,1890000.0,,,,,,,,,,21 Hours At 1500 Gallons Per Minute,R5-2007-0035_general_order,1218 W Keyes Rd Modesto 2024 Dairy AR,80,81,5,rancho_cordova,wastewater
Cross View Dairy,12530 Warnerville Road Oakdale CA 95361,,,Vander Meulen INC.,13282 Escalon Bellota Rd Escalon CA 95320,Nate Ludlow,6648 Smith Road Oakdale CA 95361,6648 Smith Road Oakdale CA,,,,010-016-013,,,,,,,,12-4-24,,2024-12-04,False,UNSURE,,,,,,10.0,,15.0,,,,,,15 Loads At 10 Ton Per Load.,,R5-2013-0122_general_order,12530 Warnerville Rd Oakdale 2024 Dairy AR,67,68,1,rancho_cordova,unknown
Cross View Dairy,12530 Warnerville Road. Oakdale CA 95361,,,Silva Liquid Injection LLC,22600 N. Pearl Rd Acampo CA 95220,Neal Casey P.O. Box,1543 Oakdale CA 95361,6440 Emery Road Oakdale CA,,,,010-020-018,,,,,,,,5/1/2024,,2024-05-01,False,True,,,,,1200000.0,,,,,,,,,,Haulers Calculations,R5-2013-0122_general_order,12530 Warnerville Rd Oakdale 2024 Dairy AR,70,71,2,rancho_cordova,wastewater
Antonio Azevedo Dairy # 4,1257 W Roosevelt Rd El Nido Merced 95317,,,Gomes Farms LLC,P.O. Box 149 El Nido CA 95317,Gomes Farms LLC,149 El Nido CA 95317,El Nido 95317,Coyote Rd Merced,Broker,,,,,,,,,,03/27/2024,,2024-03-27,False,UNSURE,,,,,,24.0,,56.0,1344.0,,,46.0,,24 Tons X 56 Loads,,R5-2007-0035_software,1257 W Roosevelt Rd El Nido 2024 Dairy AR,33,34,1,rancho_cordova,manure
Antonio Azevedo Dairy # 4,1257 W Roosevelt Rd El Nido Merced 95317,,,Gomes Farms LLC,P.O. Box 149 El Nido CA 95317,Gomes Farms LLC,149 El Nido CA 95317,El Nido 95317,Coyote Rd Merced,Broker,,,,,,,,,,07/04/2024,,2024-07-04,False,UNSURE,,,,,,24.0,,418.5,10044.0,,,23.4,,418.5 Loads X 24 Tons,,R5-2007-0035_software,1257 W Roosevelt Rd El Nido 2024 Dairy AR,35,36,2,rancho_cordova,manure
Antonio Azevedo Dairy # 4,1257 W Roosevelt Rd El Nido Merced 95317,,,Gomes Farms LLC,P.O. Box 149 El Nido CA 95317,Gomes Farms LLC,149 El Nido CA 95317,El Nido 95317,Coyote Rd Merced,Broker,,,,,,,,,,11/22/2024,,2024-11-22,False,UNSURE,,,,,,24.0,,95.0,2280.0,,,46.0,,95 Loads X 24 Tons,,R5-2007-0035_software,1257 W Roosevelt Rd El Nido 2024 Dairy AR,37,38,3,rancho_cordova,manure
S.A.S Dairy #2,12712 W. Bradbury Rd Turlock CA 95380,,,Joshua Holsapple's Fertilizer Spreading INC.,400 N. Central Avenue Turlock CA 95380,J.H.F.S. INC.,400 N. Central Avenue Turlock 95380,400 N. Central Avenue Turlock 95380,,Broker,,,,,,,,,,5/14/2024,,2024-05-14,False,UNSURE,,,,,,,,,1250.0,,,88.6,,Number Of Truckloads X Average Truck Weight,,R5-2007-0035_general_order,12712 W Bradbury Rd Turlock 2024 Dairy AR,16,17,1,rancho_cordova,manure
Vanderscaff 1,,,,Bruce Mellor INC.,18119 E. Avena Rd Escalon CA 95320,Raul,Raul,Po Box 479 Linden CA 95236,,Other Hyponex,,,,,,,,,,1/1/2024-12/31/2024,2024-01-01,2024-12-31,False,UNSURE,,,,,,,,,,,,,,,,R5-2007-0035_general_order,12739 Murphy Rd Escalon 2024 Dairy AR,81,82,1,rancho_cordova,unknown
Silva Brothers Dairy #1,12997 E. Peltier Road Acampo CA 95220,,,Silva Brothers Dairy #1,12997 E. Peltier Road Acampo CA 95220,Robert Petttersen,20560 Hwy 99 E. Frontage Road Acampo CA 95220,20560 Hwy 99 E. Frontage Road Acampo CA,,,,017-031-025,,,,,,,,4/11/2024,,2024-04-11,False,UNSURE,,,,,,10.0,,40.0,,,,,,40 Loads At 10 Ton Per Load.,,R5-2007-0035_general_order,12997 E Peltier Rd Acampo 2024 Dairy AR,59,60,1,rancho_cordova,unknown
Silva Brothers Dairy #1,12997 E. Peltier Road Acampo CA 95220,,,Silva Brothers Dairy,12997 E. Peltier Road Acampo CA 95220,Rodney Schatz,16100 Alpine Road Lodi CA 9524,18247 N. Treathway Road Lockeford CA,,,,051-016-012,,,,,,,,4/14/24,,2024-04-14,False,UNSURE,,,,,,10.0,,85.0,850.0,,,,71.5,85 Loads At 10 Ton Per Load,,R5-2007-0035_general_order,12997 E Peltier Rd Acampo 2024 Dairy AR,61,62,2,rancho_cordova,manure
Silva Brothers Dairy #1,12997 E. Peltier Road Acampo CA 95220,,,Silva Brothers Dairy,12997 E. Peltier Road Acampo CA 95220,Rodney Schatz,16100 Alpine Road Lodi CA 95240,16200 Alpine Road Lodi CA,,,,051-070-20,,,,,,,,4/24/2024,,2024-04-24,False,UNSURE,,,,,,10.0,,100.0,1000.0,,,,75.6,100 Loads At 10 Ton Per Load,,R5-2007-0035_general_order,12997 E Peltier Rd Acampo 2024 Dairy AR,63,64,3,rancho_cordova,manure
Silva Brothers Dairy #1,12997 E. Peltier Road Acampo CA 95220,,,Silva Brothers Dairy,12997 E. Peltier Road Acampo CA 95220,Rodney Schatz,16100 Alpine Road Lodi CA 9524,22299 Devries Road Lodi CA,,,,013-020-77,,,,,,,,10/16/24,,2024-10-16,False,UNSURE,,,,,,10.0,,92.0,920.0,,,69.0,,92 Loads At 10 Ton Per Load,,R5-2007-0035_general_order,12997 E Peltier Rd Acampo 2024 Dairy AR,65,66,4,rancho_cordova,manure
Silva Brothers Dairy #1,12997 E. Peltier Road Acampo CA 95220,,,Silva Brothers Dairy,12997 E. Peltier Road Acampo CA 95220,Silva Brothers Dairy #2,25723 N. Elliott Road Galt CA 95632,25723 N. Elliott Road Acampo CA 021,,,,007-013-020,,,,,,,,10/10/24,,2024-10-10,False,UNSURE,,,,,,,,,650.0,,,,65.6,65 Loads At 10 To Per Load,,R5-2007-0035_general_order,12997 E Peltier Rd Acampo 2024 Dairy AR,67,68,5,rancho_cordova,manure
Silva Brothers Dairy #1,12997 E. Peltier Road Acampo CA 95220,,,Silva Brothers Dairy,12997 E. Peltier Road Acampo CA 95220,Silva Brothers Dairy #2,25723 N. Elliott Road Galt CA 95632,25723 N. Elliott Road Acampo CA 021,,,,007-013-020,,,,,,,,5/08/24,,2024-05-08,False,UNSURE,,,,,,,,,2000.0,,,,75.6,200 Loads At 10 To Per Load,,R5-2007-0035_general_order,12997 E Peltier Rd Acampo 2024 Dairy AR,69,70,6,rancho_cordova,manure
Silva Brothers Dairy #1,12997 E. Peltier Road Acampo CA 95220,,,Silva Brothers Dairy,12997 E. Peltier Road Acampo CA 95220,Joe Silva,12997 Peltier Road Acampo CA 95220,216 CA State Hwy. 220 Ryde CA,,,,142-0100-031,,,,,,,,10/02/24,,2024-10-02,False,UNSURE,,,,,,10.0,,275.0,2750.0,,,,69.0,275 Loads At 10 Ton Per Load,,R5-2007-0035_general_order,12997 E Peltier Rd Acampo 2024 Dairy AR,71,72,7,rancho_cordova,manure
Silva Brothers Dairy #1,12997 E. Peltier Road Acampo CA 95220,,,Silva's Liquid Injection,22600 N. Pearl Road Acampo CA 95220,Clyde Culbertson,22901 S. Pearl Road Acampo CA 95220,22901 S. Pearl Road Acampo CA 95220 007-280-29,,,,007-280-30,,,,,,,,6/24/2024 To 7/1/2024,2024-06-24,2024-07-01,False,True,,,,,4187310.0,,,,,,,,,,Hauler's Calculations,R5-2007-0035_general_order,12997 E Peltier Rd Acampo 2024 Dairy AR,73,74,8,rancho_cordova,wastewater
Van Steyn Dairy #2,13039 Peilandini Rd Galt Sacramento 95632-8818,,,Case Van Steyn,13039 Pellandini Rd Galt CA 95632,Van Steyn Dairy #1,11823 Carroll Rd Elk Grove CA 95757,11823 Carroll Rd Elk Grove 95757,Sacramento,Farmer,,0132-0240-0049-0000,Sacramento,,,,,,,11/01/2024,,2024-11-01,False,UNSURE,,,,,,,,,,,,,,,,R5-2007-0035_software,13039 Pellandini Rd Galt 2024 Dairy AR,84,85,1,rancho_cordova,unknown
Frank Chaves Dairy #1,E. Harney Lane Lodi 95240,,,Frank Chaves Dairy #1,13080 E. Harney Lane. Lodi 95240,Chaves Dairy #2,12021 E. Harney Lanelodi 95240,Same Lodi,,,,0630-0250-0001-0000,,,,,,,,10/01-11/15/2024,,2024-11-15,False,UNSURE,,,,,,,,,250.0,,,,,Hauler's Estimate V,,R5-2007-0035_general_order,13080 E Harney Ln Lodi 2024 Dairy AR,41,42,1,rancho_cordova,manure
Van Groningen & Sons INC.,13293 Louise Ave. Manteca 95336,,,Victor Brasil,21768 E. Lone Tree Rd. Escalon 95320,,,,,,,0203-0060-0003-0000,,,,,,,,June-Sept. 2024,2024-06-01,2024-09-01,False,UNSURE,,,,,,,,,960.0,,,20.0,,Hauler's Estimation,,R5-2007-0035_general_order,13293 E Louise Ave Manteca 2024 Dairy AR,23,24,1,rancho_cordova,manure
Amarjit Kaile Property,Sargent Ave. Galt 95632,,,Warren Spreading,27613 Sowles Rd. Galt 95632,Umid Babjanov,9500 Robson Rd. Galt 95632,Same,,,,,,,,,,,,October 1-5 2024,2024-10-01,2024-10-05,False,UNSURE,,,,,,,,,780.0,,,50.9,,,,R5-2007-0035_general_order,13340 Sargent Ave Galt 2024 Dairy AR,24,25,1,rancho_cordova,manure
Azevedo Dairy INC.,1337 Magnolia Avenue Patterson CA 95363,,,Azevedo Dairy INC.,1337 Magnolia Avenue Patterson CA 95363,Jca Custom Farming,1343 Magnolia Avenue Patterson 95363,1343 Magnolia Avenue Patterson 95363,,Farmer,,,,,,,,,,5/18/24,,2024-05-18,False,UNSURE,,,,,,,,,1200.0,,,81.3,,Number Of Truckloads X Average Truck Weight,,R5-2007-0035_general_order,1343 Magnolia Ave Patterson 2024 Dairy AR,45,46,1,rancho_cordova,manure
Azevedo Dairy INC.,1337 Magnolia Avenue Patterson CA 95363,,,Azevedo Dairy INC.,1337 Magnolia Avenue Patterson CA 95363,Jca Custom Farming,1343 Magnolia Avenue Patterson 95363,1343 Magnolia Avenue Patterson 95363,,Farmer,,,,,,,,,,10/28/24,,2024-10-28,False,UNSURE,,,,,,,,,1500.0,,,91.3,,Number Of Truckloads X Average Truck Weight,,R5-2007-0035_general_order,1343 Magnolia Ave Patterson 2024 Dairy AR,47,48,2,rancho_cordova,manure
Lima Ranch,13436 N. Thornton Road Lodi CA 95242,,,Joe Avis Farms,4510 Point Pleasant Rd. Elk Grove CA 95757,Joe Avis Farms,4510 Point Pleasant Road Elk Grove CA 95757,4510 Point Pleasant Road Elk Grove CA 95757,,,,,,,,,,,,8/14/2024,,2024-08-14,False,UNSURE,,,,,,25.0,,120.0,3000.0,,,,54.8,120 Loads At 25 Ton Per Load,,R5-2013-0122_general_order,13436 N Thornton Rd Lodi 2024 Dairy AR,105,106,1,rancho_cordova,manure
Parkview Dairy,,,,Jerry Holsapple Manure Spreading,19085 Bradbury Rd. Turlock 95380,Jerry Holsapple Manure Spreading,19085 W.Bradbury Turlock 95380,,,,,,,,,,,,,1/17/24,,2024-01-17,False,UNSURE,,,,,,,,,3020.0,,,,,20 Yard Spreader Box,,R5-2007-0035_general_order,13640 Collier Rd Delhi 2024 Dairy AR,97,98,1,rancho_cordova,manure
Parkview Dairy,,,,Jerry Holsapple Manure Spreading,19085 Bradbury Rd. Turlock 95380,Jerry Holsapple Manure Spreading,19085 W.Bradbury Turlock 95380,,,,,,,,,,,,,4/3/24,,2024-04-03,False,UNSURE,,,,,,,,,520.0,,,,,20 Yard Spreader Box,,R5-2007-0035_general_order,13640 Collier Rd Delhi 2024 Dairy AR,99,100,2,rancho_cordova,manure
Parkview Dairy,,,,Jerry Holsapple Manure Spreading,19085 Bradbury Rd. Turlock 95380,Jerry Holsapple Manure Spreading,19085 W.Bradbury Turlock 95380,,,,,,,,,,,,,2/27/24,,2024-02-27,False,UNSURE,,,,,,,,,1160.0,,,,,20 Yard Spreader Box,,R5-2007-0035_general_order,13640 Collier Rd Delhi 2024 Dairy AR,101,102,3,rancho_cordova,manure
Parkview Dairy,,,,Jerry Holsapple Manure Spreading,19085 Bradbury Rd. Turlock 95380,Jerry Holsapple Manure Spreading,19085 W.Bradbury Turlock 95380,,,,,,,,,,,,,4/10/24,,2024-04-10,False,UNSURE,,,,,,,,,2980.0,,,,,20 Yard Spreader Box,,R5-2007-0035_general_order,13640 Collier Rd Delhi 2024 Dairy AR,103,104,4,rancho_cordova,manure
Parkview Dairy,,,,Jerry Holsapple Manure Spreading,19085 Bradbury Rd. Turlock 95380,Jerry Holsapple Manure Spreading,19085 W.Bradbury Turlock 95380,,,,,,,,,,,,,7/24/24,,2024-07-24,False,UNSURE,,,,,,,,,360.0,,,,,20 Yard Spreader Box,,R5-2007-0035_general_order,13640 Collier Rd Delhi 2024 Dairy AR,105,106,5,rancho_cordova,manure
Parkview Dairy,,,,Jerry Holsapple Manure Spreading,19085 Bradbury Rd. Turlock 95380,Jerry Holsapple Manure Spreading,19085 W.Bradbury Turlock 95380,,,,,,,,,,,,,6/5/24,,2024-06-05,False,UNSURE,,,,,,,,,380.0,,,,,20 Yard Spreader Box,,R5-2007-0035_general_order,13640 Collier Rd Delhi 2024 Dairy AR,107,108,6,rancho_cordova,manure
Parkview Dairy,,,,Jerry Holsapple Manure Spreading,19085 Bradbury Rd. Turlock 95380,Jerry Holsapple Manure Spreading,19085 W.Bradbury Turlock 95380,,,,,,,,,,,,,12/14/24,,2024-12-14,False,UNSURE,,,,,,,,,,,,,,20 Yard Spreader Box,,R5-2007-0035_general_order,13640 Collier Rd Delhi 2024 Dairy AR,109,110,7,rancho_cordova,unknown
Parkview Dairy,,,,Jerry Holsapple Manure Spreading,19085 Bradbury Rd Turlock 95380,Jerry Holsapple Manure Spreading,19085 W.Bradbury Turlock 95380,,,,,,,,,,,,,10/31/24,,2024-10-31,False,UNSURE,,,,,,,,,2820.0,,,,,20 Yard Spreader Box,,R5-2007-0035_general_order,13640 Collier Rd Delhi 2024 Dairy AR,111,112,8,rancho_cordova,manure
Parkview Dairy,,,,Jerry Holsapple Manure Spreading,19085 Bradbury Rd Turlock 95380,Jerry Holsapple Manure Spreading,19085 W.Bradbury Turlock 95380,,,,,,,,,,,,,9/25/24,,2024-09-25,False,UNSURE,,,,,,,,,580.0,,,,,20 Yard Spreader Box,,R5-2007-0035_general_order,13640 Collier Rd Delhi 2024 Dairy AR,113,114,9,rancho_cordova,manure
Parkview Dairy,,,,Jerry Holsapple Manure Spreading,19085 Bradbury Rd. Turlock 95380,Jerry Holsapple Manure Spreading,19085 W.Bradbury Turlock 95380,,,,,,,,,,,,,12/6/24,,2024-12-06,False,UNSURE,,,,,,,,,,,,,,20 Yard Spreader Box,,R5-2007-0035_general_order,13640 Collier Rd Delhi 2024 Dairy AR,115,116,10,rancho_cordova,unknown
Parkview Dairy,,,,Jerry Holsapple Manure Spreading,19085 Bradbury Rd. Turlock 95380,Jerry Holsapple Manure Spreading,19085 W.Bradbury Turlock 95380,,,,,,,,,,,,,12/13/24,,2024-12-13,False,UNSURE,,,,,,,,,2180.0,,,,,20 Yard Spreader Box,,R5-2007-0035_general_order,13640 Collier Rd Delhi 2024 Dairy AR,117,118,11,rancho_cordova,manure
Parkview Dairy,,,,Jerry Holsapple Manure Spreading,19085 Bradbury Rd. Turlock 95380,Jerry Holsapple Manure Spreading,19085 W.Bradbury Turlock 95380,,,,,,,,,,,,,12/31/24,,2024-12-31,False,UNSURE,,,,,,,,,840.0,,,,,20 Yard Spreader Box,,R5-2007-0035_general_order,13640 Collier Rd Delhi 2024 Dairy AR,119,120,12,rancho_cordova,manure
Martins View Jersey Dairy INC,1369 S Hunt Rd Gustine Merced 95322,,,J&F Fertilizer,1275 North Ave Gustine CA 95322,J&F Fertilizer,1275 North Ave Gustine CA 95322,1275 North Ave Gustine 95322,Merced,Composting Facility,,,,,,,,,,12/15/2024,,2024-12-15,False,UNSURE,,,,,,,,,1650.0,,,59.6,,Total Loads Multiplied By Average Load Weight,,R5-2007-0035_software,1369 S Hunt Rd Gustine 2024 Dairy AR,50,51,1,rancho_cordova,manure
Martins View Jersey Dairy INC,1369 S Hunt Rd Gustine Merced 95322,,,J&F Fertilizer,1275 North Ave Gustine CA 95322,Martins View Heifer Facility,29120 Fentem Rd Gustine CA 95322,29120 Fentem Rd Gustine 95322,Merced,Farmer,,,,,,,,,,05/07/2024,,2024-05-07,False,UNSURE,,,,,,,,,2520.0,,,32.0,,Total Loads Multiplied By Average Load Weight,,R5-2007-0035_software,1369 S Hunt Rd Gustine 2024 Dairy AR,52,53,2,rancho_cordova,manure
Martins View Jersey Dairy INC,1369 S Hunt Rd Gustine Merced 95322,,,Martins View Jersey Dairy INC,1000 Red Lion Ct Newman CA 95360,Martins View Jersey #2,1000 Red Lion Ct Newman CA 95360,28336 W Bambauer Rd Gustine 95322,Merced,Farmer,,,,,,,,,,01/01/2024,,2024-01-01,False,UNSURE,,,,,840174.0,,,,,,,,,,Pond Drop Calculation,R5-2007-0035_software,1369 S Hunt Rd Gustine 2024 Dairy AR,54,55,3,rancho_cordova,wastewater
Martins View Jersey Dairy INC,1369 S Hunt Rd Gustine Merced 95322,,,Martins View Jersey Dairy INC,1000 Red Lion Ct Newman CA 95360,Martins View Jersey #2,1000 Red Lion Ct Newman CA 95360,28336 W Bambauer Rd Gustine 95322,Merced,Farmer,,,,,,,,,,03/20/2024,,2024-03-20,False,UNSURE,,,,,538220.0,,,,,,,,,,Pond Drop Calculation,R5-2007-0035_software,1369 S Hunt Rd Gustine 2024 Dairy AR,56,57,4,rancho_cordova,wastewater
Martins View Jersey Dairy INC,1369 S Hunt Rd Gustine Merced 95322,,,Martins View Jersey Dairy INC,1000 Red Lion Ct Newman CA 95360,Martins View Jersey #2,1000 Red Lion Ct Newman CA 95360,28336 W Bambauer Rd Gustine 95322,Merced,Farmer,,,,,,,,,,06/16/2024,,2024-06-16,False,UNSURE,,,,,636845.0,,,,,,,,,,Pond Drop Calculation,R5-2007-0035_software,1369 S Hunt Rd Gustine 2024 Dairy AR,58,59,5,rancho_cordova,wastewater
Martins View Jersey Dairy INC,1369 S Hunt Rd Gustine Merced 95322,,,Martins View Jersey Dairy INC,1000 Red Lion Ct Newman CA 95360,Martins View Jersey #2,1000 Red Lion Ct Newman CA 95360,28336 W Bambauer Rd Gustine 95322,Merced,Farmer,,,,,,,,,,08/15/2024,,2024-08-15,False,UNSURE,,,,,1126270.0,,,,,,,,,,Pond Drop Calculation,R5-2007-0035_software,1369 S Hunt Rd Gustine 2024 Dairy AR,60,61,6,rancho_cordova,wastewater
Martins View Jersey Dairy INC,1369 S Hunt Rd Gustine Merced 95322,,,Martins View Jersey Dairy INC,1000 Red Lion Ct Newman CA 95360,Martins View Jersey #2,1000 Red Lion Ct Newman CA 95360,28336 W Bambauer Rd Gustine 95322,Merced,Farmer,,,,,,,,,,08/25/2024,,2024-08-25,False,UNSURE,,,,,333885.0,,,,,,,,,,Pond Drop Calculation,R5-2007-0035_software,1369 S Hunt Rd Gustine 2024 Dairy AR,62,63,7,rancho_cordova,wastewater
Healy Ranch (Formally Guilherme Brasil Dairy),13701 S Hwy 59 El Nido Merced 95317,,,Shuteye Transco LLC,24662 Road 9 Chowchilla CA 93610,Flying M Ranch,1234 Mcnamara Rd Chowchilla CA 95341,,,Farmer,,0066-0150-0001-0000,Merced,,,,,,,05/15/2024,,2024-05-15,False,UNSURE,,,,,,,,,1700.0,,,27.3,,Number Of Loads Multiplied By Load Weight,,R5-2007-0035_software,13701 S Hwy 59 El Nido 2024 Dairy AR,89,90,1,rancho_cordova,manure
Healy Ranch (Formally Guilherme Brasil Dairy),13701 S Hwy 59 El Nido Merced 95317,,,Shuteye Transco LLC,24662 Road 9 Chowchilla CA 93610,Flying M Ranch,1234 Mcnamara Rd Chowchilla CA 95341,,,Farmer,,0066-0150-0001-0000,Merced,,,,,,,05/20/2024,,2024-05-20,False,UNSURE,,,,,,,,,2400.0,,,27.3,,Number Of Loads Multiplied By Load Weight.,,R5-2007-0035_software,13701 S Hwy 59 El Nido 2024 Dairy AR,91,92,2,rancho_cordova,manure
Healy Ranch (Formally Guilherme Brasil Dairy),13701 S Hwy 59 El Nido Merced 95317,,,Gomes Farms INC.,13625 Coyote Rd El Nido CA 95317,Gomes Farms INC.,13625 Coyote Rd El Nido CA 95317,13625 Coyote Rd El Nido 95317,Madera,Farmer,,,,,,,,,,07/08/2024,,2024-07-08,False,UNSURE,,,,,,,,,850.0,,,35.6,,Number Of Loads Multiplied By Load Weight,,R5-2007-0035_software,13701 S Hwy 59 El Nido 2024 Dairy AR,93,94,3,rancho_cordova,manure
Healy Ranch (Formally Guilherme Brasil Dairy),13701 S Hwy 59 El Nido Merced 95317,,,Shuteye Transco LLC,24662 Road 9 Chowchilla CA 93610,Flying M Ranch,1234 Mcnamara Rd Chowchilla CA 95341,,,Farmer,,0066-0150-0001-0000,Merced,,,,,,,10/08/2024,,2024-10-08,False,UNSURE,,,,,,,,,425.0,,,95.5,,Number Of Loads Multiplied By Load Weight,,R5-2007-0035_software,13701 S Hwy 59 El Nido 2024 Dairy AR,95,96,4,rancho_cordova,manure
Healy Ranch (Formally Guilherme Brasil Dairy),13701 S Hwy 59 El Nido Merced 95317,,,Shuteye Transco LLC,24662 Road 9 Chowchilla CA 93610,Flying M Ranch,1234 Mcnamara Rd Chowchilla CA 95341,,,Farmer,,0066-0150-0001-0000,Merced,,,,,,,10/10/2024,,2024-10-10,False,UNSURE,,,,,,,,,625.0,,,35.6,,Number Of Loads Multiplied By Load Weight,,R5-2007-0035_software,13701 S Hwy 59 El Nido 2024 Dairy AR,97,98,5,rancho_cordova,manure
Vanderscaff 3,,,,Bruce Mellor INC.,18119 E. Avena Rd Escalon CA 95320,Alajandro,Alajandro,12686 Locke Rd. Lockford CA 95237,,Other Kelloggs,,,,,,,,,,1/1/2024-12/31/2024,2024-01-01,2024-12-31,False,UNSURE,,,,,,,,,,,,,,,,R5-2007-0035_general_order,13775 Murphy Rd Escalon 2024 Dairy AR,80,81,1,rancho_cordova,unknown
Alden Peterson & Sons Dairy,1431 N. Central Ave. Turlock CA 95380,,,Five Star,219 Jenson Rd. Gustine CA 95322,Gioletii INC.,1007 Fulkerth Rd. Turlock 95380,,,,,022-022-013,,,,,,,,4/18/24,,2024-04-18,False,UNSURE,,,,,,,,,,,,,,@ 12 Tons Per Load,,R5-2007-0035_general_order,"1431 N Central Ave, Turlock 2024 Dairy AR",58,59,1,rancho_cordova,unknown
Alden Peterson & Sons Dairy,1431 N. Central Ave. Turlock CA 95380,,,Five Star,219 Jenson Rd. Gustine CA 95322,Gioletii INC.,1007 Fulkerth Rd. Turlock 95380,,,,,022-022-013,,,,,,,,9/10/24,,2024-09-10,False,UNSURE,,,,,,,,,700.0,,,,,@ 12 Tons Per Load,,R5-2007-0035_general_order,"1431 N Central Ave, Turlock 2024 Dairy AR",60,61,2,rancho_cordova,manure
Alden Peterson & Sons Dairy,1431 N. Central Ave Turlock 95380,,,,,Gioletti INC,10007 Fulkerth Rd. Ceres 95307,,,,,0022-0021-0007,,,,,,,,1/4/24,,2024-01-04,False,UNSURE,,,,,10000.0,,,,,,,,,,Po,R5-2007-0035_general_order,"1431 N Central Ave, Turlock 2024 Dairy AR",62,63,3,rancho_cordova,wastewater
Alden Peterson & Sons Dairy,1431 N. Central Ave Turlock 95380,,,,,Gioletti INC,10007 Fulkerth Rd. Ceres 95307,,,,,0022-0021-0007,,,,,,,,2/17/24,,2024-02-17,False,UNSURE,,,,,432.0,,,,,,,,,,Po,R5-2007-0035_general_order,"1431 N Central Ave, Turlock 2024 Dairy AR",64,65,4,rancho_cordova,wastewater
Alden Peterson & Sons Dairy,1431 N. Central Ave Turlock 95380,,,,,Gioletti INC,10007 Fulkerth Rd. Ceres 95307,,,,,0022-0021-0007,,,,,,,,3/2/24,,2024-03-02,False,UNSURE,,,,,4886000.0,,,,,,,,,,Po,R5-2007-0035_general_order,"1431 N Central Ave, Turlock 2024 Dairy AR",66,67,5,rancho_cordova,wastewater
Alden Peterson & Sons Dairy,1431 N. Central Ave Turlock 95380,,,,,Gioletti INC,10007 Fulkerth Rd. Ceres 95307,,,,,0022-0021-0007,,,,,,,,3/10/24,,2024-03-10,False,UNSURE,,,,,640000.0,,,,,,,,,,Po,R5-2007-0035_general_order,"1431 N Central Ave, Turlock 2024 Dairy AR",68,69,6,rancho_cordova,wastewater
Alden Peterson & Sons Dairy,1431 N. Central Ave Turlock 95380,,,,,Gioletti INC,10007 Fulkerth Rd. Ceres 95307,,,,,0022-0021-0007,,,,,,,,5/3-5/4,2024-05-03,2024-05-04,False,UNSURE,,,,,,,,,,,,,,,Po,R5-2007-0035_general_order,"1431 N Central Ave, Turlock 2024 Dairy AR",70,71,7,rancho_cordova,unknown
Alden Peterson & Sons Dairy,1431 N. Central Ave Turlock 95380,,,,,Gioletti INC,10007 Fulkerth Rd. Ceres 95307,,,,,0022-0021-0007,,,,,,,,6/1/24,,2024-06-01,False,UNSURE,,,,,1539000.0,,,,,,,,,,Po,R5-2007-0035_general_order,"1431 N Central Ave, Turlock 2024 Dairy AR",72,73,8,rancho_cordova,wastewater
Alden Peterson & Sons Dairy,1431 N. Central Ave Turlock 95380,,,,,Gioletti INC,10007 Fulkerth Rd. Ceres 95307,,,,,0022-0021-0007,,,,,,,,6/12-6/13,2024-06-12,2024-06-13,False,UNSURE,,,,,972.0,,,,,,,,,,Po,R5-2007-0035_general_order,"1431 N Central Ave, Turlock 2024 Dairy AR",74,75,9,rancho_cordova,wastewater
Alden Peterson & Sons Dairy,1431 N. Central Ave Turlock 95380,,,,,Gioletti INC,10007 Fulkerth Rd. Ceres 95307,,,,,0022-0021-0007,,,,,,,,6/22-4123,2024-04-23,2024-06-22,False,UNSURE,,,,,1242000.0,,,,,,,,,,Po,R5-2007-0035_general_order,"1431 N Central Ave, Turlock 2024 Dairy AR",76,77,10,rancho_cordova,wastewater
Alden Peterson & Sons Dairy,1431 N. Central Ave Turlock 95380,,,,,Gioletti INC,10007 Fulkerth Rd. Ceres 95307,,,,,0022-0021-0007,,,,,,,,7/1/24,,2024-07-01,False,UNSURE,,,,,77500.0,,,,,,,,,,Po,R5-2007-0035_general_order,"1431 N Central Ave, Turlock 2024 Dairy AR",78,79,11,rancho_cordova,wastewater
Alden Peterson & Sons Dairy,1431 N. Central Ave Turlock 95380,,,,,Gioletti INC,10007 Fulkerth Rd. Ceres 95307,,,,,0022-0021-0007,,,,,,,,7/8/24,,2024-07-08,False,UNSURE,,,,,729000.0,,,,,,,,,,Po,R5-2007-0035_general_order,"1431 N Central Ave, Turlock 2024 Dairy AR",80,81,12,rancho_cordova,wastewater
Alden Peterson & Sons Dairy,1431 N. Central Ave Turlock 95380,,,,,Gioletti INC,10007 Fulkerth Rd. Ceres 95307,,,,,0022-0021-0007,,,,,,,,7/16/24,,2024-07-16,False,UNSURE,,,,,100000.0,,,,,,,,,,Po,R5-2007-0035_general_order,"1431 N Central Ave, Turlock 2024 Dairy AR",82,83,13,rancho_cordova,wastewater
Alden Peterson & Sons Dairy,1431 N. Central Ave Turlock 95380,,,,,Gioletti INC,10007 Fulkerth Rd. Ceres 95307,,,,,0022-0021-0007,,,,,,,,7/21/24,,2024-07-21,False,UNSURE,,,,,945000.0,,,,,,,,,,Po,R5-2007-0035_general_order,"1431 N Central Ave, Turlock 2024 Dairy AR",84,85,14,rancho_cordova,wastewater
Alden Peterson & Sons Dairy,1431 N. Central Ave Turlock 95380,,,,,Gioletti INC,10007 Fulkerth Rd. Ceres 95307,,,,,0022-0021-0007,,,,,,,,7128-7131,2024-07-28,2024-07-31,False,UNSURE,,,,,2747500.0,,,,,,,,,,Po,R5-2007-0035_general_order,"1431 N Central Ave, Turlock 2024 Dairy AR",86,87,15,rancho_cordova,wastewater
Alden Peterson & Sons Dairy,1431 N. Central Ave Turlock 95380,,,,,Gioletti INC,10007 Fulkerth Rd. Ceres 95307,,,,,0022-0021-0007,,,,,,,,0/8-019,,,False,UNSURE,,,,,2133000.0,,,,,,,,,,Po,R5-2007-0035_general_order,"1431 N Central Ave, Turlock 2024 Dairy AR",88,89,16,rancho_cordova,wastewater
Alden Peterson & Sons Dairy,1431 N. Central Ave Turlock 95380,,,,,Gioletti INC,10007 Fulkerth Rd. Ceres 95307,,,,,0022-0021-0007,,,,,,,,00/18-8/19,,2024-08-19,False,UNSURE,,,,,1917000.0,,,,,,,,,,Po,R5-2007-0035_general_order,"1431 N Central Ave, Turlock 2024 Dairy AR",90,91,17,rancho_cordova,wastewater
Alden Peterson & Sons Dairy,1431 N. Central Ave Turlock 95380,,,,,Gioletti INC,10007 Fulkerth Rd. Ceres 95307,,,,,0022-0021-0007,,,,,,,,8/29-8/30,2024-08-29,2024-08-30,False,UNSURE,,,,,1971000.0,,,,,,,,,,Po,R5-2007-0035_general_order,"1431 N Central Ave, Turlock 2024 Dairy AR",92,93,18,rancho_cordova,wastewater
Alden Peterson & Sons Dairy,1431 N. Central Ave Turlock 95380,,,,,Gioletti INC,10007 Fulkerth Rd. Ceres 95307,,,,,0022-0021-0007,,,,,,,,9/13/24,,2024-09-13,False,UNSURE,,,,,931500.0,,,,,,,,,,Po,R5-2007-0035_general_order,"1431 N Central Ave, Turlock 2024 Dairy AR",94,95,19,rancho_cordova,wastewater
Alden Peterson & Sons Dairy,1431 N. Central Ave Turlock 95380,,,,,Gioletti INC,10007 Fulkerth Rd. Ceres 95307,,,,,0022-0021-0007,,,,,,,,9/23/24,,2024-09-23,False,UNSURE,,,,,702000.0,,,,,,,,,,Po,R5-2007-0035_general_order,"1431 N Central Ave, Turlock 2024 Dairy AR",96,97,20,rancho_cordova,wastewater
Alden Peterson & Sons Dairy,1431 N. Central Ave Turlock 95380,,,,,Gioletti INC,10007 Fulkerth Rd. Ceres 95307,,,,,0022-0021-0007,,,,,,,,10/5/24,,2024-10-05,False,UNSURE,,,,,1350000.0,,,,,,,,,,Po,R5-2007-0035_general_order,"1431 N Central Ave, Turlock 2024 Dairy AR",98,99,21,rancho_cordova,wastewater
Postma Dairy,; 1439 Albers Road Modesto CA 95357,,,Postma Dairy,1439 Albers Road Modesto CA 95357,Gomes Ranch,8219 Rice Road Oakdale CA 95361,8231 Rice Road Oakdale CA,,,,014-009-013,,,,,,,,5/10/2024,,2024-05-10,False,UNSURE,,,,,,10.0,,52.0,,,,,74.3,52 Loads At 10 Ton Per Load,,R5-2013-0122_general_order,1439 Albers Rd Modesto 2024 Dairy AR,121,122,1,rancho_cordova,unknown
Fragoso Dairy #2,14691 Brennan Road Escalon CA 95320,,,Brasil & Sons,21768 E. Lone Tree Road Escalon CA 95320,Brasil & Sons,21768 E. Lone Tree Road Escalon CA 95320,20623 E. Lone Tree Road Escalon CA,,,,205-110-04,,,,,,,,10/14/2024,,2024-10-14,False,UNSURE,,,,,,10.0,,172.0,1720.0,,,,35.2,172 Loads At 10 Ton Per Load,,R5-2013-0122_general_order,14691 S Brennan Rd Escalon 2024 Dairy AR,21,22,1,rancho_cordova,manure
Haringa Dairy,14842 E. Keyes Rd. Denair 95316,,,Johnson Farms,P.O. Box 868 Denair 95316,Johnson Farms P.O. Box,868 Denair 95316,4618 N. Montpelier Rd. Denair 95316,,,,,,,,,,,,1/11/24,,2024-01-11,False,UNSURE,,,,,,,,,,,,,,Hauler's Calculation,,R5-2007-0035_general_order,14842 E Keyes Rd Denair 2024 Dairy AR,41,42,1,rancho_cordova,unknown
Haringa Dairy,14842 E. Keyes Rd. Denair 95316,,,Johnson Farms,P.O. Box 868 Denair 95316,Johnson Farms P.O. Box,868 Denair 95316,4618 N. Montpelier Rd. Denair 95316,,,,,,,,,,,,11/2/24,,2024-11-02,False,UNSURE,,,,,,,,,2700.0,,,,49.9,Hauler's Calculation,,R5-2007-0035_general_order,14842 E Keyes Rd Denair 2024 Dairy AR,44,45,2,rancho_cordova,manure
Ivy Star Dairy LLC,14903 Volta Rd Los Banos Merced 93635,,,F And Alagoon Management,2930 Geer Rd Turlock CA 95382,David Santos Farming,720 Jefferson Ave Los Banos CA 93635,720 Jefferson Ave Los Banos 93635,Merced,Farmer,,,,,,,,,,04/30/2024,,2024-04-30,False,True,,,,,2820000.0,,,,,,,,,,10000 Gallons Per Load X 282 Loads,R5-2007-0035_software,14903 S Volta Rd Los Banos 2024 Dairy AR,32,33,1,,wastewater
Ivy Star Dairy LLC,14903 Volta Rd Los Banos Merced 93635,,,David Santos Farming,720 Jfferson Ave Los Banos CA 93635,David Santos Farming,720 Jefferson Ave Los Banos CA 93635,720 Jefferson Ave Los Banos 93635,Merced,Farmer,,,,,,,,,,07/24/2024,,2024-07-24,False,UNSURE,,,,,,,,,4128.0,,,42.3,,Tons Per Load,,R5-2007-0035_software,14903 S Volta Rd Los Banos 2024 Dairy AR,34,35,2,,manure
Alamo Dairy,1500 W. Fulkerth Rd. Crowslanding 95313,,,Self-Hauled,1500 W. Fulkerth Rd Crowslanding,Ja Machado Farming,8842 Moffett Rd. Ceres 95307,,,,,022-034-011,,,,,,,,4112.5/5,,,False,UNSURE,,,,,,,,,,,,,,@ 12 Tons Per Load,,R5-2007-0035_general_order,1500 Fulkerth Rd Crows Landing 2024 Dairy AR,15,16,1,rancho_cordova,unknown
Alamo Dairy,1500 W. Fulkerth Rd. Crowslanding 95313,,,Self Hauled,1500 W Fulkekthed Cronslandum,Ja Machado Farming,8842 Moffett Rd. Ceres 95307,,,,,022-034-011,,,,,,,,10/5-11/20,2024-10-05,2024-11-20,False,UNSURE,,,,,,,,,,,,,,@12 Tons Per Load,,R5-2007-0035_general_order,1500 Fulkerth Rd Crows Landing 2024 Dairy AR,17,18,2,rancho_cordova,unknown
Alamo Dairy,1500 W. Fulkerth Rd. Crowslanding 95313,,,,,Ja Machado Farming,8842 Moffett Rd. Ceres 95307,,,,,022-034-011,,,,,,,,112-115,2024-01-12,2024-01-15,False,UNSURE,,,,,436155.0,,,,,,,,,,Pd,R5-2007-0035_general_order,1500 Fulkerth Rd Crows Landing 2024 Dairy AR,19,20,3,rancho_cordova,wastewater
Alamo Dairy,1500 W. Fulkerth Rd. Crowslanding 95313,,,,,Ja Machado Farming,8842 Moffett Rd. Ceres 95307,,,,,022-034-011,,,,,,,,1/17-1121,2024-01-17,2024-01-21,False,UNSURE,,,,,719922.0,,,,,,,,,,Pd,R5-2007-0035_general_order,1500 Fulkerth Rd Crows Landing 2024 Dairy AR,21,22,4,rancho_cordova,wastewater
Alamo Dairy,1500 W. Fulkerth Rd. Crowslanding 95313,,,,,Ja Machado Farming,8842 Moffett Rd. Ceres 95307,,,,,022-034-011,,,,,,,,1131-2/12,2024-01-31,2024-02-12,False,UNSURE,,,,,4574139.0,,,,,,,,,,Pd,R5-2007-0035_general_order,1500 Fulkerth Rd Crows Landing 2024 Dairy AR,23,24,5,rancho_cordova,wastewater
Alamo Dairy,1500 W. Fulkerth Rd. Crowslanding 95313,,,,,Ja Machado Farming,8842 Moffett Rd. Ceres 95307,,,,,022-034-011,,,,,,,,210-2/20,2024-02-10,2024-02-20,False,UNSURE,,,,,3302792.0,,,,,,,,,,Pd,R5-2007-0035_general_order,1500 Fulkerth Rd Crows Landing 2024 Dairy AR,25,26,6,rancho_cordova,wastewater
Alamo Dairy,1500 W. Fulkerth Rd. Crowslanding 95313,,,,,Ja Machado Farming,8842 Moffett Rd. Ceres 95307,,,,,022-034-011,,,,,,,,3122-3/31,2024-03-22,2024-03-31,False,UNSURE,,,,,1642490.0,,,,,,,,,,Pd,R5-2007-0035_general_order,1500 Fulkerth Rd Crows Landing 2024 Dairy AR,27,28,7,rancho_cordova,wastewater
Alamo Dairy,1500 W. Fulkerth Rd. Crowslanding 95313,,,,,Ja Machado Farming,8842 Moffett Rd. Ceres 95307,,,,,022-034-011,,,,,,,,510-520,2024-05-10,2024-05-20,False,UNSURE,,,,,3266197.0,,,,,,,,,,Pd,R5-2007-0035_general_order,1500 Fulkerth Rd Crows Landing 2024 Dairy AR,29,30,8,rancho_cordova,wastewater
Alamo Dairy,1500 W. Fulkerth Rd. Crowslanding 95313,,,,,Ja Machado Farming,8842 Moffett Rd. Ceres 95307,,,,,022-034-011,,,,,,,,6123-6/9,2024-06-09,2024-06-23,False,UNSURE,,,,,2362602.0,,,,,,,,,,Pd,R5-2007-0035_general_order,1500 Fulkerth Rd Crows Landing 2024 Dairy AR,31,32,9,rancho_cordova,wastewater
Alamo Dairy,1500 W. Fulkerth Rd. Crowslanding 95313,,,,,Ja Machado Farming,8842 Moffett Rd. Ceres 95307,,,,,022-034-011,,,,,,,,7/3-718,2024-07-03,2024-07-18,False,UNSURE,,,,,3347037.0,,,,,,,,,,Pd,R5-2007-0035_general_order,1500 Fulkerth Rd Crows Landing 2024 Dairy AR,33,34,10,rancho_cordova,wastewater
Alamo Dairy,1500 W. Fulkerth Rd. Crowslanding 95313,,,,,Ja Machado Farming,8842 Moffett Rd. Ceres 95307,,,,,022-034-011,,,,,,,,7117-7/22,2024-07-17,2024-07-22,False,UNSURE,,,,,4269537.0,,,,,,,,,,Pd,R5-2007-0035_general_order,1500 Fulkerth Rd Crows Landing 2024 Dairy AR,35,36,11,rancho_cordova,wastewater
Alamo Dairy,1500 W. Fulkerth Rd. Crowslanding 95313,,,,,Ja Machado Farming,8842 Moffett Rd. Ceres 95307,,,,,022-034-011,,,,,,,,7/30-018,,2024-07-30,False,UNSURE,,,,,4691025.0,,,,,,,,,,Pd,R5-2007-0035_general_order,1500 Fulkerth Rd Crows Landing 2024 Dairy AR,37,38,12,rancho_cordova,wastewater
Alamo Dairy,1500 W. Fulkerth Rd. Crowslanding 95313,,,,,Ja Machado Farming,8842 Moffett Rd. Ceres 95307,,,,,022-034-011,,,,,,,,0114-0128,2024-01-14,2024-01-28,False,UNSURE,,,,,5113210.0,,,,,,,,,,Pd,R5-2007-0035_general_order,1500 Fulkerth Rd Crows Landing 2024 Dairy AR,39,40,13,rancho_cordova,wastewater
Alamo Dairy,1500 W. Fulkerth Rd. Crowslanding 95313,,,,,Ja Machado Farming,8842 Moffett Rd. Ceres 95307,,,,,022-034-011,,,,,,,,12/24-12/29,2024-12-24,2024-12-29,False,UNSURE,,,,,3846349.0,,,,,,,,,,Pd,R5-2007-0035_general_order,1500 Fulkerth Rd Crows Landing 2024 Dairy AR,41,42,14,rancho_cordova,wastewater
Alamo Dairy,1500 W. Fulkerth Rd. Crowslanding 95313,,,Fca Lagoon Management,2930 Geek Rd. Tuklock 95300,Ja Machado Farming,8842 Moffett Rd. Ceres 95307,,,,,058-001-015022-037-004058-002-003,,,,,,,,11/13-11/15,2024-11-13,2024-11-15,False,True,,,,,,,,,,,,,,,@ 10000 Gallons Per Load,R5-2007-0035_general_order,1500 Fulkerth Rd Crows Landing 2024 Dairy AR,43,44,15,rancho_cordova,unknown
Lockwood Iii Dairy,15343 Tim Bell Rd. Waterford 95386,,,Hinds Spreading,19075 Third Ave. Stevinson 95374,Peterson Farms,2902 Tim Bell Rd Waterford 95386,Same Waterford 95386,,,,,,,,,,,,5/01-Amount Hauled,,2024-05-01,False,UNSURE,,,,,,,,,1330.0,,,,,Hauler's Estimation,,R5-2007-0035_general_order,15343 Tim Bell Rd Waterford 2024 Dairy AR,26,27,1,rancho_cordova,manure
Lockwood Iii Dairy,15343 Tim Bell Rd. Waterford 95386,,,5M Hay & Ag,1831,Same,Same,Denair,,,,0020-0006-0027-0000,,,,,,,,September 5-7 2024,2024-09-05,2024-09-07,False,UNSURE,,,,,,,,,1000.0,,,14.7,,Hauler's Estimate.,,R5-2007-0035_general_order,15343 Tim Bell Rd Waterford 2024 Dairy AR,28,29,2,rancho_cordova,manure
Vanderscaff 2,,,,Bruce Mellor INC.,18119 E. Avena Rd. Escalon CA 95320,Alajandro,Alajandro,12686 Locke Rd. Lockford CA 95237,,Other Kelloggs,,,,,,,,,,1/1/2024-12/31/2024,2024-01-01,2024-12-31,False,UNSURE,,,,,,,,,,,,,,,,R5-2007-0035_general_order,15355 S Van Allen Rd Escalon 2024 Dairy AR,64,65,1,rancho_cordova,unknown
Antonio Brasil Dairy,15373 S Flanagan Rd Dos Palos Merced 93620,,,Azevedo Trucking,18108 Lexington Ave Dos Palos CA 93620,Azevedo Trucking,18108 Lexington Ave Dos Palos CA 93620,Dos Palos 93620,Lexington Ave Merced,Broker,,,,,,,,,,07/09/2024,,2024-07-09,False,UNSURE,,,,,,,,,7135.0,,,34.6,,Tons Per Load X Loads,,R5-2007-0035_software,15373 S Flanagan Rd Dos Palos 2024 Poultry AR,77,78,1,,manure
Antonio Brasil Dairy,15373 S Flanagan Rd Dos Palos Merced 93620,,,Azevedo Trucking,18108 Lexington Ave Dos Palos CA 93620,Azevedo Trucking,18108 Lexington Ave Dos Palos CA 93620,Dos Palos 93620,Lexington Ave Merced,Broker,,,,,,,,,,11/07/2024,,2024-11-07,False,UNSURE,,,,,,,,,4565.0,,,34.6,,Tons Per Load X Loads,,R5-2007-0035_software,15373 S Flanagan Rd Dos Palos 2024 Poultry AR,79,80,2,,manure
O'banion Ranches,15775 S Indiana Rd Dos Palos Merced 93620,,,Azevedo Brothers Trucking,6445 W Hwy 152 Dos Palos CA 93620,Curran Ranch,15735 Indiana Rd Dos Palos CA 93620,15735 Indiana Rd Dos Palos 93620,Merced,Farmer,,,,,,,,,,10/15/2024,,2024-10-15,False,UNSURE,,,,,,,,,100.0,,,69.2,,Average Load Weight Multiplied By Total Loads,,R5-2007-0035_software,15775 S Indiana Ave Dos Palos 2024 Dairy AR,72,73,1,rancho_cordova,manure
O'banion Ranches,15775 S Indiana Rd Dos Palos Merced 93620,,,Azevedo Brothers Trucking,6445 W Hwy 152 Dos Palos CA 93620,Curran Ranch,15735 Indiana Rd Dos Palos CA 93620,15735 Indiana Rd Dos Palos 93620,Merced,Farmer,,,,,,,,,,10/15/2024,,2024-10-15,False,UNSURE,,,,,,,,,100.0,,,77.0,,Average Load Weight Multiplied By Total Tons,,R5-2007-0035_software,15775 S Indiana Ave Dos Palos 2024 Dairy AR,74,75,2,rancho_cordova,manure
Dcb Farming LLC,1581 E Roosevelt Rd El Nido Merced 95317,,,Kenneth R Stone Spreading Services,5175 Shaw Ave Winton CA 95388,Rogero Ranch,2941 S State Hwy 59 Merced CA 95341,,,Farmer,,0075-0030-0030-0000,Merced,,,,,,,04/15/2024,,2024-04-15,False,UNSURE,,,,,,,,,1800.0,,,75.8,,Number Of Loads Multiplied By Load Weight,,R5-2007-0035_software,1581 E Roosevelt Rd El Nido 2024 Dairy AR,65,66,1,rancho_cordova,manure
Manuel Da Silva Dairy,15836 Steinegul Road Escalon 95320,,,Manuel Da Silva Dairy,15834 Steinegul Rd Escalon 95320,Jerry Dasilva,18173 Steinegul Rd Escala 95320,26000 Edwards Rd-Escala 953200207020100,,,,,,,,,,,,9/15/24,,2024-09-15,False,UNSURE,,,,,,,,,350.0,,,,,Hanter's Calculations,,R5-2007-0035_general_order,15836 Steingul Rd Escalon 2024 Dairy AR,80,81,1,rancho_cordova,manure
Pires Dairy Farms,1622 Kniebes Rd Gustine CA 95322,,,Gibs Hinds Manure Spreading,19075 W Third Ave. Stevinson CA 95374,Gibs Hinds Manure Spreading,19075 W. Third Ave. Stevinson CA. 95374,19075 W. Third Ave. Stevinson CA. 95374,,Composting Facility,,,,,,,,,,10/17/24,,2024-10-17,False,UNSURE,,,,,,,,,22000.0,,,82.5,,Number Of Truckloads X Average Truck Weight,,R5-2007-0035_general_order,1622 Kniebes Rd Gustine 2024 Dairy AR,72,73,1,rancho_cordova,manure
R. Doornenbal Dairy #2,16348 S. Van Allen Road Escalon CA 95320,,,R. Doornenbal Dair,19116 Lone Tree Road Escalon CA 95320,R. Doornenbal Dairy #1,19116 Lone Tree Road Escalon CA 95320,19116 Lone Tree Road Escalon CA,,,,205-060-007,,,,,,,,6/1/2024 To 11/15/2024,2024-06-01,2024-11-15,False,UNSURE,,,,,,,,,,,,,97.5,,,R5-2007-0035_general_order,16348 S Van Allen Rd 2024 Dairy AR,20,20,1,rancho_cordova,unknown
G & H Dairy #2,16475 Brennan Road Escalon CA 95320,,,G & H Dairy,16996 Sexton Road Escalon CA 95320,Robert Holmes,21444 Blackmore Road Escalon CA 95320,19808 Mchenry Ave. Escalon CA,,,,247-170-01,,,,,,,,10/20/2024,,2024-10-20,False,UNSURE,,,,,,20.0,,70.0,1400.0,,,,49.5,70 Loads At 20 Ton Per Load,,R5-2013-0122_general_order,16475 Brennan Rd Escalon 2024 Dairy AR,27,28,1,rancho_cordova,manure
M & M Cardoso & Sons Dairy Ltd,16489 August Ave Delhi Merced 95315,,,Cardoso Farm Services INC.,P.O. Box 60 Hilmar CA 95324,Joey Machado,111 Youngstown Rd Turlock CA 95380,Turlock 95380,Youngstown Rd Merced,Farmer,,,,,,,,,,04/23/2024,,2024-04-23,False,UNSURE,,,,,,,,,1300.0,,,69.2,,Tons Per Load,,R5-2007-0035_software,16489 August Ave Delhi 2024 Dairy AR,45,46,1,,manure
John Brasil Dairy #3,1707 S. Mitchell Road Turlock CA 95380,,,John Brasil Dairy #1,2613 S. Mitchell Road Turlock CA 95380,Jb Farms,8400 W. Linwood Avenue Turlock 95380,9730 W. Bradbury Road Turlock 95380,,Farmer,,,,,,,,,,5/23/2024,,2024-05-23,False,UNSURE,,,,,,,,,1000.0,,,93.7,,Number Of Truckloads X Average Truck Weight,N/A N,R5-2007-0035_general_order,"1707 S Mitchell Rd, Turlock 2024 Dairy AR",31,32,1,rancho_cordova,manure
Joe Gomes Dairy #1,17625 Swanson Road Delhi CA 95315,,,Hinds Manure Spreading,19075 3Rd Ave Stevinson CA 95374,Hinds Compost,19075 3Rd Ave Stevinson 95374,19075 3Rd Ave Stevinson 95374,,Compost Facility,,,,,,,,,,10/6/24,,2024-10-06,False,UNSURE,,,,,,,,,1000.0,,,70.7,,Number Of Truckloads X Average Truck Weight,,R5-2007-0035_general_order,17265 Swanson Rd Delhi 2024 Dairy AR,36,37,1,rancho_cordova,manure
Nunes Dairy,1730 S. Healy Rd Merced CA 95340,,,Alp Custom Spreading INC.,Po Box 218 Newman CA 95341,Rossow Farms,7745 E. Sandy Mush Merced 95340,Mariposa Road Merced 95340,,Farmer,,,,,,,,,,5/11/2024,,2024-05-11,False,UNSURE,,,,,,,,,1200.0,,,84.5,,Number Of Truckloads X Average Truck Weight,,R5-2007-0035_general_order,"1730 S. Healy Rd, Merced 2024 Dairy AR",45,46,1,rancho_cordova,manure
Nunes Dairy,1730 S. Healy Rd Merced CA 95340,,,Alp Custom Spreading INC.,Po Box 218 Newman CA 95341,Rossow Farms,7745 E. Sandy Mush Merced 95340,Mariposa Road Merced 95340,,Farmer,,,,,,,,,,10/13/2024,,2024-10-13,False,UNSURE,,,,,,,,,1300.0,,,84.5,,Number Of Truckloads X Average Truck Weight,,R5-2007-0035_general_order,"1730 S. Healy Rd, Merced 2024 Dairy AR",47,48,2,rancho_cordova,manure
Ed Nunes Dach,17399 E. Avena Rd Escala 95320,,,Faria Agserviceinc.,2402 Viñe Ave Escalon CA 95320,Frank Bellino Riverrd Escalon,95320,,,,,,,,,,,,,12/18 $ 12/19,,,False,UNSURE,,,,,,,,,720.0,,,,,,,R5-2007-0035_general_order,17399 E Avena Rd Escalon 2024 Dairy AR,105,106,1,rancho_cordova,manure
Manuel & Jeannette Borges Dairy #2,17463 Gawne Rd. Stockton 95215,,,Sousa's Custom Harvesting,20178 Rd. Stockton 95215,Same,Same,Oakwood Rd. Stockton 95215 185-080-51 185-080-10 &,,,,185-080-14,,,,,,,,May 23-June 14 2024,2024-05-23,2024-06-14,False,UNSURE,,,,,,,,,630.0,,,8.8,,Hauler's Estimation,,R5-2007-0035_general_order,17463 E Gawne Rd Stockton 2024 Dairy AR,74,75,1,rancho_cordova,manure
Manuel & Jeannette Borges Dairy #2,17463 Gawne Rd. Stockton 95215,,,Sousa's Custom Harvesting,20178 Gawne Rd. Stockton 95215,Same,Same,Mariposa Rd. Stockton,,,,181-090-29,,,,,,,,May 29 2024,,2024-05-29,False,UNSURE,,,,,,,,,199.5,,,8.8,,Hauler's Estimation,,R5-2007-0035_general_order,17463 E Gawne Rd Stockton 2024 Dairy AR,76,77,2,rancho_cordova,manure
Manuel & Jeannette Borges Dairy #2,17463 Gawne Rd. Stockton 95215,,,Sousa's Custom Harvesting,20178 Rd. Stockton 95215,Thomas Pettitt,13019 E. Mariposa Rd. Stockton 95215,,,,,185-020-04,,,,,,,,October 22-23 2024,2024-10-22,2024-10-23,False,UNSURE,,,,,,,,,819.0,,,9.0,,Hauler's Estimation,,R5-2007-0035_general_order,17463 E Gawne Rd Stockton 2024 Dairy AR,78,79,3,rancho_cordova,manure
Manuel & Jeannette Borges Dairy #2,17463 Gawne Rd. Stockton 95215,,,Sousa's Custom Harvesting,20178 Gawne Rd. Stockton 95215,Thomas Pettitt,13019 Mariposa Rd. Stockton 95215,Kaiser Rd. Stockton,,,,201-120-09,,,,,,,,May 28-30 2024,2024-05-28,2024-05-30,False,UNSURE,,,,,,,,,441.0,,,8.8,,Hauler's Estimation,,R5-2007-0035_general_order,17463 E Gawne Rd Stockton 2024 Dairy AR,80,81,4,rancho_cordova,manure
Manuel & Jeannette Borges Dairy #2,17463 Gawne Rd. Stockton 95215,,,Sousa's Custom Harvesting,20178 Gawne Rd. Stockton 95215,Ryan Rissetto,20700 Gawne Rd. Stockton 95215,Gawne Rd. Stockton,,,,185-100-13,,,,,,,,October 2-23 2024,2024-10-02,2024-10-23,False,UNSURE,,,,,,,,,535.5,,,9.0,,Hauler's Estimation,,R5-2007-0035_general_order,17463 E Gawne Rd Stockton 2024 Dairy AR,82,83,5,rancho_cordova,manure
Bwc Weststeyn Dairy Lp,1763 S. Hewitt Road Linden CA 95236,,,Bwc Weststeyn Dairy Lp,1763 S. Hewitt Road Linden CA 95236,The Scott's Company,23390 E. Flood Street Linden CA 95236,23390 E. Flood Street Linden CA 95236,,Fertilizer Company,,,,,,,,,,2/27/24 To 12/11/24,2024-02-27,2024-12-11,False,UNSURE,,,,,,27.0,,278.0,7506.0,,,,28.3,278 Loads At 27 Ton Per Load,,R5-2007-0035_general_order,1763 S Hewitt Rd Linden 2024 Dairy AR,106,107,1,rancho_cordova,manure
Bwc Weststeyn Dairy Lp,1763 S. Hewitt Road Linden CA 95236,,,Bwc Weststeyn Dairy Lp,1763 S. Hewitt Road Linden CA 95236,Dondero Farms,1776 Murray Road Linden CA 95236,22807 E. Milton Road Linden CA 95236 093-110-01,,,,093-100-13,,,,,,,,8/12/24 To 9/22/24,2024-08-12,2024-09-22,False,UNSURE,,,,,,27.0,,254.0,6858.0,,,,44.2,254 Loads At 27 Ton Per Load,,R5-2007-0035_general_order,1763 S Hewitt Rd Linden 2024 Dairy AR,108,109,2,rancho_cordova,manure
,,,,Truckaz,,Francia,6465 W Dorfals 93620,,,,,,,,,,,,,1-29-24 1-30-24,2024-01-29,2024-01-30,False,UNSURE,,,,,,,,,900.0,,,,,Scale,,R5-2007-0035_general_order,18037 S Center Ave Los Banos 2024 Dairy AR,80,81,1,rancho_cordova,manure
,,,,? Azevedo Trucking,6465 W 152 Dos Pols 93620,Azevedo Goy,152 9 290,,,,,,,,,,,,,8-15-24 8-16-24 8-19-24 8-20-24,2024-08-15,2024-08-20,False,UNSURE,,,,,,,,,1800.0,,,,,Scale,Of Process Wastowater.,R5-2007-0035_general_order,18037 S Center Ave Los Banos 2024 Dairy AR,82,83,2,rancho_cordova,manure
Rodoni Dairy Farms Lp,18037 S Center Ave Los Banos Merced 93635,,,F&A Lagoon Managment,2930 Geer Rd Turlock CA 95382,David Santos,19556 W. Charleston Los Banos CA 95635,19556 W. Charleston Los Banos 93635,Merced,Farmer,,,,,,,,,,10/10/2024,,2024-10-10,False,UNSURE,,,,,4398500.0,,,,,,,,,,Flowmeter,R5-2007-0035_software,18037 S Center Ave Los Banos 2024 Dairy AR,84,85,3,rancho_cordova,wastewater
Borba Cattle Company LLC.,18254 N. First Street Stevinson CA 95374,,,John Or Randy Baptista,4505 N. Mccullagh Road Stevinson CA 95374,Randy Baptista,4505 N. Mccullagh Road Stevinson 95374,4505 N. Mccullagh Road Stevinson 95374 Merced County,,Farmer,,,,,,,,,,5/8/24,,2024-05-08,False,UNSURE,,,,,,,,,960.0,,,87.9,,Number Of Truckloads X Average Truck Weight,,R5-2007-0035_general_order,"18254 N. First Ave, Stevinson 2024 Dairy AR",48,49,1,rancho_cordova,manure
Borba Cattle Company LLC.,18254 N. First Street Stevinson CA 95374,,,John Or Randy Baptista,4505 N. Mccullagh Road Stevinson CA 95374,Randy Baptista,4505 N. Mccullagh Road Stevinson 95374,4505 N. Mccullagh Road Stevinson 95374 Merced County,,Farmer,,,,,,,,,,10/28/24,,2024-10-28,False,UNSURE,,,,,,,,,600.0,,,87.9,,Number Of Truckloads X Average Truck Weight,,R5-2007-0035_general_order,"18254 N. First Ave, Stevinson 2024 Dairy AR",50,51,2,rancho_cordova,manure
Joe O. Rocha Dairy INC.,18451 W. Bradbury Road Turlock CA 95380,,,Joe O. Rocha Dairy INC.,18451 W. Bradbury Road Turlock CA 95380,Ramos,19261 W. Bradbury Road Turlock 95380,Merced County Apn# 0041-0050-0034-0000;,,Farmer,,0041-0050-0035-0000,,,,,,,,5/15/24,,2024-05-15,False,UNSURE,,,,,,,,,1100.0,,,78.4,,Number Of Truckloads X Average Truck Weight,,R5-2007-0035_general_order,"18451 W Bradbury Rd, Turlock 2024 Dairy AR",46,47,1,rancho_cordova,manure
Joe O. Rocha Dairy INC.,18451 W. Bradbury Road Turlock CA 95380,,,Joe O. Rocha Dairy INC.,18451 W. Bradbury Road Turlock CA 95380,Jr Farms,18451 W. Bradbury Road Turlock 95380,Merced County Apn# -,,Farmer,,0041-0030-0011,,,,,,,,5/17/24,,2024-05-17,False,UNSURE,,,,,,,,,1900.0,,,78.4,,Number Of Truckloads X Average Truck Weight,,R5-2007-0035_general_order,"18451 W Bradbury Rd, Turlock 2024 Dairy AR",48,49,2,rancho_cordova,manure
Van Exel Dairy #2,18948 N. Thornton Road Lodi CA 95242,,,Van Exel Dairy,20002 N. Thornton Road Lodi CA 95242,Van Exel Dairy,20002 N. Thornton Road Lodi CA 95242,20002 N. Thornton Road Lodi CA,,,,011-140-23,,,,,,,,4/24/24-5/1/24,2024-04-24,2024-05-01,False,UNSURE,,,,,,10.0,,498.0,,,,,,498 Loads At 10 Ton Per Load,,R5-2013-0122_general_order,18948 N Thornton Rd Lodi 2024 Dairy AR,34,35,1,rancho_cordova,unknown
Van Exel Dairy #2,18948 N. Thornton Road Lodi CA 95242,,,Van Exel Dairy (Via Concrete Ditch),20002 N. Thornton Road Lodi CA 95242,Van Exel Dairy,20002 N. Thornton Road Lodi CA 95242,20002 N. Thornton Road Lodi CA,,,,011-140-23,,,,,,,,1/20/24,,2024-01-20,False,UNSURE,,,15.0,,720000.0,,,,,,,,,,Pump Gpm-15 Hours At 800 Gallons Per Minute,R5-2013-0122_general_order,18948 N Thornton Rd Lodi 2024 Dairy AR,36,37,2,rancho_cordova,wastewater
Van Exel Dairy #2,18948 N. Thornton Road Lodi CA 95242,,,Van Exel Dairy (Via Concrete Ditch),20002 N. Thornton Road Lodi CA 95242,Van Exel Dairy,20002 N. Thornton Road Lodi CA 95242,20002 N. Thornton Road Lodi CA,,,,011-140-23,,,,,,,,3/18/24,,2024-03-18,False,UNSURE,,,14.5,,696000.0,,,,,,,,,,Pump Gpm-14.5 Hours At 800 Gallons Per Minute,R5-2013-0122_general_order,18948 N Thornton Rd Lodi 2024 Dairy AR,38,39,3,rancho_cordova,wastewater
Van Exel Dairy #2,18948 N. Thornton Road Lodi CA 95242,,,Van Exel Dairy (Via Concrete Ditch),20002 N. Thornton Road Lodi CA 95242,Van Exel Dairy,20002 N. Thornton Road Lodi CA 95242,20002 N. Thornton Road Lodi CA,,,,011-140-23,,,,,,,,9/15/24,,2024-09-15,False,UNSURE,,,18.0,,864000.0,,,,,,,,,,Pump Gpm-18 Hours At 800 Gallons Per Minute,R5-2013-0122_general_order,18948 N Thornton Rd Lodi 2024 Dairy AR,40,41,4,rancho_cordova,wastewater
Van Exel Dairy #2,18948 N. Thornton Road Lodi CA 95242,,,Van Exel Dairy (Via Concrete Ditch),20002 N. Thornton Road Lodi CA 95242,Van Exel Dairy,20002 N. Thornton Road Lodi CA 95242,20002 N. Thornton Road Lodi CA,,,,011-140-23,,,,,,,,11/14/24,,2024-11-14,False,UNSURE,,,16.0,,768000.0,,,,,,,,,,Pump Gpm-16 Hours At 800 Gallons Per Minute,R5-2013-0122_general_order,18948 N Thornton Rd Lodi 2024 Dairy AR,42,43,5,rancho_cordova,wastewater
Hillcrest Dairy LLC,1901 N Hayden Rd Le Grand Merced 95333,,,Silva & Sons Custom Spreading,P.O. Box 1261 Hilmar CA 95324,Press Ranch,10310 Reese Rd Planada CA 95365,,,Farmer,,0053-0080-0012-0000,Merced,,,,,,,08/13/2024,,2024-08-13,False,UNSURE,,,,,,,,,1440.0,,,88.6,,Hauler's Calculations,,R5-2007-0035_software,1901 N Hayden Rd Le Grand 2024 Dairy AR,125,126,1,rancho_cordova,manure
Hillcrest Dairy LLC,1901 N Hayden Rd Le Grand Merced 95333,,,Silva & Sons Custom Spreading,P.O. Box 1261 Hilmar CA 95324,Press Ranch,10310 Reese Rd Planada CA 95365,,,Farmer,,0053-0080-0028-0000,Merced,,,,,,,08/14/2024,,2024-08-14,False,UNSURE,,,,,,,,,1296.0,,,88.6,,Hauler's Calculations,,R5-2007-0035_software,1901 N Hayden Rd Le Grand 2024 Dairy AR,127,128,2,rancho_cordova,manure
Hillcrest Dairy LLC,1901 N Hayden Rd Le Grand Merced 95333,,,Silva & Sons Custom Spreading,P.O. Box 1261 Hilmar CA 95324,Press Ranch,10310 Reese Rd Planada CA 95365,,,Farmer,,0053-0080-0028-0000,Merced,,,,,,,08/15/2024,,2024-08-15,False,UNSURE,,,,,,,,,960.0,,,88.6,,Hauler's Calculations,,R5-2007-0035_software,1901 N Hayden Rd Le Grand 2024 Dairy AR,129,130,3,rancho_cordova,manure
Hillcrest Dairy LLC,1901 N Hayden Rd Le Grand Merced 95333,,,Silva & Sons Custom Spreading,P.O. Box 1261 Hilmar CA 95324,Press Ranch,10310 Reese Rd Planada CA 95365,,,Farmer,,0053-0080-0012-0000,Merced,,,,,,,08/15/2024,,2024-08-15,False,UNSURE,,,,,,,,,480.0,,,88.6,,Hauler's Calculations,,R5-2007-0035_software,1901 N Hayden Rd Le Grand 2024 Dairy AR,131,132,4,rancho_cordova,manure
Hillcrest Dairy LLC,1901 N Hayden Rd Le Grand Merced 95333,,,Silva & Sons Custom Spreading,P.O. Box 1261 Hilmar CA 95324,Frank Silva,19615 Geer Ave Hilmar CA 95324,19615 Geer Ave Hilmar 95324,Merced,Farmer,,,,,,,,,,08/24/2024,,2024-08-24,False,UNSURE,,,,,,,,,1824.0,,,88.6,,Hauler's Calculations,,R5-2007-0035_software,1901 N Hayden Rd Le Grand 2024 Dairy AR,133,134,5,rancho_cordova,manure
Hillcrest Dairy LLC,1901 N Hayden Rd Le Grand Merced 95333,,,Silva & Sons Custom Spreading,P.O. Box 1261 Hilmar CA 95324,Frank Silva,19615 Geer Ave Hilmar CA 95324,19615 Geer Ave Hilmar 95324,Merced,Farmer,,,,,,,,,,08/26/2024,,2024-08-26,False,UNSURE,,,,,,,,,2232.0,,,88.6,,Hauler's Calculations,,R5-2007-0035_software,1901 N Hayden Rd Le Grand 2024 Dairy AR,135,136,6,rancho_cordova,manure
Hillcrest Dairy LLC,1901 N Hayden Rd Le Grand Merced 95333,,,Silva & Sons Custom Spreading,P.O. Box 1261 Hilmar CA 95324,Frank Silva,19615 Geer Ave Hilmar CA 95324,19615 Geer Ave Hilmar 95324,Merced,Farmer,,,,,,,,,,08/27/2024,,2024-08-27,False,UNSURE,,,,,,,,,1568.0,,,88.6,,Hauler's Calculations,,R5-2007-0035_software,1901 N Hayden Rd Le Grand 2024 Dairy AR,137,138,7,rancho_cordova,manure
Joe Oliveira Dairy,19104 Crane Avenue Hilmar CA 95324,,,Dores Ag Services INC.,22846 Second Avenue Stevinson CA 95374,Nelson Dairy,19481 Geer Avenue Hilmar 95324,19481 Geer Avenue Hilmar 95324 Merced County,,Farmer,,,,,,,,,,5/11/2024,,2024-05-11,False,UNSURE,,,,,,,,,1000.0,,,89.5,,Number Of Truckloads X Average Truck Weight,,R5-2007-0035_general_order,"19104 Crane Ave, Hilmar 2024 Dairy AR",74,75,1,rancho_cordova,manure
R. Doornenbal Dairy #1,; 19116 Lone Tree Road Escalon CA 95320,,,R. Doornenbal Dairy #1,;19116 Lone Tree Road Escalon CA 95320,I Brian Franzia,19950 Zumwalt Road Escalon CA 95320,19950 Zumwalt Road Escalon CA,,,,205-100-008,,,,,,,,10/30/24,,2024-10-30,False,UNSURE,,,,,,,,,,,,,31.5,Hauler's Calculations,,R5-2013-0122_general_order,19116 Lone Tree Rd Escalon 2024 Dairy AR,64,65,1,rancho_cordova,unknown
R. Doornenbal Dairy #1,; 19116 Lone Tree Road Escalon CA 95320,,,R. Doornenbal Dairy #1,;19116 Lone Tree Road Escalon CA 95320,I Franzia/Alfieri Ranch,20204 Zumwalt Road Escalon CA 95320,20204 Zumwalt Road Escalon CA,,,,205-100-14,,,,,,,,10/31/2024,,2024-10-31,False,UNSURE,,,,,,,,,,,,,31.5,Hauler's Calculations,,R5-2013-0122_general_order,19116 Lone Tree Rd Escalon 2024 Dairy AR,66,67,2,rancho_cordova,unknown
R. Doornenbal Dairy #1,; 19116 Lone Tree Road Escalon CA 95320,,,R. Doornenbal Dairy #1,;19116 Lone Tree Road Escalon CA 95320,Franzia/Harp Ranch,20100 Zumwalt Road Escalon CA 95320,20100 Zumwalt Road Escalon CA,,,,205-090-52,,,,,,,,10/31/2024,,2024-10-31,False,UNSURE,,,,,,,,,,,,,31.5,Hauler's Calculations,,R5-2013-0122_general_order,19116 Lone Tree Rd Escalon 2024 Dairy AR,68,69,3,rancho_cordova,unknown
R. Doornenbal Dairy #1,; 19116 Lone Tree Road Escalon CA 95320,,,R. Doornenbal Dairy #1,;19116 Lone Tree Road Escalon CA 95320,H & H Doornenbal INC. Po Box,235 Escalon CA 95320,2/7282 Lone Tree Road Escalon CA,,,,229-090-02,,,,,,,,; 10/25/24,,2024-10-25,False,UNSURE,,,,,,,,,,,,,31.5,Hauler's Calculations,,R5-2013-0122_general_order,19116 Lone Tree Rd Escalon 2024 Dairy AR,70,71,4,rancho_cordova,unknown
R. Doornenbal Dairy #1,; 19116 Lone Tree Road Escalon CA 95320,,,R. Doornenbal Dairy #1,;19116 Lone Tree Road Escalon CA 95320,North Star Farms,27515 Lone Tree Road Escalon CA 95320,27515 Lone Tree Road Escalon CA,,,,207-300-05,,,,,,,,11/1/2024,,2024-11-01,False,UNSURE,,,,,,,,,,,,,31.5,Hauler's Calculations,,R5-2013-0122_general_order,19116 Lone Tree Rd Escalon 2024 Dairy AR,72,73,5,rancho_cordova,unknown
R. Doornenbal Dairy #1,; 19116 Lone Tree Road Escalon CA 95320,,,R. Doornenbal Dairy #1,;19116 Lone Tree Road Escalon CA 95320,I Rd Cattle Po Box,37 Escalon CA 95320,0000 Brennan Road Escalon CA,,,,225-040-29,,,,,,,,10/15/24,,2024-10-15,False,UNSURE,,,,,,,,,,,,,31.5,Hauler Calculations,,R5-2013-0122_general_order,19116 Lone Tree Rd Escalon 2024 Dairy AR,74,75,6,rancho_cordova,unknown
R. Doornenbal Dairy #1,; 19116 Lone Tree Road Escalon CA 95320,,,R. Doornenbal Dairy #1,;19116 Lone Tree Road Escalon CA 95320,{ Rdr Ranches Po Box,37 Escalon CA 95320,14127 Carrolton Road Escalon CA,,,,205-050-27,,,,,,,,11/2/24,,2024-11-02,False,UNSURE,,,,,,,,,,,,,31.5,Hauler's Calculations,,R5-2013-0122_general_order,19116 Lone Tree Rd Escalon 2024 Dairy AR,76,77,7,rancho_cordova,unknown
R. Doornenbal Dairy #1,; 19116 Lone Tree Road Escalon CA 95320,,,R. Doornenbal Dairy #1,;19116 Lone Tree Road Escalon CA 95320,{ Rdr Ranches Po Box,37 Escalon CA 95320,15201 Carrolton Road Escalon CA,,,,205-060-008,,,,,,,,11/2/24,,2024-11-02,False,UNSURE,,,,,,,,,,,,,31.5,Hauler's Calculations,,R5-2013-0122_general_order,19116 Lone Tree Rd Escalon 2024 Dairy AR,78,79,8,rancho_cordova,unknown
R. Doornenbal Dairy #1,; 19116 Lone Tree Road Escalon CA 95320,,,R. Doornenbal Dairy #1,;19116 Lone Tree Road Escalon CA 95320,John Veenstra,15861 Sexton Road Escalon CA 95320,15861 Sexton Road Escalon CA,,,,205-240-006,,,,,,,,11/3/2024,,2024-11-03,False,UNSURE,,,,,,,,,,,,,31.5,Hauler's Calculations,,R5-2013-0122_general_order,19116 Lone Tree Rd Escalon 2024 Dairy AR,80,81,9,rancho_cordova,unknown
Doornenbal Dairy #3,19325 Lone Tree Road Escalon CA 95320,,,Doornenbal Dairy,19116 Lone Tree Road Escalon CA 95320,Doornenbal Dairy #1,19116 Lone Tree Road Escalon CA 95320,19116 Lone Tree Road Escalon CA,,,,205-060-07,,,,,,,,10/27/2024,,2024-10-27,False,UNSURE,,,,,,10.0,,275.0,2750.0,,,,52.9,275 Loads At 10 Ton Per Load,,R5-2013-0122_general_order,19325 E Lone Tree Rd Escalon 2024 Dairy AR,19,20,1,rancho_cordova,manure
Doornenbal Dairy #3,19325 Lone Tree Road Escalon CA 95320,,,Doornenbal Dairy,19116 Lone Tree Road Escalon CA 95320,Doornenbal Dairy #1,19116 Lone Tree Road Escalon CA 95320,19116 Lone Tree Road Escalon CA,,,,205-060-07,,,,,,,,4/1/2024,,2024-04-01,False,True,8400.0,100,,,840000.0,,,,,,,,,,100 Loads With Slurry Tankers-8400 Gallons/Load,R5-2013-0122_general_order,19325 E Lone Tree Rd Escalon 2024 Dairy AR,21,22,2,rancho_cordova,wastewater
Doornenbal Dairy #3,19325 Lone Tree Road Escalon CA 95320,,,Doornenbal Dairy,19116 Lone Tree Road Escalon CA 95320,Doornenbal Dairy #1,19116 Lone Tree Road Escalon CA 95320,19116 Lone Tree Road Escalon CA,,,,205-060-07,,,,,,,,5/18/2024,,2024-05-18,False,UNSURE,,,,,2100000.0,,,,,,,,,,,R5-2013-0122_general_order,19325 E Lone Tree Rd Escalon 2024 Dairy AR,23,24,3,rancho_cordova,wastewater
Dtm Ag,1933 Hall Ro. Denair 95316,,,Johnson Farms,P.O. Box 868 Denair 95316,Johnson Farms P.O. Box,868 Denair 95316,4618 N. Montpelier Rd. Denair 95316,,,,,,,,,,,,1/3/24,,2024-01-03,False,UNSURE,,,,,,,,,,,,,,Scale Weights,,R5-2007-0035_general_order,1933 Hall Rd Denair 2024 Dairy AR,45,46,1,rancho_cordova,unknown
Ag,1933 Hall Ro. Denair 95316,,,Johnson Farms,P.O. Box 868 Denair 95316,Johnson Farms P.O. Box,868 Denair 95316,4618 N. Montpelier Rd. Denair 95316,,,,,,,,,,,,2/16/24,,2024-02-16,False,UNSURE,,,,,,,,,,,,,,Scale Weights,,R5-2007-0035_general_order,1933 Hall Rd Denair 2024 Dairy AR,48,49,2,rancho_cordova,unknown
Ag,1933 Hall Rd. Denair 95316,,,Johnson Farms,P.O. Box 868 Denair 95316,Johnson Farms P.O. Box,868 Denair 95316,4618 N. Montpelier Ro. Denair 95316,,,,,,,,,,,,3/6/24,,2024-03-06,False,UNSURE,,,,,,,,,,,,,,Scale Weights,,R5-2007-0035_general_order,1933 Hall Rd Denair 2024 Dairy AR,51,52,3,rancho_cordova,unknown
Dtm Ag,1933 Hall Rd. Denair 95316,,,Johnson Farms,P.O. Box 868 Denair 95316,Johnson Farms P.O. Box,868 Denair 95316,4618 N. Montpelier Rd. Denair 95316,,,,,,,,,,,,4/9/24,,2024-04-09,False,UNSURE,,,,,,,,,,,,,,Scale Weights,,R5-2007-0035_general_order,1933 Hall Rd Denair 2024 Dairy AR,54,55,4,rancho_cordova,unknown
Dtm Ag,1933,,,Johnson Farms,P.O. Box 868 Denair 95316,Johnson Farms P.O. Box,868 Denair 95316,4618 N. Montpelier Rd. Denair 95316,,,,,,,,,,,,5/14/24,,2024-05-14,False,UNSURE,,,,,,,,,,,,,11.6,Scale Weights,,R5-2007-0035_general_order,1933 Hall Rd Denair 2024 Dairy AR,57,58,5,rancho_cordova,unknown
Dtm Ag,1933 Hall Rd. Denaiir 95316,,,Johnson Farms,P.O. Box 868 Denair 95316,Johnson Farms P.O. Box,868 Denair 95316,4618 N. Montpelier Rd. Denair 95316,,,,,,,,,,,,5/29/24,,2024-05-29,False,UNSURE,,,,,,,,,975.0,,,,11.69,Scale Weights,,R5-2007-0035_general_order,1933 Hall Rd Denair 2024 Dairy AR,60,61,6,rancho_cordova,manure
Dtm Ag,1933 Hall Rd. Denair 95316,,,Johnson Farms,P.O. Box 868 Denair 95316,Johnson Farms P.O. Box,868 Denair 95316,4618 N. Montpelier Rd. Denair 95316,,,,,,,,,,,,7/3/24,,2024-07-03,False,UNSURE,,,,,,,,,,,,,76.3,Scale Weights,,R5-2007-0035_general_order,1933 Hall Rd Denair 2024 Dairy AR,63,64,7,rancho_cordova,unknown
Dtm Ag,1933 Hall Ro. Denair 95316,,,Johnson Farms,P.O. Box 868 Denair 95316,Johnson Farms P.O. Box,868 Denair 95316,4618 N. Montpelier Rd. Denair 95316,,,,,,,,,,,,10/22/24,,2024-10-22,False,UNSURE,,,,,,,,,975.0,,,38.0,,Scale Weights,,R5-2007-0035_general_order,1933 Hall Rd Denair 2024 Dairy AR,66,67,8,rancho_cordova,manure
Dtm Ag,1933 Hall Rd. Denair 95316,,,Johnson Farms,P.O. Box 868 Denair 95316,Johnson Farms P.O. Box,868 Denair 95316,4618 N. Montpelier Rd. Denair 95316,,,,,,,,,,,,11/12/24,,2024-11-12,False,UNSURE,,,,,,,,,675.0,,,,76.3,Scale Weights,,R5-2007-0035_general_order,1933 Hall Rd Denair 2024 Dairy AR,69,70,9,rancho_cordova,manure
Coutodairy,1980 County Road Qq Willows Glenn 95988,,,Cc Farms,1980 County Road Qq Willows CA 95988,Dunlop Farms,6828 County Road 45 Willows CA 95988,1980 County Road Qq Willows 95988,County Road Qq Glenn,I Farmer,,0001-0001-0001-0001,Glenn,,,,,,,07/29/2024,,2024-07-29,False,UNSURE,,,,,,,,,,,,20.0,,Amount Reported By Cc Farms.,,R5-2007-0035_software,1980 County Rd QQ Willows 2024 Dairy AR,33,34,1,rancho_cordova,unknown
Couto Dairy,1980 County Road Qq Willows Glenn 95988,,,Cc Farms,1980 County Road Qq Willows CA,Joey Couto .,1962 County Road Qq Willows CA 95988,1980 County Road Qq Willows 95988,County Road Qq Glenn,Farmer,,0001-0001-0001-0001,Glenn,,,,,,,12/31/2024,,2024-12-31,False,UNSURE,,,,,2500000.0,,,,,,,,,,Estimated Annual Total To Independent Couto Farming Field.,R5-2007-0035_software,1980 County Rd QQ Willows 2024 Dairy AR,35,36,2,rancho_cordova,wastewater
Coutodairy,1980 County Road Qq Willows Glenn 95988,,,Cc Farms,1980 County Road Qq Willows CA 95988,Couto Dairy #2,2187 County Road S Willows CA 95988,1980 County Road Qq Willows 95988,County Road Qq Glenn,Farmer,,0019-0184-0002-0001,Glenn,,,,,,,10/01/2024,,2024-10-01,False,UNSURE,,,,,,,,,308.0,,,57.3,,Amount Reported By Cc Farms.,,R5-2007-0035_software,1980 County Rd QQ Willows 2024 Dairy AR,37,38,3,rancho_cordova,manure
Kisst Dairy,20000 Cedar Ave. Tracy 95304,,,Witt Ranch Transport,P.O. Box 428 Lodi 95241,Marchini Ag,9000 W. Howard Rd. Stockton 95206,9000 W. Howard Rd. Stockton 95206,,,,,,,,,,,,9/30/24,,2024-09-30,False,UNSURE,,,,,,,,,,,,,,Hauler Calculation,,R5-2007-0035_general_order,20000 Cedar Ave Tracy 2024 Dairy AR,97,98,1,rancho_cordova,unknown
Kisst Daury,20000,,,Witt Ranch Transport,,Cerri Farms,2796 Undinero. Stockton 95206,2796 Undine Rd. Stockton 95206,,,,,,,,,,,,10/31/24,,2024-10-31,False,UNSURE,,,,,,,,,,,,,,Hauler Calculation,,R5-2007-0035_general_order,20000 Cedar Ave Tracy 2024 Dairy AR,100,101,2,rancho_cordova,unknown
John Kisst Dairy,20000 Cedar Ave Tracy CA 95304,,,Cambra Farms Bill Cambra,B. O. Box 4034 Manteca 95337,Abbate Farms,,15803 S. Wing Lever Rd. Tracy 95330,,,,,,,,,,,,,,,False,UNSURE,,,,,,,,,,,,,,Calculate The Amount,Of Process Wastewater,ucanr,20000 Cedar Ave Tracy 2024 Dairy AR,103,104,3,rancho_cordova,unknown
Uc Davis Dairy,Dairy Road Davis 95616,,,Bob Black Smith,12498 County Road 100 Woodland 95776,Bruce Rominger County Road,29 Winters 95 01,2800 County Road 29 Winters 95694,,Rominger Bros.,,,,,,,,,,June 15 2024 Through October 26 2024,2024-06-15,2024-10-26,False,UNSURE,,,,,,,,,8235.0,,,,,,,R5-2007-0035_general_order,"201 Dairy Rd, Davis 2024 Dairy AR",56,57,1,rancho_cordova,manure
Faial Farms Dairy,18714 Stineroad 3714 Stine Road Bakersfield CA 93313,,,Brachena Ag Services INC,9442 Bear Mountain Blvd. Bakersfield CA 93311,T/M Composting,,4322 Saco Rd I Bakersfield CA F-Date,,Composting Facility,,,,,,,,,,Jan 1 2024-Jan 31 2024,2024-01-01,2024-01-31,False,UNSURE,,,,,,,,,7831.0,,,,68.0,,,R5-2007-0035_one_page_2,2024AR Faial Farms Dairy,20,20,1a,kern,manure
Faial Farms Dairy,18714 Stineroad 3714 Stine Road Bakersfield CA 93313,,,Brachena Ag Services INC,9442 Bear Mountain Blvd. Bakersfield CA 93311,T/M Composting,,4322 Saco Rd I Bakersfield CA F-Date,,Composting Facility,,,,,,,,,,Feb 1 2024-Feb 29 2024,2024-02-01,2024-02-29,False,UNSURE,,,,,,,,,4796.0,,,,70.0,,,R5-2007-0035_one_page_2,2024AR Faial Farms Dairy,20,20,1b,kern,manure
Faial Farms Dairy,18714 Stineroad 3714 Stine Road Bakersfield CA 93313,,,Brachena Ag Services INC,9442 Bear Mountain Blvd. Bakersfield CA 93311,T/M Composting,,4322 Saco Rd I Bakersfield CA F-Date,,Composting Facility,,,,,,,,,,Aug 1 2024-Aug 31 2024,2024-08-01,2024-08-31,False,UNSURE,,,,,,,,,3062.0,,,,69.0,,,R5-2007-0035_one_page_2,2024AR Faial Farms Dairy,20,20,1c,kern,manure
G3 Dairy,S829E.Panamatane E. Panama Lane Bakersfield CA 93311,,,Cabrera Brothers Composting,10909 Glen Cloe Place Lamont CA 93241,Panama Ranch,,6219 E. Panam Lane Date,,Compost Yard,,,,,,,,,,Jan 1 2024-Jan 31 2024,2024-01-01,2024-01-31,False,UNSURE,,,,,,,,,4169.0,,,,68.0,,,R5-2007-0035_one_page_2,2024AR G3 Dairy,24,24,1a,kern,manure
G3 Dairy,S829E.Panamatane E. Panama Lane Bakersfield CA 93311,,,Cabrera Brothers Composting,10909 Glen Cloe Place Lamont CA 93241,Panama Ranch,,6219 E. Panam Lane Date,,Compost Yard,,,,,,,,,,Feb 1 2024-Feb 29 2024,2024-02-01,2024-02-29,False,UNSURE,,,,,,,,,10803.0,,,,69.0,,,R5-2007-0035_one_page_2,2024AR G3 Dairy,24,24,1b,kern,manure
G3 Dairy,S829E.Panamatane E. Panama Lane Bakersfield CA 93311,,,Cabrera Brothers Composting,10909 Glen Cloe Place Lamont CA 93241,Panama Ranch,,6219 E. Panam Lane Date,,Compost Yard,,,,,,,,,,Mar 1 2024-Mar 31 2024,2024-03-01,2024-03-31,False,UNSURE,,,,,,,,,12812.0,,,,69.0,,,R5-2007-0035_one_page_2,2024AR G3 Dairy,24,24,1c,kern,manure
G3 Dairy,S829E.Panamatane E. Panama Lane Bakersfield CA 93311,,,Cabrera Brothers Composting,10909 Glen Cloe Place Lamont CA 93241,Panama Ranch,,6219 E. Panam Lane Date,,Compost Yard,,,,,,,,,,Apr 1 2024-Apr 30 2024,2024-04-01,2024-04-30,False,UNSURE,,,,,,,,,10318.0,,,,67.0,,,R5-2007-0035_one_page_2,2024AR G3 Dairy,24,24,1d,kern,manure
G3 Dairy,S829E.Panamatane E. Panama Lane Bakersfield CA 93311,,,Cabrera Brothers Composting,10909 Glen Cloe Place Lamont CA 93241,Panama Ranch,,6219 E. Panam Lane Date,,Compost Yard,,,,,,,,,,May 1 2024-May 31 2024,2024-05-01,2024-05-31,False,UNSURE,,,,,,,,,6255.0,,,,65.0,,,R5-2007-0035_one_page_2,2024AR G3 Dairy,24,24,1e,kern,manure
G3 Dairy,S829E.Panamatane E. Panama Lane Bakersfield CA 93311,,,Cabrera Brothers Composting,10909 Glen Cloe Place Lamont CA 93241,Panama Ranch,,6219 E. Panam Lane Date,,Compost Yard,,,,,,,,,,Jun 1 2024-Jun 30 2024,2024-06-01,2024-06-30,False,UNSURE,,,,,,,,,9993.0,,,,69.0,,,R5-2007-0035_one_page_2,2024AR G3 Dairy,24,24,1f,kern,manure
G3 Dairy,S829E.Panamatane E. Panama Lane Bakersfield CA 93311,,,Cabrera Brothers Composting,10909 Glen Cloe Place Lamont CA 93241,Panama Ranch,,6219 E. Panam Lane Date,,Compost Yard,,,,,,,,,,Jul 1 2024-Jul 31 2024,2024-07-01,2024-07-31,False,UNSURE,,,,,,,,,4108.0,,,,65.0,,,R5-2007-0035_one_page_2,2024AR G3 Dairy,24,24,1g,kern,manure
G3 Dairy,S829E.Panamatane E. Panama Lane Bakersfield CA 93311,,,Cabrera Brothers Composting,10909 Glen Cloe Place Lamont CA 93241,Panama Ranch,,6219 E. Panam Lane Date,,Compost Yard,,,,,,,,,,Aug 1 2024-Aug 31 2024,2024-08-01,2024-08-31,False,UNSURE,,,,,,,,,16314.0,,,,66.0,,,R5-2007-0035_one_page_2,2024AR G3 Dairy,24,24,1h,kern,manure
G3 Dairy,S829E.Panamatane E. Panama Lane Bakersfield CA 93311,,,Cabrera Brothers Composting,10909 Glen Cloe Place Lamont CA 93241,Panama Ranch,,6219 E. Panam Lane Date,,Compost Yard,,,,,,,,,,Sep 1 2024-Sep 30 2024,2024-09-01,2024-09-30,False,UNSURE,,,,,,,,,7081.0,,,,66.0,,,R5-2007-0035_one_page_2,2024AR G3 Dairy,24,24,1i,kern,manure
G3 Dairy,S829E.Panamatane E. Panama Lane Bakersfield CA 93311,,,Cabrera Brothers Composting,10909 Glen Cloe Place Lamont CA 93241,Panama Ranch,,6219 E. Panam Lane Date,,Compost Yard,,,,,,,,,,Oct 1 2024-Oct 31 2024,2024-10-01,2024-10-31,False,UNSURE,,,,,,,,,7401.0,,,,67.0,,,R5-2007-0035_one_page_2,2024AR G3 Dairy,24,24,1j,kern,manure
G3 Dairy,S829E.Panamatane E. Panama Lane Bakersfield CA 93311,,,Cabrera Brothers Composting,10909 Glen Cloe Place Lamont CA 93241,Panama Ranch,,6219 E. Panam Lane Date,,Compost Yard,,,,,,,,,,Nov 1 2024-Nov 30 2024,2024-11-01,2024-11-30,False,UNSURE,,,,,,,,,1306.0,,,,64.0,,,R5-2007-0035_one_page_2,2024AR G3 Dairy,24,24,1k,kern,manure
De Boer Dairy,14976 Avenue 168 Tulare 93274,,,Bakke Ag Services,Po Box 7208 Visalia 93290,Merrit Farms,Merrit Farms,,,,,300-15019,,,,,,,,1/15/2024,,2024-01-15,False,UNSURE,,,,,,,,,2021.63,,,79.8,,,,R5-2013-0122_general_order,2024AR_4 Corners Dairy_14976 Ave 168_Tulare,52,53,1,tulare_east,manure
De Boer Dairy,14976 Avenue 168 Tulare 93274,,,Aves Ag Service INC.,2407 Avenue 199 Tulare CA 93274,Tony Simoes,14469 Ave 180 Tulare CA 93274,Fields 1 2 3 4,,,,,,,,,,,,9/30/2024,,2024-09-30,False,UNSURE,,,,,,,,,7700.0,,,53.9,,,,R5-2013-0122_general_order,2024AR_4 Corners Dairy_14976 Ave 168_Tulare,55,56,2,tulare_east,manure
Aj Slenders Dai,625 E Coleman Ave Laton Fresno 93242,,,Medeiros Farms,12137 S Hughes Ave Caruthers CA 93609,Medeiros Farms,,Caruthers 93609,Hughes Fresno,Farmer,,,,,,,,,,10/02/2024,,2024-10-02,False,UNSURE,,,,,,,,,2100.0,,,57.3,,Weighted Average,,R5-2007-0035_software,2024AR_AJ Selnders Dairy_625 E Coleman Ave_Fresno,48,49,1,fresno_madera,manure
Aj Slenders Dai,625 E Coleman Ave Laton Fresno 93242,,,Aj Slenders Dairy,625 E Coleman Ave Laton CA 93242,Netto A,10044 Flint Ave Hanford CA 93230,Laton 93242,2G-1 2G-2 2G-3 Fresno,Farmer,,,,,,,,,,07/30/2024,,2024-07-30,False,UNSURE,,,,,5420000.0,,,,,,,,,,GPM X Runtime,R5-2007-0035_software,2024AR_AJ Selnders Dairy_625 E Coleman Ave_Fresno,50,51,2,fresno_madera,wastewater
Aj Slenders Dai,625 E Coleman Ave Laton Fresno 93242,,,Aj Sienders Dairy,625 E Coleman Ave Laton CA 93242,Netto Ag,10044 Flint Ave Hanford CA 93230,Laton 93242,2G-1 2G-2 2G-3 Fresno,I Farmer,,,,,,,,,,05/10/2024,,2024-05-10,False,UNSURE,,,,,6642000.0,,,,,,,,,,GPM X Runtime,R5-2007-0035_software,2024AR_AJ Selnders Dairy_625 E Coleman Ave_Fresno,52,53,3,fresno_madera,wastewater
Aj Slenders Dai,625 E Coleman Ave Laton Fresno 93242,,,Aj Slenders Dairy,625 E Coleman Ave Laton CA 93242,Netto Ag,10044 Flint Ave Hanford CA 93230,Laton 93242,2G-1 2G-2 2G-3 Fresno,Farmer,,,,,,,,,,02/17/2024,,2024-02-17,False,UNSURE,,,,,5400000.0,,,,,,,,,,GPM X Runtime,R5-2007-0035_software,2024AR_AJ Selnders Dairy_625 E Coleman Ave_Fresno,54,55,4,fresno_madera,wastewater
Ajb Ranch Dairy,2874 Stockdale Hwy Bakersfield CA 93312,,,R & M Farm Service INC.,2312 Alpine Meadows Ct. Wasco CA 93280,Buttonwillow Land & Cattle,,7540 Tracy Ave Buttonwillow CA Lo,,Spreader,,,,,,,,,,Apr 1 2024-Apr 30 2024,2024-04-01,2024-04-30,False,UNSURE,,,,,,,,,5857.0,,,,65.0,,,R5-2007-0035_one_page_2,2024AR_AJB Ranch Dairy,104,104,1a,kern,manure
Ajb Ranch Dairy,2874 Stockdale Hwy Bakersfield CA 93312,,,R & M Farm Service INC.,2312 Alpine Meadows Ct. Wasco CA 93280,Buttonwillow Land & Cattle,,7540 Tracy Ave Buttonwillow CA Lo,,Spreader,,,,,,,,,,Jun 1 2024-Jun 30 2024,2024-06-01,2024-06-30,False,UNSURE,,,,,,,,,8527.0,,,,67.0,,,R5-2007-0035_one_page_2,2024AR_AJB Ranch Dairy,104,104,1b,kern,manure
Ajb Ranch Dairy,2874 Stockdale Hwy Bakersfield CA 93312,,,R & M Farm Service INC.,"2312 Alpine Meadows Ct. ""Wasco Ca93280......~—~—~—~Csns Ttt",Grimmway Farms,,Po Box 81498 I Bakersfield CA Va,,Farmer,,,,,,,,,,Feb 1 2024-Feb 29 2024,2024-02-01,2024-02-29,False,UNSURE,,,,,,,,,1382.0,,,,69.0,,,R5-2007-0035_one_page_2,2024AR_AJB Ranch Dairy,106,106,2a,kern,manure
Ajb Ranch Dairy,2874 Stockdale Hwy Bakersfield CA 93312,,,R & M Farm Service INC.,"2312 Alpine Meadows Ct. ""Wasco Ca93280......~—~—~—~Csns Ttt",Grimmway Farms,,Po Box 81498 I Bakersfield CA Va,,Farmer,,,,,,,,,,Sep 1 2024-Sep 30 2024,2024-09-01,2024-09-30,False,UNSURE,,,,,,,,,6957.0,,,,65.0,,,R5-2007-0035_one_page_2,2024AR_AJB Ranch Dairy,106,106,2b,kern,manure
Ajb Ranch Dairy,2874 Stockdale Hwy Stockdale Hwy. Bakersfield CA 93312,,,R & M Farm Service INC.,"2312 Alpine Meadows Ct. ""Wasco Ca93280......~—~—~—~Csns Ttt",R&M Manure,,2312 Alpine Meadows Ct Wasco CA A,,Broker,,,,,,,,,,Feb 1 2024-Feb 29 2024,2024-02-01,2024-02-29,False,UNSURE,,,,,,,,,3612.0,,,,69.0,,,R5-2007-0035_one_page_2,2024AR_AJB Ranch Dairy,108,108,3a,kern,manure
Alta Daury,7901 Ave 368 CA 93618,,,,10071 6Th Ave 93230,Ave Zip Code,93230 Phone Number,,,,,,,,,,,,,-2024,,,False,UNSURE,,,,,,,,,3140.0,,,,,Scale Amount.,,R5-2007-0035_general_order,2024AR_Alta Sierra Dairy_7901 Ave 368_Tulare,71,72,1,tulare_east,manure
Antonio Garcia Dairy,6571 Fargo Ave Hanford Kings 93230,,,B. Mello Ag Services,5771 7Th Ave Hanford CA 93230,C&R Dairy (Carlos Costa),15336 10Th Ave Hanford CA 93230,15336 10Th Ave Hanford 93230,Kings,Farmer,,,,,,,,,,02/16/2024,,2024-02-16,False,UNSURE,,,,,,,,,300.0,,,62.6,,Number Of Loads Multiplied By Load Weight,,R5-2007-0035_software,2024AR_Antonio Garcia Dairy_6571 Fargo Ave_Kings,79,80,1,kings,manure
Antonio Garcia Dairy,6571 Fargo Ave Hanford Kings 93230,,,B. Mello Ag Services,5771 7Th Ave Hanford CA 93230,C&R Dairy (Carlos Costa),15336 10Th Ave Hanford CA 93230,15336 10Th Ave Hanford 93230,Kings,Farmer,,,,,,,,,,04/08/2024,,2024-04-08,False,UNSURE,,,,,,,,,200.0,,,62.6,,Number Of Loads Multiplied By Load Weight,,R5-2007-0035_software,2024AR_Antonio Garcia Dairy_6571 Fargo Ave_Kings,81,82,2,kings,manure
Aukeman Farms,17297 Road 96 Tulare Tulare 93274,,,Gutierrez Spreading LLC,3612 Avenue 236 Tulare CA 93274,Elk Creek Dairy,18017 Road 96 Tulare CA 93274,18017 Road 93 Tulare 93270,Tulare,Farmer,,,,,,,,,,05/16/2024,,2024-05-16,False,UNSURE,,,,,,,,,2284.09,,,23.5,,Number Of Loads Multiplied By Load Weight,,R5-2007-0035_software,2024AR_Aukeman Farms Dairy_17297 Road 96_W Tulare,250,251,1,tulare_west,manure
Aukeman Farms,17297 Road 96 Tulare Tulare 93274,,,Gutierrez Spreading LLC,3612 Avenue 236 Tulare CA 93274,Bebereia Farms (Luke Bebereia),5162 Avenue 252 Tulare CA 93274,5162 Avenue 252 Tulare 93274,Tulare,Farmer,,,,,,,,,,09/13/2024,,2024-09-13,False,UNSURE,,,,,,,,,9000.0,,,86.6,,Number Of Loads Multiplied By Load Weight,,R5-2007-0035_software,2024AR_Aukeman Farms Dairy_17297 Road 96_W Tulare,252,253,2,tulare_west,manure
Aukeman Farms,17297 Road 96 Tulare Tulare 93274,,,Triple M Custom Chopping And Manure Spreading INC,23121 Road 48 Tulare CA 93274,Clarklind Farms (Ron Clark),7370 Avenue 228 Tulare CA 93274,7370 Avenue 228 Tulare 93274,Tulare,Farmer,,,,,,,,,,05/07/2024,,2024-05-07,False,UNSURE,,,,,,,,,7800.0,,,74.8,,Number Of Loads Multiplied By Load Weight,,R5-2007-0035_software,2024AR_Aukeman Farms Dairy_17297 Road 96_W Tulare,254,255,3,tulare_west,manure
Aukeman Farms,17297 Road 96 Tulare Tulare 93274,,,Triple M Custom Chopping And Manure Spreading INC,23121 Road 48 Tulare CA 93274,Clarklind Farms (Ron Clark),7370 Avenue 228 Tulare CA 93274,7370 Avenue 228 Tulare 93274,Tulare,Farmer,,,,,,,,,,10/19/2024,,2024-10-19,False,UNSURE,,,,,,,,,7100.0,,,24.6,,Number Of Loads Multiplied By Load Weight,,R5-2007-0035_software,2024AR_Aukeman Farms Dairy_17297 Road 96_W Tulare,256,257,4,tulare_west,manure
Avalon Dairy,27225 Rond Rd Waslo 93280,,,,Bex 20845,Al,Al,,,,,,,,,,,,,10/13-12/31/24,,2024-12-31,False,UNSURE,,,,,,,,,,,,,,,,R5-2007-0035_general_order,2024AR_Avalon Dairy Farms_27125 Pond Rd_Kern,122,123,1,kern,unknown
Hettinga Farms-Ave 120 Daim,,,,Cain Trucking INC.,23004 Road 140 Tulare 93274,Cain Trucking INC.,Manure/Process Wastewater Hauler Information,7559 Ave. 152 Tipton 93272,,,,,,,,,,,,Aug. 13-15192024 Oct. 30-31 2024 Nov. 1 20-23 2024,2024-08-01,2024-11-20,False,UNSURE,,,,,,,,,,,,,,,,R5-2007-0035_one_page_1,2024AR_Avenue 128 Dairy_13002 Ave 128_Tulare,50,50,1,tulare_east,unknown
Back Road # 2,4119 Houston Avenue Hanford CA 93230,,,Gutierrez Spreading LLC,3612 Ave 236 Tulare CA. 93274,,7715 Ave 296 Visalia CA. 93,West Coast And Gravet,,Composting,,,,,,,,,,10-4-24/10-5-24/11-28-24,2024-10-04,2024-11-28,False,UNSURE,,,,,,,,,1280.0,,,47.1,,Weight Every Load On Scale,,R5-2007-0035_general_order,2024AR_Backroad Ranch #2_4119 Houston Ave_Kings,17,18,1,,manure
Banos Dairy,4667 Avenue 23 1/2 Chowchilla Madera 93610,,,J & F Fertilizer,1275 North Avenue Gustine CA 95322,J & F Fertilizer,1275 North Avenue Gustine CA 95322,1275 North Avenue Gustine 95322,North Avenue Merced,Broker,,,,,,,,,,10/01/2024,,2024-10-01,False,UNSURE,,,,,,,,,1800.0,,,62.4,,An Averaged Scale Weighed Trucks Multiplied By The Number Of Trucks Exported,,R5-2007-0035_software,2024AR_Banos Dairy_4667 Ave 23.5_Madera,25,26,1,fresno_madera,manure
Banos Dairy,4667 Avenue 23 1/2 Chowchilla Madera 93610,,,J & F Fertilizer,1275 North Avenue Gustine CA 95322,J & F Fertilizer,1275 North Avenue Gustine CA 95322,1275 North Avenue Gustine 95322,North Avenue Merced,Broker,,,,,,,,,,06/10/2024,,2024-06-10,False,UNSURE,,,,,,,,,2100.0,,,83.3,,An Averaged Scale Weighed Trucks Multiplied By The Number Of Trucks Exported,,R5-2007-0035_software,2024AR_Banos Dairy_4667 Ave 23.5_Madera,27,28,2,fresno_madera,manure
Bear 5 Forlot,11985 Bear 13Kto 93311,,,Bruchera,Bux 20845 93390,American,American,,,,,,,,,,,,,1/14-11/13/24,,2024-11-13,False,UNSURE,,,,,,,,,,,,,,%,,R5-2013-0122_general_order,2024AR_Bear 5 Feedlot_12841 Bear Moutain Blvd_Kern,53,54,1,kern,unknown
Bem 5 Fam Let,11983 Been 93311,,,Brauchena Al,Bax 20855 93390,Aginow Inl,9442 Bear 9311,,,,,,,,,,,,,3/3-12/28/29,,2024-12-28,False,UNSURE,,,,,,,,,,,,71.0,,%,,R5-2013-0122_general_order,2024AR_Bear 5 Feedlot_12841 Bear Moutain Blvd_Kern,55,56,2,kern,unknown
Bear Mountain Dairy,4551 Bear Mountain Blvd Bakersfield CA 93313,,,Brachena Ag Services INC,9442 Bear Mountain Blvd. Bakersfield CA 93311,Grimmway Farms,,Po Box 81498 Bakersfield CA Aar Bho,,Farmer,,,,,,,,,,May 1 2024-May 31 2024,2024-05-01,2024-05-31,False,UNSURE,,,,,,,,,4041.0,,,,70.0,,,R5-2007-0035_one_page_2,2024AR_Bear Mountain Dairy,82,82,1a,kern,manure
Bear Mountain Dairy,4551 Bear Mountain Blvd Bakersfield CA 93313,,,Brachena Ag Services INC,9442 Bear Mountain Blvd. Bakersfield CA 93311,Grimmway Farms,,Po Box 81498 Bakersfield CA Aar Bho,,Farmer,,,,,,,,,,Nov 1 2024-Nov 30 2024,2024-11-01,2024-11-30,False,UNSURE,,,,,,,,,10631.0,,,,70.0,,,R5-2007-0035_one_page_2,2024AR_Bear Mountain Dairy,82,82,1b,kern,manure
Bear Mountain Dairy,4551 Bear Mountain Blvd Bakersfield CA 93313,,,Brachena Ag Services INC,9442 Bear Mountain Blvd. Bakersfield CA 93311,American Ag INC.,,Po Box 20370 Bakersfield CA Aar Bho,,Farmer,,,,,,,,,,Jun 1 2024-Jun 30 2024,2024-06-01,2024-06-30,False,UNSURE,,,,,,,,,5383.0,,,,70.0,,,R5-2007-0035_one_page_2,2024AR_Bear Mountain Dairy,84,84,2a,kern,manure
Bear Mountain Dairy,4551 Bear Mountain Blvd Bakersfield CA 93313,,,Brachena Ag Services INC,9442 Bear Mountain Blvd. Bakersfield CA 93311,American Ag INC.,,Po Box 20370 Bakersfield CA Aar Bho,,Farmer,,,,,,,,,,Aug 1 2024-Aug 31 2024,2024-08-01,2024-08-31,False,UNSURE,,,,,,,,,10880.0,,,,68.0,,,R5-2007-0035_one_page_2,2024AR_Bear Mountain Dairy,84,84,2b,kern,manure
Bear Mountain Dairy,4551 Bear Mountain Blvd Bakersfield CA 93313,,,Brachena Ag Services INC,9442 Bear Mountain Blvd. Bakersfield CA 93311,Kirschenman Enterprises,,Po Box 27 A Ce Too If La Yd Ft Het,,Farmer,,,,,,,,,,Feb 1 2024-Feb 29 2024,2024-02-01,2024-02-29,False,UNSURE,,,,,,,,,4859.0,,,,67.0,,,R5-2007-0035_one_page_2,2024AR_Bear Mountain Dairy,86,86,3a,kern,manure
Bear Mountain Dairy,4551 Bear Mountain Blvd Bakersfield CA 93313,,,Brachena Ag Services INC,9442 Bear Mountain Blvd. Bakersfield CA 93311,Kirschenman Enterprises,,Po Box 27 A Ce Too If La Yd Ft Het,,Farmer,,,,,,,,,,Nov 1 2024-Nov 30 2024,2024-11-01,2024-11-30,False,UNSURE,,,,,,,,,1139.0,,,,66.0,,,R5-2007-0035_one_page_2,2024AR_Bear Mountain Dairy,86,86,3b,kern,manure
Bear Mountain Dairy,4551 Bear Mountain Blvd Bakersfield CA 93313,,,Brachena Ag Services INC,9442 Bear Mountain Blvd. ~ Bakersfield Ca93311...S™” Tot Ttt,Ag Now Corp.,,9442 Bear Mountain Blvd. Bakersfield CA Aar Bho,,Farmer,,,,,,,,,,Aug 1 2024-Aug 31 2024,2024-08-01,2024-08-31,False,UNSURE,,,,,,,,,7033.0,,,,70.0,,,R5-2007-0035_one_page_2,2024AR_Bear Mountain Dairy,88,88,4a,kern,manure
Bear Mountain Dairy,4551 Bear Mountain Blvd Bakersfield CA 93313,,,Brachena Ag Services INC,9442 Bear Mountain Blvd. ~ Bakersfield Ca93311...S™” Tot Ttt,Ag Now Corp.,,9442 Bear Mountain Blvd. Bakersfield CA Aar Bho,,Farmer,,,,,,,,,,Sep 1 2024-Sep 30 2024,2024-09-01,2024-09-30,False,UNSURE,,,,,,,,,6911.0,,,,70.0,,,R5-2007-0035_one_page_2,2024AR_Bear Mountain Dairy,88,88,4b,kern,manure
Bear Mountain Dairy,4551 Bear Mountain Blvd Bakersfield CA 93313,,,Brachena Ag Services INC,9442 Bear Mountain Blvd. Bakersfield CA 93311,Greg Tesch,,I 200 Hume Lane Bakersfield CA Aar Bho,,Farmer,,,,,,,,,,Jun 1 2024-Jun 30 2024,2024-06-01,2024-06-30,False,UNSURE,,,,,,,,,3009.0,,,,68.0,,,R5-2007-0035_one_page_2,2024AR_Bear Mountain Dairy,90,90,5a,kern,manure
Big De Dairy Lp,2947 W Manning Ave Fresno Fresno 93706,,,Larry Burrows Spreading,11751 W. Jensen Avenue Kerman CA 93630,Larry Burrow Spreading,11751 W. Jensen Avenue Kerman CA 93630,Fresno 93706,Central And Dickensen Avenues Fresno,Broker,,,,,,,,,,01/25/2024,,2024-01-25,False,UNSURE,,,,,,,,,2500.0,,,58.2,,An Average Of Scale Weighed Oads Multiplied By The Total Number Of Loads Exported,,R5-2007-0035_software,2024AR_Big De Cattle Dairy_2947 W Manning Ave_Fresno,68,69,1,fresno_madera,manure
Big De Dairy Lp,2947 W Manning Ave Fresno Fresno 93706,,,Larry Burrows Spreading,11751 W. Jensen Avenue Kerman CA 93630,Larry Burrow Spreading,11751 W. Jensen Avenue Kerman CA 93630,Fresno 93706,Cornelia And American Avenues Fresno,Broker,,,,,,,,,,01/26/2024,,2024-01-26,False,UNSURE,,,,,,,,,2875.0,,,58.2,,An Average Of Scale Weighed Oads Multiplied By The Total Number Of Loads Exported,,R5-2007-0035_software,2024AR_Big De Cattle Dairy_2947 W Manning Ave_Fresno,70,71,2,fresno_madera,manure
Big De Dairy Lp,2947 W Manning Ave Fresno Fresno 93706,,,Larry Burrows Spreading,11751 W. Jensen Avenue Kerman CA 93630,Larry Burrow Spreading,11751 W. Jensen Avenue Kerman CA 93630,Fresno 93706,Central And Rolinda Avenues Fresno,Broker,,,,,,,,,,04/27/2024,,2024-04-27,False,UNSURE,,,,,,,,,2000.0,,,81.8,,An Average Of Scale Weighed Oads Multiplied By The Total Number Of Loads Exported,,R5-2007-0035_software,2024AR_Big De Cattle Dairy_2947 W Manning Ave_Fresno,72,73,3,fresno_madera,manure
Big De Dairy Lp,2947 W Manning Ave Fresno Fresno 93706,,,Larry Burrows Spreading,11751 W. Jensen Avenue Kerman CA 93630,Larry Burrow Spreading,11751 W. Jensen Avenue Kerman CA 93630,Fresno 93706,Central And Rolinda Avenues Fresno,Broker,,,,,,,,,,05/25/2024,,2024-05-25,False,UNSURE,,,,,,,,,2000.0,,,,,An Average Of Scale Weighed Oads Multiplied By The Total Number Of Loads Exported,,R5-2007-0035_software,2024AR_Big De Cattle Dairy_2947 W Manning Ave_Fresno,74,75,4,fresno_madera,manure
Bill Idsinga Dairy,4595 Houston Ave. Hanford 93230,,,Gutierrez Spreading,3612 Ave. 236 Tulare 93274,West Coast & Gravel,Manure/Process Wastewater Hauler Information,,,,,,,,,,,,,6/1-7/1/24,,2024-07-01,False,UNSURE,,,,,,,,,3000.0,,,,,,,R5-2007-0035_one_page_1,2024AR_Bill Idsinga Dairy_4595 Houston Ave_Kings,33,33,1,,manure
Black Diamond Dai,18541 S Fruit Ave Riverdale Fresno 93656,,,Black Diamond,18607 Fruit Ave Riverdale CA 93656,Paul Singh,18607 Fruit Riverdale CA 93656,Riverdale 93656,Fruit Fresno,Farmer,,,,,,,,,,02/25/2024,,2024-02-25,False,UNSURE,,,,,6400000.0,,,,,,,,,,GPM X Runtime,R5-2007-0035_software,2024AR_Black Diamond Dairy_18789 S Fruit Ave_Fresno,36,37,1,fresno_madera,wastewater
Black Diamond Dairy,18541 S Fruit Ave Riverdale Fresno 93656,,,Black Diamond,18607 Fruit Ave Riverdale CA 93656,Paul Singh,18607 Fruit Riverdale CA 93656,Riverdale 93656,Fruit Fresno,Farmer,,,,,,,,,,05/10/2024,,2024-05-10,False,UNSURE,,,,,6250000.0,,,,,,,,,,GPM X Runtime,R5-2007-0035_software,2024AR_Black Diamond Dairy_18789 S Fruit Ave_Fresno,38,39,2,fresno_madera,wastewater
Black Diamond Dai,18541 S Fruit Ave Riverdale Fresno 93656,,,Thomas Bros Spreading,19721 Excesisior Riverdale CA 93656,Mike Smith,1755 Mt. Riverdale CA 93656,Riverdale 93656,Across From Andrew/Fruit & West Fresno,Farmer,,,,,,,,,,10/10/2024,,2024-10-10,False,UNSURE,,,,,,,,,3580.0,,,71.8,,Weighted Average,,R5-2007-0035_software,2024AR_Black Diamond Dairy_18789 S Fruit Ave_Fresno,40,41,3,fresno_madera,manure
Black Diamond Dai,18541 S Fruit Ave Riverdale Fresno 93656,,,Netto Ag,10044 Flint Ave Hanford CA 93230,Mike Smith,1755 Mt. Riverdale CA 93656,Riverdale 93656,Fruit Fresno,Farmer,,,,,,,,,,10/10/2024,,2024-10-10,False,UNSURE,,,,,2519000.0,,,,,,,,,,GPM X Runtime,R5-2007-0035_software,2024AR_Black Diamond Dairy_18789 S Fruit Ave_Fresno,42,43,4,fresno_madera,wastewater
Black Diamond Dairy,18541 S Fruit Ave Riverdale Fresno 93656,,,Black Diamond,18607 Fruit Ave Riverdale CA 93656,Paul Singh,18607 Fruit Riverdale CA 93656,Riverdale 93656,Fruit Fresno,Farmer,,,,,,,,,,10/15/2024,,2024-10-15,False,UNSURE,,,,,6320000.0,,,,,,,,,,GPM X Runtime,R5-2007-0035_software,2024AR_Black Diamond Dairy_18789 S Fruit Ave_Fresno,44,45,5,fresno_madera,wastewater
,13511 Road 120 Tipton 93272,,,,,Melvin & Leonard Cardoza,Manure/Process Wastewater Hauler Information,Road 120 Tipton,,,,300-020-030,,,,,,,,6/1-7/1/24,,2024-07-01,False,UNSURE,,,,,,,,,2700.0,,,,,,,R5-2007-0035_one_page_1,2024AR_Borba & Sons_13511 Rd 120_Tulare,50,50,1,tulare_east,manure
Brian Jongsma Brian James Jongsma Dairy,Ave 160 Road 68 Tipton CA 93272,,,Cain Twicking INC.,23004 Road 140 Tulare 93274,Cain Trucking INC.,Manure/Process Wastewater Hauler Information,7559 Ave. 152 Tipton 93272,,,,,,,,,,,,October 25 2024 October 28 2024 October 29 2024 October 30 2024,2024-10-25,2024-10-30,False,UNSURE,,,,,,,,,3760.0,,,50.5,,,,R5-2007-0035_one_page_1,2024AR_Brian James Jongsma Dairy_16026 Road 64_W Tulare,20,20,1,,manure
Brian Jongsma Brian James Jongsma Dairy,Ave 160 Road 68 Tipton CA 93272,,,Cain Twicking INC.,23004 Road 140 Tulare 93274,Cain Trucking INC.,Manure/Process Wastewater Hauler Information,7559 Ave. 152 Tipton 93272,,,,,,,,,,,,3/13 2829/2024 6/710 1112/24 7/2223/2024,,,False,UNSURE,,,,,,,,,8655.5,,,523.0,,,,R5-2007-0035_one_page_1,2024AR_Brian James Jongsma Dairy_16026 Road 64_W Tulare,21,21,2,,manure
Cer Dairy,10Th Ave. Hanford 93230,,,,;,Larry Soares,Manure/Process Wastewater Hauler Information,,,,,,,,,,,,,Entive Year,2024-01-01,2024-12-31,False,UNSURE,,,,,,,,,4900.0,,,,,,,R5-2007-0035_one_page_1,2024AR_C&R Dairy_15336 10th Ave_Kings,49,49,1,,manure
Cedar Avenue Feedlot,21622 Cedar Avenue Laton Fresno 93242,,,Thomas Bros Spreading,19721 Excesisior Riverdale CA 93656,Thomas Bros Hauling,19721 Excesisior Riverdale CA 93656,19721 Exceslsior Riverdale 93656,Stockpile Fresno,Broker,,,,,,,,,,09/10/2024,,2024-09-10,False,UNSURE,,,,,,,,,1920.0,,,50.2,,Weighted Average,,R5-2007-0035_software,2024AR_Cedar Avenue Feedlot_21622 S Cedar Ave_Fresno,32,33,1,fresno_madera,manure
Cedar Avenue Feedlot,21622 Cedar Avenue Laton Fresno 93242,,,Thomas Bros Spreading,19721 Excesisior Riverdale CA 93656,Thomas Bros Hauling,19721 Exceslsior Riverdale CA 93656,Riverdale 93656,Stockpile Fresno,Broker,,,,,,,,,,07/05/2024,,2024-07-05,False,UNSURE,,,,,,,,,600.0,,,51.0,,Weighted Average,,R5-2007-0035_software,2024AR_Cedar Avenue Feedlot_21622 S Cedar Ave_Fresno,34,35,2,fresno_madera,manure
Channel Islands Dairy Farms,13406 Rd 24 Corcoran 93212,,,Channel Islands Dairy Farms,Same As Above,Sandridge Partners Lp,960 N San Antonio Rd Ste 114 Los Altos,Same As Above,,,,,,,,,,,,March-Dec 24,2024-03-01,2024-12-31,False,UNSURE,,,,,,,,,,,,,,Scale- Amount.,,R5-2007-0035_general_order,"2024AR_Channel Islands Dairy Farms, LLC_13406 Road 24_W Tulare",21,22,1,tulare_west,unknown
Jongsma Dairy,15759 Avenue 128 Tipton CA 93272,,,E.W. Merritt Farms,11188 Road 192 Porterville CA 93257,Merritt Yard,11188 Road 192 Porterville CA 93257,,,Farmer,,,,,,,,,,5/26/2024,,2024-05-26,False,UNSURE,,,,,,,,,1700.0,,,74.9,,,,R5-2013-0122_general_order,2024AR_Chris & John Jongsma Dairy_15759 Ave 128_Tulare,34,35,1,,manure
Contente And Company,7900 15Th Ave. Hanford. 93230,,,B Mello Ag Services,5771 7Th Ave Hanford 93230,Nick Faria,353717Thhance Leena06Pe 9393345,13Th Ave & Grangeville Blvd Hanford 93230,,,,,,,,,,,,9-28-24,,2024-09-28,False,UNSURE,,,,,,,,,1000.0,,,,,,,R5-2007-0035_general_order,2024AR_Contente & Co Dairy_7900 15th Ave_Kings,156,157,1,kings,manure
Contente And Company,7900 15Th Ave. Hanford. 93230,,,B Mello Ag Services,5771 7Th Ave Hanford 93230,Don & Steve Bettencourt Farms,6095 14Th Ave Hanford 93230,14Th Ave & Flint Ave Hanford 93230,,,,,,,,,,,,9-26-24,,2024-09-26,False,UNSURE,,,,,,,,,1200.0,,,,,,,R5-2007-0035_general_order,2024AR_Contente & Co Dairy_7900 15th Ave_Kings,158,159,2,kings,manure
,5735 20Th Avenue Hanford 93230,,,,,Contact Person I,Contact Person I,,,,,,,,,,,,,,,,False,UNSURE,,,,,,,,,,,,,,,Of Wastewater Page 2 Of 3,R5-2007-0035_general_order,2024AR_Contente & Co Ranch_5730 20th Ave_Kings,9,11,1,kings,unknown
Costa View Dairy North,9499 Avenue 20 Chowchilla Madera 93610,,,Kenneth R Stone Spreading Services,5175 Shaw Ave Winton CA 95388,Green Valley Soils,24341 Avenue 14 Madera CA 93637,24341 Avenue 14 Madera 93637,Madera,Farmer,,,,,,,,,,08/05/2024,,2024-08-05,False,UNSURE,,,,,,,,,3885.3,,,97.5,,Number Of Loads Multiplied By Load Weight.,,R5-2007-0035_software,2024AR_Costa View Dairy North_9499 Ave 20_Madera,111,112,1,fresno_madera,manure
Costa View Farms,16800 Road 15 Madera Madera 93637,,,Kenneth R Stone Spreading Services,5175 Shaw Ave Winton CA 95388,Costa View Farms Almond Ranch,16800 Road 15 Madera CA 93637,16800 Road 15 Madera 93637,Madera,Farmer,,,,,,,,,,12/24/2024,,2024-12-24,False,UNSURE,,,,,,,,,8028.0,,,96.8,,Number Of Loads Multiplied By Load Weight,,R5-2007-0035_software,2024AR_Costa View Farms Dairy #2_16800 Road 15_Madera,339,340,1,fresno_madera,manure
Cream Top Darry,,,,Ja Compost INC,2909,Phone Number,Manure/Wastewater Hauler Information,Assessor's Parcel Number,,Compost,,,,,,,,,,4/1/25-6/1/25,2024-04-01,2024-06-01,False,UNSURE,,,,,,,,,,,,,,Hauled In Tons The Manure Solids Content And The Method Used To Calculate The Amount,,R5-2017-0000_general_order,2024AR_Cream Top Dairy_13075 Ave 200_Tulare,70,71,1,,unknown
D & V Dairy,15625 Avenue 144 Tipton CA 93272,,,Merritt Farms,11188 Road 192 Porterville CA 93257,Merritt Yard,Merritt Yard,,,,,,,,,,,,,6/26/2024,,2024-06-26,False,UNSURE,,,,,,,,,2060.0,,,82.1,,,,R5-2013-0122_general_order,2024AR_D & V Dairy_15625 Ave 144_Tulare,35,36,1,,manure
D & V Dairy,15625 Avenue 144 Tipton CA 93272,,,Turning Leaf Organics,14982 Road 152 Tipton CA 93272,Turning Leaf Organics Compost Yard,14982 Road 152 Tipton CA 93272,,,,,,,,,,,,,10/1/2024,,2024-10-01,False,UNSURE,,,,,,,,,18423.0,,,68.0,,,,R5-2013-0122_general_order,2024AR_D & V Dairy_15625 Ave 144_Tulare,38,39,2,,manure
D & V Dairy,15625 Ave 144 Tipton CA 93272,,,Turning Leaf Organics 14982 Road 152 Tipton CA 93272 Phone Number,Turning Leaf Organics 14982 Road 152 Tipton CA 93272 Phone,Turning Leaf Organics,,,,,,,,,,,,36.061093,-119.240392,,,,False,UNSURE,,,,,,,,,,,,,,,,CAG018001,2024AR_D & V Dairy_15625 Ave 144_Tulare,40,40,3,,unknown
D & V Dairy,15625 Avenue 144 Tipton CA 93272,,,Turning Leaf Organics,14982 Road 152 Tipton CA 93272,Turning Leaf Organics Compost Yard,14982 Road 152 Tipton CA 93272,,,,,,,,,,,,,11/13/2024-11/22/2024,2024-11-13,2024-11-22,False,UNSURE,,,,,,,,,2502.0,,,68.0,,,,R5-2013-0122_general_order,2024AR_D & V Dairy_15625 Ave 144_Tulare,41,42,4,,manure
D & V Dairy,,,,Turning Leaf Organics Phone Number,Turning Leaf Organics Phone,Turning Leaf Organics,,,,,,,,,,,,36.0604868,-119.2388644,11/13/24-11/22/24,2024-11-13,2024-11-22,False,UNSURE,,,,,,,,,,,,,,,,CAG018001,2024AR_D & V Dairy_15625 Ave 144_Tulare,43,43,5,,unknown
D & V Dairy,15625 Avenue 144 Tipton CA 93272,,,Turning Leaf Organics,14982 Road 152 Tipton CA 93272,Jace Vdh,Jace Vdh,,,,,,,,,,,,,12/1/2024-12/9/2024,2024-12-01,2024-12-09,False,UNSURE,,,,,,,,,9328.0,,,68.0,,,,R5-2013-0122_general_order,2024AR_D & V Dairy_15625 Ave 144_Tulare,44,45,6,,manure
D & V Dairy,,,,Turning Leaf Organics Phone Number,Turning Leaf Organics Phone,Almonds,,,,,,,,,,,,,,,,,False,UNSURE,,,,,,,,,,,,,,,,CAG018001,2024AR_D & V Dairy_15625 Ave 144_Tulare,46,46,7,,unknown
Dj Dairy,4390 Ave. 352 Kingsburg 93631,,,,,Cottonwood Farms,Manure/Process Wastewater Hauler Information,,,,,,,,,,,,,Entire Year,2024-01-01,2024-12-31,False,UNSURE,,,,,,,,,7700.0,,,,,,,R5-2007-0035_one_page_1,2024AR_DJ Dairy_4390 Avenue 352_W Tulare,80,80,1,,manure
David Vander Schaaf Dairy,7525 S. Fairfax Rd Bak CA 93307,,,Cabrera Bros. Trucking,10909 Glen Coe Pl. Lamont CA 93241,Jose Cabrera,Jose Cabrera,Fairfax And Panama Lane,,,,,,,,,,,,8/20/24-9/9/24,2024-08-20,2024-09-09,False,UNSURE,,,,,6.0,,,,1800.0,,,56.8,,,,R5-2013-0122_general_order,2024AR_David Vander Schaaf_7524 South Fairfax Rd_Kern,21,22,1,kern,both
David Vander Schaaf Dairy,7524 S. Fairfax Road Bakersfield CA 93307,,,Curtis Vanden Berge,,Curtis Vanden Berge,Curtis Vanden Berge,4101 Kimber Ave Bakersfied CA 93307,,,,,,,,,,,,4/18/2024,,2024-04-18,False,UNSURE,,,,,,,,,300.0,,,57.0,,,,R5-2013-0122_general_order,2024AR_David Vander Schaaf_7524 South Fairfax Rd_Kern,23,24,2,kern,manure
Decade Dairy,3313 Avenue 256 Tulare CA 93274,,,Decade Dairy,3313 Avenue 256 Tulare CA 93274,Tri Palm Dairy,2429 Idaho Avenude Hanford CA 93230,,,Farmer,,,,,,,,,,4/15/2024 5/7&10/2024 6/10&13/2024 7/15&18/2024,,2024-04-15,False,UNSURE,,,,,7168656.0,,,,264.0,,,38.1,,,,R5-2013-0122_general_order,2024AR_Decade Dairy_3313 Avenue 256_W Tulare,35,36,1,,both
Diamond D Dairy,9423 Idaho Ave Hanford 93230,,,Larry Brown Truck Systems,15970 Houston Ave Lemoore 93245,Opc Farms,,27887 Jackson Ave Lemoore 93245,,,,,,,,,,,,,,,False,UNSURE,,,,,,,,,7400.0,,,,,Scale,,provost_pritchard_manifest,2024AR_Diamond D LLC Dairy_9423 Idaho Ave_Kings,66,67,1,,manure
Diamond D Dairy,9423 Idaho Ave Hanford 93230,,,,,Alcala Farms,,8265 Hanford-Armona Rd Hanford 93230,,,,016-270-066,,,,,,,,01/01/24,,2024-01-01,False,UNSURE,,,,,7000000.0,,,,,,,,,,Flow Meter And Estimation,provost_pritchard_manifest,2024AR_Diamond D LLC Dairy_9423 Idaho Ave_Kings,68,69,2,,wastewater
Diamond D Dairy,9423 Idaho Ave Hanford 93230,,,,,Dean Grabow Property,,"12522 9!"" Ave Hanford 93230",,,,016-270-010-033,,,,,,,,01/01/24,,2024-01-01,False,UNSURE,,,,,7000000.0,,,,,,,,,,,provost_pritchard_manifest,2024AR_Diamond D LLC Dairy_9423 Idaho Ave_Kings,70,71,3,,wastewater
Diamond D Dairy,9423 Idaho Ave Hanford 93230,,,,,Jr Land Company LLC,,8265 Hanford Armona Rd Hanford 93230,,,,028-090-001022,,,,,,,,01/01/24,,2024-01-01,False,UNSURE,,,,,16000000.0,,,,,,,,,,,provost_pritchard_manifest,2024AR_Diamond D LLC Dairy_9423 Idaho Ave_Kings,72,73,4,,wastewater
Double J Dairy,6656 Avenue 328 Visalia CA 93291,,,Double J Dairy,6656 Avenue 328 Visalia CA 93291,Jay Te Velde,6656 Avenue 328 Visalia CA 93291,,,,,045-070-010,,,,,,,,11/1/2024,,2024-11-01,False,UNSURE,,,,,,,,,2015.0,,,40.6,,,,R5-2013-0122_general_order,2024AR_Double J Dairy_6656 Ave 328_Tulare,50,51,1,,manure
Double J Dairy,6656 Avenue 328 Visalia CA 93291,,,Double J Dairy,6656 Avenue 328 Visalia CA 93291,Jay Te Velde,6656 Avenue 328 Visalia CA 93291,Road 80 And Avenue 336,,,,,,,,,,,,11/5/2024,,2024-11-05,False,UNSURE,,,,,,,,,2600.0,,,40.6,,,,R5-2013-0122_general_order,2024AR_Double J Dairy_6656 Ave 328_Tulare,52,53,2,,manure
Double J Dairy,6656 Avenue 328 Visalia CA 93291,,,Double J Dairy,6656 Avenue 328 Visalia CA 93291,Jay Te Velde,6656 Avenue 328 Visalia CA 93291,,,,,048-140-008,,,,,,,,11/10/2024,,2024-11-10,False,UNSURE,,,,,,,,,2700.0,,,40.6,,,,R5-2013-0122_general_order,2024AR_Double J Dairy_6656 Ave 328_Tulare,54,55,3,,manure
Double J Dairy,6656 Avenue 328 Visalia CA 93291,,,Double J Dairy,6656 Avenue 328 Visalia CA 93291,Jay Te Velde,6656 Avenue 328 Visalia CA 93291,Road 68 And Avenue 320,,,,,,,,,,,,11/15/2024,,2024-11-15,False,UNSURE,,,,,,,,,3000.0,,,40.6,,,,R5-2013-0122_general_order,2024AR_Double J Dairy_6656 Ave 328_Tulare,56,57,4,,manure
Double J Dairy,6656 Avenue 328 Visalia CA 93291,,,Double J Dairy,6656 Avenue 328 Visalia CA 93291,Jay Te Velde,6656 Avenue 328 Visalia CA 93291,,,,,072-030-009,,,,,,,,11/20/2024,,2024-11-20,False,UNSURE,,,,,,,,,4100.0,,,40.6,,,,R5-2013-0122_general_order,2024AR_Double J Dairy_6656 Ave 328_Tulare,58,59,5,,manure
Double J Dairy,6656 Avenue 328 Visalia CA 93291,,,Double J Dairy,6656 Avenue 328 Visalia CA 93291,Jay Te Velde,6656 Avenue 328 Visalia CA 93291,7Th Avenue And Dover Ave,,,,,,,,,,,,11/25/2024,,2024-11-25,False,UNSURE,,,,,,,,,3400.0,,,40.6,,,,R5-2013-0122_general_order,2024AR_Double J Dairy_6656 Ave 328_Tulare,60,61,6,,manure
,,,,Netto Ag Inc./Frank Netto,10044 Flint Ave Hanford CA 93230,,,Dias Ranch,,Farmer,,,,,,,,,,10/16-10/21 & 10/29/24,,2024-10-29,False,UNSURE,,,,,2216000.0,,,,,,,,,,,R5-2007-0035_general_order,2024AR_Dover Dairy_4265 Dover Ave_Kings,137,138,1,kings,wastewater
E. Mendes Dai,23568 Fargo Ave Lemoore Kings 93245,,,Thomas Bros Spreading,19721 Excesisior Riverdale CA 93656,Thomas Bros Hauling,19721 Exceslsior Riverdale CA 93656,Riverdale 93656,Stockpile Fresno,Broker,,,,,,,,,,06/22/2024,,2024-06-22,False,UNSURE,,,,,,,,,2800.0,,,73.1,,Weighted Average,,R5-2007-0035_software,2024AR_E Mendes Dairy_23568 Fargo Ave_Kings,38,39,1,kings,manure
East Ridge Dairy,14153 Rd 168 Porterville CA 93257,,,Turning Leaf Organics,14982 Road 152 Tipton CA 93272,Can Rey Farms,Can Rey Farms,,,,,,,,,,,,,12/1/2024-12/9/2024,2024-12-01,2024-12-09,False,UNSURE,,,,,,,,,1122.0,,,65.9,,,,R5-2013-0122_general_order,2024AR_East Ridge Farms_14153 Rd 168_Tulare,34,35,1,,manure
Eastridge Dairy,,,,Turning Leaf Organics Phone Number,Turning Leaf Organics Phone,Walnuts,,,,,,,,,,,,,,,,,False,UNSURE,,,,,,,,,,,,,,,,CAG018001,2024AR_East Ridge Farms_14153 Rd 168_Tulare,36,36,2,,unknown
East Ridge Dairy,14153 Rd 168 Porterville CA 93257,,,Turning Leaf Organics,14982 Road 152 Tipton CA 93272,Turning Leaf Organics Compost Yard,14982 Road 152 Tipton CA 93272,,,,,,,,,,,,,11/14/2024-11/22/2024,2024-11-14,2024-11-22,False,UNSURE,,,,,,,,,3330.0,,,65.9,,,,R5-2013-0122_general_order,2024AR_East Ridge Farms_14153 Rd 168_Tulare,37,38,3,,manure
Eastridge Dairy,15625 Ave 144 Tipton CA 93272,,,Turning Leaf Organics Phone Number,Turning Leaf Organics Phone,Turning Leaf Organics Compost Yard,,,,,,,,,,,,36.0604868,-119.2388644,11/14/24-11/22/24,2024-11-14,2024-11-22,False,UNSURE,,,,,,,,,,,,,,,,CAG018001,2024AR_East Ridge Farms_14153 Rd 168_Tulare,39,39,4,,unknown
El Monte Dary,; 10410 Ave 160 Typton 93272,,,Cain Tricking INC.,23004 Road 140 Tulare 93274,Cain Trucking INC,Manure/Process Wastewater Hauler Information,7559 Ave. 152 Tipton 93272,,,,,,,,,,,,Jan. 17Th-18Th 2024 Feb. 28Th-29Th 2024-Oct. 23-242024 Nov. 22 425 2024,2024-01-01,2024-11-01,False,UNSURE,,,,,,,,,,,,20.0,,,,R5-2007-0035_one_page_1,2024AR_El Monte Dairy_10410 Avenue 160_W Tulare,119,119,1,tulare_west,unknown
Elbow Creek Dairy,34537 Road 124 Visalia 93291,,,Netto Ag Inc./Frank Netto,10044 Flint Ave Hanford CA 93230,Elbow Creek Dair',Elbow Creek Dair',Ave 384 & Rd 88,,Farmer,,,,,,,,,,1/17-1/19/24,,2024-01-19,False,UNSURE,,,,,,,,,1620.0,,,,,,,R5-2007-0035_general_order,2024AR_Elbow Creek Dairy_34537 Rd 124_Tulare,28,29,1,,manure
Elbow Creek Dairy,34537 Road 124 Visalia CA 93291,,,Netto Ag Inc./Frank Netto,10044 Flint Ave Hanford CA 93230,Bb&B Farms,34098 Rd. 140 Visalia 93292 (59)302-8237,34098 Rd. 140 Visalia 93292,,Farmer,,,,,,,,,,11/1 & 11/2/24,,2024-11-02,False,UNSURE,,,,,,,,,320.0,,,89.8,,,,R5-2007-0035_general_order,2024AR_Elbow Creek Dairy_34537 Rd 124_Tulare,30,31,2,,manure
Elbow Creek Dairy,34537 Road 124 Visalia CA 93291,,,Netto Ag Inc./Frank Netto,10044 Flint Ave Hanford CA 93230,Bb&B Farms,34098 Rd. 140 Visalia 93292,34098 Rd. 140 Visalia 93292,,Farmer,,,,,,,,,,11/2 & 11/4/24,,2024-11-04,False,UNSURE,,,,,,,,,400.0,,,89.8,,,,R5-2007-0035_general_order,2024AR_Elbow Creek Dairy_34537 Rd 124_Tulare,32,33,3,,manure
Elbow Creek Dairy,34537 Road 124 Visalia CA 93291,,,Netto Ag Inc./Frank Netto,10044 Flint Ave Hanford CA 93230,Bb&B Farms,34098 Rd. 140 Visalia 93292,34098 Rd. 140 Visaia 93292,,Farmer,,,,,,,,,,11/4-11/6/24,,2024-11-06,False,UNSURE,,,,,,,,,2360.0,,,89.8,,,,R5-2007-0035_general_order,2024AR_Elbow Creek Dairy_34537 Rd 124_Tulare,34,35,4,,manure
Elbow Creek Dairy,34537 Road 124 Visalia CA Tulare,,,Cain Twicking INC.,23004 Road 140 Tulare 93274,Cain Trucking INC.,Manure/Process Wastewater Hauler Information,7559 Ave. 152 Tipton 93272,,,,,,,,,,,,5/8-13/2024,2024-05-08,2024-05-13,False,UNSURE,,,,,,,,,5835.5,,,89.8,,,,R5-2007-0035_one_page_1,2024AR_Elbow Creek Dairy_34537 Rd 124_Tulare,36,36,5,,manure
Elkhorn Daine,10400 Ave 368 Visalia 93292,,,,,Cottonwood Farms,Manure/Process Wastewater Hauler Information,,,,,,,,,,,,,Entire Year,2024-01-01,2024-12-31,False,UNSURE,,,,,,,,,7500.0,,,,,,,R5-2007-0035_one_page_1,2024AR_Elkhorn Dairy_10400 Ave 368_Tulare,165,165,1,,manure
,7585 Ave. 152 Tipton 93272,,,,,Fel Barcellos # 1,Manure/Process Wastewater Hauler Information,,,Dairy,,,,,,,,,,611-7/1/24,,2024-07-01,False,UNSURE,,,,,,,,,2100.0,,,,,,,R5-2007-0035_one_page_1,2024AR_F & L Barcellos #2_7585 Avenue 152_W Tulare,29,29,1,,manure
Faial Farms 2,18683 Magnolia Ave Shafter CA 93263 I,,,T/M Composting,4322 Saco Rd. Bakersfield CA 93308,T/M Composting,,4322 Saco Rd Bakersfield CA 12/30/2024,,Composting Facility,,,,,,,,,,Jun 1 2024-Jun 30 2024,2024-06-01,2024-06-30,False,UNSURE,,,,,,,,,5997.0,,,,68.0,,,R5-2007-0035_one_page_2,2024AR_Faial Farms 2 Dairy,65,65,1a,kern,manure
Faial Farms 2,18683 Magnolia Ave Shafter CA 93263 I,,,T/M Composting,4322 Saco Rd. Bakersfield CA 93308,T/M Composting,,4322 Saco Rd Bakersfield CA 12/30/2024,,Composting Facility,,,,,,,,,,Jul 1 2024-Jul 31 2024,2024-07-01,2024-07-31,False,UNSURE,,,,,,,,,6536.0,,,,64.0,,,R5-2007-0035_one_page_2,2024AR_Faial Farms 2 Dairy,65,65,1b,kern,manure
Faial Farms 2,18683 Magnolia Ave Shafter CA 93263 I,,,T/M Composting,4322 Saco Rd. Bakersfield CA 93308,T/M Composting,,4322 Saco Rd Bakersfield CA 12/30/2024,,Composting Facility,,,,,,,,,,Aug 1 2024-Aug 31 2024,2024-08-01,2024-08-31,False,UNSURE,,,,,,,,,7878.0,,,,68.0,,,R5-2007-0035_one_page_2,2024AR_Faial Farms 2 Dairy,65,65,1c,kern,manure
Fem Oaks Farms,17001 Ave. 160 Porterville 93257,,,,,Fernandes Porterville,Manure/Process Wastewater Hauler Information,,,Dairy,,300-310-013,,,,,,,,6/1-7/1/24,,2024-07-01,False,UNSURE,,,,,,,,,5800.0,,,,,,,R5-2007-0035_one_page_1,2024AR_Fern Oak Farms Dairy_17001 Ave 160_Tulare,110,110,1,,manure
Five Star,14552 Ave. 152 Tipton 93272,,,,,Faria Farms,Manure/Process Wastewater Hauler Information,,,Dairy,,300-040-018,,,,,,,,611-711/24,,2024-06-11,False,UNSURE,,,,,,,,,5000.0,,,,,,,R5-2007-0035_one_page_1,2024AR_Five Star Dairy_14552 Ave 152_Tulare,101,101,1,,manure
Flatland Farms LLC,8431 15™ Ave Hanford 93230,,,Mello Trucking,9900 15Th Ave Hanford 93230,Daniel Soares,5835 Ave Hanford 93230,5835 13™ Ave Hanford 93230,,,,,,,,,,,,1-1-24-12-31-24,2024-01-01,2024-12-31,False,UNSURE,,,,,,,,,4700.0,,,85.0,,Scale,,R5-2007-0035_general_order,2024AR_Flatland Farms LLC_8483 15th Ave_Kings,49,50,1,kings,manure
Flatland Farms LLC,8431 15 Ave Hanford 93230,,,Dan & Steve Bettencourt Farms,6095 14Th Ave Hanford 93230,Dan & Steve Bettencourt Farms,6095 14Th Ave Hanford 93230,15Th & Fargo Hanford 93230,,,,,,,,,,,,1-1-24-12-31-24,2024-01-01,2024-12-31,False,UNSURE,,,,,505000.0,,,,,,,,,,Pump Rate,R5-2007-0035_general_order,2024AR_Flatland Farms LLC_8483 15th Ave_Kings,51,52,2,kings,wastewater
Flatland Farms LLC,8431 15 Ave Hanford 93230,,,Pat J. Duarte Farm,1728 Mckinley Ave Hanford 93230,Joe Duarte,1728 Mckinley Ave Hanford 93230,,,,,005-080-007,,,,,,,,1-1-24-12-31-24,2024-01-01,2024-12-31,False,UNSURE,,,,,525000.0,,,,,,,,,,Pump Rate,R5-2007-0035_general_order,2024AR_Flatland Farms LLC_8483 15th Ave_Kings,53,54,3,kings,wastewater
Flint Dairy,6511 Flint Ave. Hanford Kings 93230,,,B. Mello Ag Services,5771 7Th Avenue Hanford CA 93230,Family Orchards INC,13085 Zediker Ave Kingsburg CA 93631,13085 S Zediker Ave Kingsburg 93631,Fresno,Farmer,,,,,,,,,,01/01/2024,,2024-01-01,False,UNSURE,,,,,,,,,350.0,,,24.4,,Number Of Loads Multiplied By Load Weight,,R5-2007-0035_software,2024AR_Flint Dairy_6511 Flint Ave_Kings,150,151,1,kings,manure
Flint Dairy,6511 Flint Ave. Hanford Kings 93230,,,B. Mello Ag Services,5771 7Th Avenue Hanford CA 93230,Salazar Farms,92 Kingsburg CA 93631,92 Po Box Kingsburg 93631,Fresno,Farmer,,,,,,,,,,01/09/2024,,2024-01-09,False,UNSURE,,,,,,,,,450.0,,,24.4,,Number Of Loads Multiplied By Load Weight,,R5-2007-0035_software,2024AR_Flint Dairy_6511 Flint Ave_Kings,152,153,2,kings,manure
Flint Dairy,6511 Flint Ave. Hanford Kings 93230,,,B. Mello Ag Services,5771 7Th Avenue Hanford CA 93230,M D B Farms,5220 Flint Ave Hanford CA 93230,5520 Flint Ave Hanford 93230,Kings,Farmer,,,,,,,,,,01/13/2024,,2024-01-13,False,UNSURE,,,,,,,,,500.0,,,24.4,,Number Of Loads Multiplied By Load Weight,,R5-2007-0035_software,2024AR_Flint Dairy_6511 Flint Ave_Kings,154,155,3,kings,manure
Flint Dairy,6511 Flint Ave. Hanford Kings 93230,,,B. Mello Ag Services,5771 7Th Avenue Hanford CA 93230,Todd Steele,363 N 5Th Avenue Kingsburg CA 93631,363 N 5Th Ave Kingsburg 93631,Fresno,Farmer,,,,,,,,,,02/02/2024,,2024-02-02,False,UNSURE,,,,,,,,,570.0,,,24.4,,Number Of Loads Multiplied By Load Weight,,R5-2007-0035_software,2024AR_Flint Dairy_6511 Flint Ave_Kings,156,157,4,kings,manure
Flint Dairy,6511 Flint Ave. Hanford Kings 93230,,,B. Mello Ag Services,5771 7Th Avenue Hanford CA 93230,Esajian Family Farms INC,10741 Flint Ave Hanford CA 93230,10741 Flint Ave Hanford 93230,Kings,Farmer,,,,,,,,,,03/14/2024,,2024-03-14,False,UNSURE,,,,,,,,,50.0,,,24.4,,Number Of Loads Multiplied By Load Weight,,R5-2007-0035_software,2024AR_Flint Dairy_6511 Flint Ave_Kings,158,159,5,kings,manure
Flint Dairy,6511 Flint Ave. Hanford Kings 93230,,,B. Mello Ag Services,5771 7Th Avenue Hanford CA 93230,Alvaro Machado Dairy,5230 9Th Ave Hanford CA 93230,5230 9Th Ave Hanford 93230,Kings,Farmer,,,,,,,,,,04/11/2024,,2024-04-11,False,UNSURE,,,,,,,,,400.0,,,24.4,,Number Of Loads Multiplied By Load Weight,,R5-2007-0035_software,2024AR_Flint Dairy_6511 Flint Ave_Kings,160,161,6,kings,manure
Flint Dairy,6511 Flint Ave. Hanford Kings 93230,,,B. Mello Ag Services,5771 7Th Avenue Hanford CA 93230,Superior Soil Supplements Lcc,10367 Houston Ave Lemoore CA 93245,10367 Houston Ave Lemoore 93245,Kings,Farmer,,,,,,,,,,05/13/2024,,2024-05-13,False,UNSURE,,,,,,,,,2300.0,,,24.4,,Number Of Loads Multiplied By Load Weight,,R5-2007-0035_software,2024AR_Flint Dairy_6511 Flint Ave_Kings,162,163,7,kings,manure
Flint Dairy,6511 Flint Ave. Hanford Kings 93230,,,B. Mello Ag Services,5771 7Th Avenue Hanford CA 93230,Alvaro Machado Dairy,5230 9Th Ave Hanford CA 93230,5230 9Th Ave Hanford 93230,Kings,Farmer,,,,,,,,,,05/13/2024,,2024-05-13,False,UNSURE,,,,,,,,,2000.0,,,24.4,,Number Of Loads Multiplied By Load Weight,,R5-2007-0035_software,2024AR_Flint Dairy_6511 Flint Ave_Kings,164,165,8,kings,manure
Flint Dairy,6511 Flint Ave. Hanford Kings 93230,,,B. Mello Ag Services,5771 7Th Avenue Hanford CA 93230,Zak Farms LLC,5415 Boston Ave Kingsburg CA 93631,5415 Boston Ave Kingsburg 93631,Fresno,Farmer,,,,,,,,,,08/29/2024,,2024-08-29,False,UNSURE,,,,,,,,,800.0,,,24.3,,Number Of Loads Multiplied By Load Weight,,R5-2007-0035_software,2024AR_Flint Dairy_6511 Flint Ave_Kings,166,167,9,kings,manure
Flint Dairy,6511 Flint Ave. Hanford Kings 93230,,,B. Mello Ag Services,5771 7Th Avenue Hanford CA 93230,Brown's Dairy,14803 Grangeville Blvd Hanford CA 93230,14803 Grangeville Blvd Hanford 93230,Kings,Farmer,,,,,,,,,,09/18/2024,,2024-09-18,False,UNSURE,,,,,,,,,1400.0,,,24.4,,Number Of Loads Multiplied By Load Weight,,R5-2007-0035_software,2024AR_Flint Dairy_6511 Flint Ave_Kings,168,169,10,kings,manure
Flint Dairy,6511 Flint Ave. Hanford Kings 93230,,,B. Mello Ag Services,5771 7Th Avenue Hanford CA 93230,Brown's Dairy,14803 Grangeville Blvd Hanford CA 93230,14803 Grangeville Blvd Hanford 93230,Kings,Farmer,,,,,,,,,,10/10/2024,,2024-10-10,False,UNSURE,,,,,,,,,800.0,,,24.3,,Number Of Loads Multiplied By Load Weight,,R5-2007-0035_software,2024AR_Flint Dairy_6511 Flint Ave_Kings,170,171,11,kings,manure
Flint Dairy,6511 Flint Ave. Hanford Kings 93230,,,B. Mello Ag Services,5771 7Th Avenue Hanford CA 93230,Family Orchards INC,13085 Zediker Ave Kingsburg CA 93631,13085 S Zediker Ave Kingsburg 93631,Fresno,Farmer,,,,,,,,,,12/23/2024,,2024-12-23,False,UNSURE,,,,,,,,,400.0,,,24.3,,Number Of Loads Multiplied By Load Weight,,R5-2007-0035_software,2024AR_Flint Dairy_6511 Flint Ave_Kings,172,173,12,kings,manure
Flint Dairy,6511 Flint Ave. Hanford Kings 93230,,,— Flint Dairy,6551 Flint Ave Hanford CA 93230,Wilenburg West Feedlot,7442 7Th Ave Hanford CA 93230,7442 7Th Ave Hanford 93230,Kings,Farmer,,,,,,,,,,01/01/2024,,2024-01-01,False,UNSURE,,,,,1629000.0,,,,,,,,,,Pump Rate (GPM) Multiplied By Run Time,R5-2007-0035_software,2024AR_Flint Dairy_6511 Flint Ave_Kings,174,175,13,kings,wastewater
Flint Dairy,6511 Flint Ave. Hanford Kings 93230,,,— Flint Dairy,6551 Flint Ave Hanford CA 93230,Wilenburg West Feedlot,7442 7Th Ave Hanford CA 93230,7442 7Th Ave Hanford 93230,Kings,Farmer,,,,,,,,,,03/25/2024,,2024-03-25,False,UNSURE,,,,,981000.0,,,,,,,,,,Pump Rate (GPM) Multiplied By Run Time,R5-2007-0035_software,2024AR_Flint Dairy_6511 Flint Ave_Kings,176,177,14,kings,wastewater
Flint Dairy,6511 Flint Ave. Hanford Kings 93230,,,— Flint Dairy,6551 Flint Ave Hanford CA 93230,Wilenburg West Feedlot,7442 7Th Ave Hanford CA 93230,7442 7Th Ave Hanford 93230,Kings,Farmer,,,,,,,,,,06/27/2024,,2024-06-27,False,UNSURE,,,,,2481000.0,,,,,,,,,,Pump Rate (GPM) Multiplied By Run Time,R5-2007-0035_software,2024AR_Flint Dairy_6511 Flint Ave_Kings,178,179,15,kings,wastewater
Flint Dairy,6511 Flint Ave. Hanford Kings 93230,,,— Flint Dairy,6551 Flint Ave Hanford CA 93230,Wilenburg West Feedlot,7442 7Th Ave Hanford CA 93230,7442 7Th Ave Hanford 93230,Kings,Farmer,,,,,,,,,,08/02/2024,,2024-08-02,False,UNSURE,,,,,2172000.0,,,,,,,,,,Pump Rate (GPM) Multiplied By Run Time,R5-2007-0035_software,2024AR_Flint Dairy_6511 Flint Ave_Kings,180,181,16,kings,wastewater
Flint Dairy,6511 Flint Ave. Hanford Kings 93230,,,Duran Trucking INC,29435 Borba Rd Gustine CA 95322,Merced Ranch,7745 E Sandy Mush Merced CA 95341,7745 E Sandymush Merced 95341,Merced,Farmer,,,,,,,,,,12/24/2024,,2024-12-24,False,UNSURE,,,,,,,,,3970.8,,,56.9,,Number Of Loads Multiplied By Load Weight,,R5-2007-0035_software,2024AR_Flint Dairy_6511 Flint Ave_Kings,182,183,17,kings,manure
Frank S. Brown,22045 S. Valentine Riverdale 93656,,,Thomas Bros Spreading,5810 23Rd Ave Riverdale 93656,Thomas Bros,5810 23Rd Lave Riverdale 93,,,,,,,,,,,,,1/2/24,,2024-01-02,False,UNSURE,,,,,,,,,480.0,,,,,Luto Avg,,R5-2007-0035_general_order,2024AR_Frank S. Brown Co. Dairy_22045 S Valentine Ave_Fresno,119,120,1,fresno_madera,manure
Frank S. Brown Co.,22045 S. Valentine Riverdale 93656,,,Thomas Bros Spreading,5810 23Rd Ava Riverdale 93656,Manuel Thomas,5810 23Rd Ave Riverdale 93,,,,,,,,,,,,,1/11/24,,2024-01-11,False,UNSURE,,,,,,,,,530.0,,,,,Ltd Avg,,R5-2007-0035_general_order,2024AR_Frank S. Brown Co. Dairy_22045 S Valentine Ave_Fresno,121,122,2,fresno_madera,manure
Frank S. Brown Co.,22045 S. Valentine Riverdale 93656,,,Thomas Bros Spreading,5810 23Rd Ave Riverdale 93656,Manuel Thomas,5810 23Rd Ave Riverdale 93,,,,,,,,,,,,,1/29/24,,2024-01-29,False,UNSURE,,,,,,,,,420.0,,,,,Wid Avg,,R5-2007-0035_general_order,2024AR_Frank S. Brown Co. Dairy_22045 S Valentine Ave_Fresno,123,124,3,fresno_madera,manure
Frank S. Brown Co.,22045 S. Valentine Riverdale 93656,,,Thomas Bros Spreading,5810 23Rd Ave Riverdale 93656,Manuel Thomas,5810 23Rd Ave Riverdale 93,,,,,,,,,,,,,2/15/24,,2024-02-15,False,UNSURE,,,,,,,,,620.0,,,,,Wed Aug,,R5-2007-0035_general_order,2024AR_Frank S. Brown Co. Dairy_22045 S Valentine Ave_Fresno,125,126,4,fresno_madera,manure
Frank S. Brown Co.,22045 S. Valentine Riverdale 93656,,,Thomas Dros Spreading,5810 23Rd Ave Riverdale 93656,Manuel Thomas,5810 23Rd Av. Riverdale 93,,,,,,,,,,,,,3/4/24,,2024-03-04,False,UNSURE,,,,,,,,,570.0,,,,,Luto Avg,,R5-2007-0035_general_order,2024AR_Frank S. Brown Co. Dairy_22045 S Valentine Ave_Fresno,127,128,5,fresno_madera,manure
Frank S. Brown,22045 S. Valentine Riverdale 93656,,,Thomas Bros Spreading,5810 23Rd Ave Riverdale 93656,Manuel Thomas,5810 23Rd Ave 93,,,,,,,,,,,,,4/23/24,,2024-04-23,False,UNSURE,,,,,,,,,1019.2,,,,,Wtd Aug,,R5-2007-0035_general_order,2024AR_Frank S. Brown Co. Dairy_22045 S Valentine Ave_Fresno,129,130,6,fresno_madera,manure
Frank S. Brown Co,22045 S. Valentine Riverdale 93656,,,Thomas Bros Spreading,5810 23Rd Ave Riverdale 93656,Manuel Thomas,5810 23Rd Ave Riverdale 93,,,,,,,,,,,,,5/31/24,,2024-05-31,False,UNSURE,,,,,,,,,100324.0,,,,,Wtd Aug,,R5-2007-0035_general_order,2024AR_Frank S. Brown Co. Dairy_22045 S Valentine Ave_Fresno,131,132,7,fresno_madera,manure
Frea Dairy LLC,6205 S. Brawley Avenue Fresno Fresno 93706,,,Frea Dairy LLC,6205 S. Brawley Avenue Fresno CA 93706,Jim Mattos Farming,3564 W. Clayton Street Fresno CA 93706,Fresno 93706,Brawley And Lincoln Avenues Fresno,Farmer,,,,,,,,,,12/31/2024,,2024-12-31,False,UNSURE,,,,,1423800.0,,,,,,,,,,Runtime Multiplied By The Gallons Per Minute.,R5-2007-0035_software,2024AR_Frea Dairy LLC_6205 S Brawley Ave_Fresno,18,19,1,fresno_madera,wastewater
Frea Dairy LLC,6205 S. Brawley Avenue Fresno Fresno 93706,,,Ray Moles,9685 S. Hughes Avenue Fresno CA 93725,Ray Moles,9685 S. Hughes Fresno CA 93725,Fresno 93706,S. Hughes Fresno,Broker,,,,,,,,,,12/13/2024,,2024-12-13,False,UNSURE,,,,,,,,,770.0,,,85.9,,Averaged Scale Weighed Trucks Multiplied By The Number Of Trucks Hauled.,,R5-2007-0035_software,2024AR_Frea Dairy LLC_6205 S Brawley Ave_Fresno,20,21,2,fresno_madera,manure
Frea Dairy LLC,6205 S. Brawley Avenue Fresno Fresno 93706,,,Ray Moles,9685 S. Hughes Avenue Fresno CA 93725,Ray Moles,9685 S. Hughes Fresno CA 93725,Fresno 93706,S. Hughes Fresno,Broker,,,,,,,,,,11/22/2024,,2024-11-22,False,UNSURE,,,,,,,,,462.0,,,79.3,,Averaged Scale Weighed Trucks Multiplied By The Number Of Trucks Hauled.,,R5-2007-0035_software,2024AR_Frea Dairy LLC_6205 S Brawley Ave_Fresno,22,23,3,fresno_madera,manure
Frea Dairy LLC,6205 S. Brawley Avenue Fresno Fresno 93706,,,Ray Moles,9685 S. Hughes Avenue Fresno CA 93725,Ray Moles,9685 S. Hughes Fresno CA 93725,Fresno 93706,S. Hughes Fresno,Broker,,,,,,,,,,10/22/2024,,2024-10-22,False,UNSURE,,,,,,,,,770.0,,,85.9,,Averaged Scale Weighed Trucks Multiplied By The Number Of Trucks Hauled.,,R5-2007-0035_software,2024AR_Frea Dairy LLC_6205 S Brawley Ave_Fresno,24,25,4,fresno_madera,manure
Frea Dairy LLC,6205 S. Brawley Avenue Fresno Fresno 93706,,,Frea Dairy LLC,6205 S. Brawley Avenue Fresno CA 93706,Jim Mattos Farming,3564 W. Clayton Street Fresno CA 93706,Fresno 93706,S. Brawley & Lincoln Avenue Fresno,Farmer,,,,,,,,,,10/08/2024,,2024-10-08,False,UNSURE,,,,,600000.0,,,,,,,,,,Tank Capacity Multiplied By The Number Of Tanks Applied,R5-2007-0035_software,2024AR_Frea Dairy LLC_6205 S Brawley Ave_Fresno,26,27,5,fresno_madera,wastewater
Frea Dairy LLC,6205 S. Brawley Avenue Fresno Fresno 93706,,,Frea Dairy LLC,6205 S. Brawley Avenue Fresno CA 93706,Jim Mattos Farming,3564 W. Clayton Street Fresno CA 93706,Fresno 93706,Brawley And Lincoln Avenues Fresno,Farmer,,,,,,,,,,09/30/2024,,2024-09-30,False,UNSURE,,,,,762300.0,,,,,,,,,,Runtime Multiplied By The Gallons Per Minute.,R5-2007-0035_software,2024AR_Frea Dairy LLC_6205 S Brawley Ave_Fresno,28,29,6,fresno_madera,wastewater
Frea Dairy LLC,6205 S. Brawley Avenue Fresno Fresno 93706,,,Ray Moles,9685 S. Hughes Avenue Fresno CA 93725,Ray Moles,9685 S. Hughes Fresno CA 93725,Fresno 93706,S. Hughes Fresno,Broker,,,,,,,,,,08/15/2024,,2024-08-15,False,UNSURE,,,,,,,,,3483.0,,,85.9,,Averaged Scale Weighed Trucks Multiplied By The Number Of Trucks Hauled.,,R5-2007-0035_software,2024AR_Frea Dairy LLC_6205 S Brawley Ave_Fresno,30,31,7,fresno_madera,manure
Frea Dairy LLC,6205 S. Brawley Avenue Fresno Fresno 93706,,,Frea Dairy LLC,6205 S. Brawley Avenue Fresno CA 93706,Jim Mattos Farming,3564 W. Clayton Street Fresno CA 93706,Fresno 93706,Brawley And Lincoln Avenues Fresno,Farmer,,,,,,,,,,06/30/2024,,2024-06-30,False,UNSURE,,,,,1272600.0,,,,,,,,,,Runtime Multiplied By The Gallons Per Minute.,R5-2007-0035_software,2024AR_Frea Dairy LLC_6205 S Brawley Ave_Fresno,32,33,8,fresno_madera,wastewater
Frea Dairy LLC,6205 S. Brawley Avenue Fresno Fresno 93706,,,Frea Dairy LLC,6205 S. Brawley Avenue Fresno CA 93706,Jim Mattos Farming,3564 W. Clayton Street Fresno CA 93706,Fresno 93706,Brawley And Lincoln Avenues Fresno,Farmer,,,,,,,,,,03/31/2024,,2024-03-31,False,UNSURE,,,,,1627200.0,,,,,,,,,,Runtime Multiplied By The Gallons Per Minute.,R5-2007-0035_software,2024AR_Frea Dairy LLC_6205 S Brawley Ave_Fresno,34,35,9,fresno_madera,wastewater
Fred Rau Dairy INC.,10255 W. Manning Fresno Fresno County 93706 Zip Code,,,M. Arias Trucking LLC,9321 S. Ormus Ave Raisin City CA 93652,Name Phone Number,Address City State Zip Code,,Street Hughes And Ave Fresno,Fender Up,,,,,,,,,,8/24/24,,2024-08-24,False,UNSURE,,,,,,,,,675.0,,,41.73,,Truck Loads,,R5-2007-0035_software,2024AR_Fred Rau Dairy_10255 W Manning Ave_Fresno,189,190,1,fresno_madera,manure
Fred Bau Dairy INC.,10255 W. Manning Fresno Fresno 93706,,,M. Arias Trucking LLC,93215 Ormus Ave Raisincity CA 93652,Name Phone Number,Address City State Zip Code,,,Fenderup,,,,,,,,,,9/2/2024,,2024-09-02,False,UNSURE,,,,,,,,,675.0,,,13.3,,Weighed Averaged The Truck Loads,,R5-2007-0035_software,2024AR_Fred Rau Dairy_10255 W Manning Ave_Fresno,191,192,2,fresno_madera,manure
Fred Rau Daily Ive.,W. Manning Fresno Fresno 93706,,,M. Avias Trucking LLC,9321 S. Ormus Ave Raisincity CA 93652,Name Phone Number,Address City State Zip Code,,,Fenderup,,,,,,,,,,9-4-24,,2024-09-04,False,UNSURE,,,,,,,,,562.5,,,133.0,,Process Wastewater Amount Hauled,,R5-2007-0035_software,2024AR_Fred Rau Dairy_10255 W Manning Ave_Fresno,193,194,3,fresno_madera,manure
Fred Rau Pairy,10255 W. Manning Ave Fresco Fresno 93706,,,M. Arias Trucking LLC,9321 S. Ormus Ave Raisin City CA 93652,Name Phone Number,Address City State Zip Code,,,Fendeup,,,,,,,,,,9/7/24,,2024-09-07,False,UNSURE,,,,,,,,,337.5,,,38.8,,Weighed & Averaged The Truck Loads,,R5-2007-0035_software,2024AR_Fred Rau Dairy_10255 W Manning Ave_Fresno,195,196,4,fresno_madera,manure
Fred Rau Dairy INC.,10255 W. Manning Ave Fresno Fresno 93706,,,M. Arias Trucking LLC,9321 S. Ormus Ave Raisin City CA 93652,Name Phone Number,Address Cấy State Zip Code,,Valentine American Fresno,Fenderup,,,,,,,,,,9/9/24,,2024-09-09,False,UNSURE,,,,,,,,,187.5,,,38.9,,Weighed & Average The Truck Loads.,,R5-2007-0035_software,2024AR_Fred Rau Dairy_10255 W Manning Ave_Fresno,197,198,5,fresno_madera,manure
Fred Rau Dairy INC.,10255 W. Manning Ave Fresno Fresno 93706,,,M. Arias Trucking LLC,9321 S. Ormus Ave Raisin City CA 93652,Name Phone Number,Address City State Zip Code,,Street And West (Square) & American Fresno,Fenderup,,,,,,,,,,9/11/24,,2024-09-11,False,UNSURE,,,,,,,,,562.5,,,38.8,,Weighed & Averaged The Truck Loads,,R5-2007-0035_software,2024AR_Fred Rau Dairy_10255 W Manning Ave_Fresno,199,200,6,fresno_madera,manure
Fred Rau Dairy Tuc.,10255 W. Manning Ave Fresno Fresno 93206,,,M. Arias Trucking LLC,9321 S. Ormus Ave Ralsin City CA 93652,Name Phone Number,Address City State Zip Code,,Marks Ave Fresno,Fenderup,,,,,,,,,,9/27/24,,2024-09-27,False,UNSURE,,,,,8.0,,,,450.0,,,35.8,,Truck Loads,,R5-2007-0035_software,2024AR_Fred Rau Dairy_10255 W Manning Ave_Fresno,201,202,7,fresno_madera,both
,,,,M. Arias Trucking LLC,9821 S. Ormus Ave Raisin City CA 93652,Name Phone Number,Address Cấy State Zip Code,,,Fenderup,,,,,,,,,,9/28/24,,2024-09-28,False,UNSURE,,,,,,,,,4500.0,,,35.8,,Weighed & Averaged Truck Bades,,R5-2007-0035_software,2024AR_Fred Rau Dairy_10255 W Manning Ave_Fresno,203,204,8,fresno_madera,manure
Fred Rau Dairy Juc.,9321 S. Ormus Ave. Raisin City Fresno 93652,,,M. Arias Trucking LLC,,Name Phone Number,Address City State Zip Code,,,Fundera,,,,,,,,,,10/7/24,,2024-10-07,False,UNSURE,,,,,,,,,450.0,,,46.1,,Weighed & Averaged Truck Loads,,R5-2007-0035_software,2024AR_Fred Rau Dairy_10255 W Manning Ave_Fresno,205,206,9,fresno_madera,manure
Fred Rau Dairy Juc.,10255 W. Manning Ave Fresno Fresno 93706,,,M. Arias Trucking LLC,9321 S. Ormus Ave Raisin City CA 93652,Name Phone Number,Address City State Zip Code,,,Fenderup,,,,,,,,,,10/22/24,,2024-10-22,False,UNSURE,,,,,,,,,675.0,,,12.2,,Weighed & Averaged Truck Loads,,R5-2007-0035_software,2024AR_Fred Rau Dairy_10255 W Manning Ave_Fresno,207,208,10,fresno_madera,manure
G & A Dairy #2,6043 S Madera Kerman Fresno 93630,,,Burrows Trucking,13265 W. Jensen Avenue Kerman CA 93630,Burrow Trucking & Spreading,13265 W. Jensen Avenue Kerman CA 93630,Fresno 93706,W. Jensen Avenues Fresno,Broker,,,,,,,,,,02/09/2024,,2024-02-09,False,UNSURE,,,,,,,,,2452.0,,,64.8,,Averaged Scale Weighed Loads Multiplied By The Number Of Loads Exported.,,R5-2007-0035_software,2024AR_G & A Dairy #2_6043 S Madera Ave_Fresno,21,22,1,fresno_madera,manure
G & A Dairy #2,6043 S Madera Kerman Fresno 93630,,,G&A Dairy #2,9256 S. Valentine Avenue Fresno CA 93706,Haupt & Sons Farming,502 Kerman CA 93630,Fresno 93706,S. Madera And Lincoln Avenues Fresno,Farmer,,,,,,,,,,03/31/2024,,2024-03-31,False,UNSURE,,,,,6300021.0,,,,,,,,,,Run-Times Multiplied By The GPM Of The Lagoon Pump.,R5-2007-0035_software,2024AR_G & A Dairy #2_6043 S Madera Ave_Fresno,23,24,2,fresno_madera,wastewater
G & A Dairy #2,6043 S Madera Kerman Fresno 93630,,,G&A Dairy #2,9256 S. Valentine Avenue Fresno CA 93706,Haupt & Sons Farming,502 Kerman CA 93630,Fresno 93706,S. Madera And Lincoln Avenues Fresno,Farmer,,,,,,,,,,06/30/2024,,2024-06-30,False,UNSURE,,,,,4921891.0,,,,,,,,,,Run-Times Multiplied By The GPM Of The Lagoon Pump.,R5-2007-0035_software,2024AR_G & A Dairy #2_6043 S Madera Ave_Fresno,25,26,3,fresno_madera,wastewater
G & A Dairy #2,6043 S Madera Kerman Fresno 93630,,,G&A Dairy #2,9256 S. Valentine Avenue Fresno CA 93706,Haupt & Sons Farming,502 Kerman CA 93630,Fresno 93706,S. Madera And Lincoln Avenues Fresno,Farmer,,,,,,,,,,09/30/2024,,2024-09-30,False,UNSURE,,,,,2953135.0,,,,,,,,,,Run-Times Multiplied By The GPM Of The Lagoon Pump.,R5-2007-0035_software,2024AR_G & A Dairy #2_6043 S Madera Ave_Fresno,27,28,4,fresno_madera,wastewater
G & A Dairy #2,6043 S Madera Kerman Fresno 93630,,,Netto Ag INC.,10044 Flint Avenue Hanford CA 93230,Netto Ag INC.,10044 Flint Avenue Hanford CA 93230,Hanford 93230,Flint Avenue Kings,Broker,,,,,,,,,,10/01/2024,,2024-10-01,False,UNSURE,,,,,,,,,2140.0,,,75.7,,Averaged Scale Weighed Loads Multiplied By The Number Of Loads Exported.,,R5-2007-0035_software,2024AR_G & A Dairy #2_6043 S Madera Ave_Fresno,29,30,5,fresno_madera,manure
G & A Dairy #2,6043 S Madera Kerman Fresno 93630,,,G&A Dairy #2,9256 S. Valentine Avenue Fresno CA 93706,Degroot Generations Farming,503 Kerman CA 93630,Fresno 93706,S. Madera And Lincoln Avenues Fresno,Farmer,,,,,,,,,,10/23/2024,,2024-10-23,False,UNSURE,,,,,600000.0,,,,,,,,,,Run-Times Multiplied By The GPM Of The Lagoon Pump.,R5-2007-0035_software,2024AR_G & A Dairy #2_6043 S Madera Ave_Fresno,31,32,6,fresno_madera,wastewater
G & A Dairy #2,6043 S Madera Kerman Fresno 93630,,,G&A Dairy #2,9256 S. Valentine Avenue Fresno CA 93706,Haupt & Sons Farming,502 Kerman CA 93630,Fresno 93706,S. Madera And Lincoln Avenues Fresno,Farmer,,,,,,,,,,12/31/2024,,2024-12-31,False,UNSURE,,,,,5512518.0,,,,,,,,,,Run-Times Multiplied By The GPM Of The Lagoon Pump.,R5-2007-0035_software,2024AR_G & A Dairy #2_6043 S Madera Ave_Fresno,33,34,7,fresno_madera,wastewater
G&A Dairy,2200 S. Marks Avenue Fresno CA 93706,,,Larry Burrows,11751 W. Jensen Ave. Kermen CA 93630,Joe D Rented Field,Joe D Rented Field,Marks & Muscat,,,,,,,,,,,,5/13/2024,,2024-05-13,False,UNSURE,,,,,,,,,1498.0,,,54.3,,,,R5-2013-0122_general_order,2024AR_G & A Dairy_2200 S Marks Ave_Fresno,34,35,1,,manure
G&A Dairy,2200 S. Marks Avenue Fresno CA 93706,,,Larry Burrows,11751 W. Jensen Ave. Kermen CA 93630,,,Bottasso Muscat & Westlawn,,,,,,,,,,,,5/17/2024,,2024-05-17,False,UNSURE,,,,,,,,,1946.0,,,54.3,,,,R5-2013-0122_general_order,2024AR_G & A Dairy_2200 S Marks Ave_Fresno,36,37,2,,manure
G&A Dairy,2200 S. Marks Avenue Fresno CA 93706,,,Larry Burrows,11751 W. Jensen Ave. Kermen CA 93630,,,Big De Muscat & Westlawn,,,,,,,,,,,,5/22/2024,,2024-05-22,False,UNSURE,,,,,,,,,1450.0,,,54.3,,,,R5-2013-0122_general_order,2024AR_G & A Dairy_2200 S Marks Ave_Fresno,38,39,3,,manure
G&A Dairy,2200 S. Marks Avenue Fresno CA 93706,,,Larry Burrows,11751 W. Jensen Ave. Kermen CA 93630,Big De,Big De,Central Dickenson,,Farmer,,,,,,,,,,8/31/2024,,2024-08-31,False,UNSURE,,,,,,,,,750.0,,,,,,,R5-2013-0122_general_order,2024AR_G & A Dairy_2200 S Marks Ave_Fresno,40,41,4,,manure
G&A Dairy,2200 S. Marks Avenue Fresno CA 93706,,,Larry Burrows,11751 W. Jensen Ave. Kermen CA 93630,Big De,Big De,Central Rolinda,,Farmer,,,,,,,,,,9/17/2024,,2024-09-17,False,UNSURE,,,,,,,,,750.0,,,54.3,,,,R5-2013-0122_general_order,2024AR_G & A Dairy_2200 S Marks Ave_Fresno,42,43,5,,manure
G&A Dairy,2200 S. Marks Avenue Fresno CA 93706,,,Larry Burrows,11751 W. Jensen Ave. Kermen CA 93630,Big De,Big De,Central Jameson,,Farmer,,,,,,,,,,9/23/2024 .,,2024-09-23,False,UNSURE,,,,,,,,,825.0,,,,,,,R5-2013-0122_general_order,2024AR_G & A Dairy_2200 S Marks Ave_Fresno,44,45,6,,manure
G&A Dairy,2200 S. Marks Avenue Fresno CA 93706,,,Larry Burrows,11751 W. Jensen Ave. Kermen CA 93630,Big De,Big De,Cornelia American,,Farmer,,,,,,,,,,9/23/2024,,2024-09-23,False,UNSURE,,,,,,,,,1725.0,,,54.3,,,,R5-2013-0122_general_order,2024AR_G & A Dairy_2200 S Marks Ave_Fresno,46,47,7,,manure
G&A Dairy,2200 S. Marks Avenue Fresno CA 93706,,,Larry Burrows,11751 W. Jensen Ave. Kermen CA 93630,Big De,Big De,Central Grantland,,Farmer,,,,,,,,,,9/24/2024,,2024-09-24,False,UNSURE,,,,,,,,,750.0,,,54.3,,,,R5-2013-0122_general_order,2024AR_G & A Dairy_2200 S Marks Ave_Fresno,48,49,8,,manure
G&A Dairy,2200 S. Marks Avenue Fresno CA 93706,,,Larry Burrows,11751 W. Jensen Ave. Kermen CA 93630,Big De,Big De,Central Muscat,,Farmer,,,,,,,,,,10/18/2024,,2024-10-18,False,UNSURE,,,,,,,,,1724.0,,,,,,,R5-2013-0122_general_order,2024AR_G & A Dairy_2200 S Marks Ave_Fresno,50,51,9,,manure
G&A Dairy,2200 S. Marks Avenue Fresno CA 93706,,,Larry Burrows,11751 W. Jensen Ave. Kermen CA 93630,Rolinda California,Rolinda California,Americo Foglio,,Farmer,,,,,,,,,,10/23/2024,,2024-10-23,False,UNSURE,,,,,,,,,1750.0,,,54.3,,,,R5-2013-0122_general_order,2024AR_G & A Dairy_2200 S Marks Ave_Fresno,52,53,10,,manure
Gta Dairy,,,,Cain Truckinginc.,23004 Road 140 Tulare 93274,Cain Trucking INC.,Manure/Process Wastewater Hauler Information,7559 Ave. 152 Tipton 93272,,,,,,,,,,,,June 10-15 E July 5-10 2024,2024-06-10,2024-07-10,False,UNSURE,,,,,,,,,6093.0,,,,,,,R5-2007-0035_one_page_1,2024AR_GTA Dairy_16197 Ave 172_Tulare,31,31,1,,manure
Georgeson Dairy,8519 24Th Ave Lemoore Kings 93245,,,Thomas Bros Spreading,19721 Exceslsior Riverdale CA 93656,Thomas Bros Hauling,19721 Excesisior Riverdale CA 93656,Riverdale 93656,Stockpile Fresno,Broker,,,,,,,,,,06/20/2024,,2024-06-20,False,UNSURE,,,,,,,,,8200.0,,,61.0,,Weighted Average,,R5-2007-0035_software,2024AR_Georgenson Dairy_8519 24th Ave_Kings,34,35,1,kings,manure
Gerben Leyendekker,8676 Avenue 360 Visalia CA 93291,,,Valley Manure Spreading INC.,1728 North Irma St. Visalia CA 93292,,,,,,,042-050-009,,,,,,,,10/16/2024 10/17/2024,2024-10-16,2024-10-17,False,UNSURE,,,,,,,,,1420.0,,,68.3,,,,R5-2013-0122_general_order,2024AR_Gerben Leyendekker Dairy #1_8517 Ave 360_Tulare,38,39,1,,manure
Gerben Levendekker Pain,8517 Ave 360 Visalia CA 93291,,,Valley Manure Spreading,1728 N. Imast Visalia 93292,Joep,Joep,35185 Rd 52 Kingsburg CA 93631,,Farmer,,,,,,,,,,4/30/24 To 6/18/24,2024-04-30,2024-06-18,False,UNSURE,,,,,,,,,14860.0,,,68.3,,Average Truck Weight,,R5-2013-0122_general_order,2024AR_Gerben Leyendekker Dairy #1_8517 Ave 360_Tulare,40,41,2,,manure
Gerrit Visser & Sour,18437 S. Marker Ave Riverdale 93656,,,Burrow Bros Trucking & Spreading,13265 W Jenson Keman 93630,Same,Same,,,,,,,,,,,,,June-Oct 2024,2024-06-01,2024-10-01,False,UNSURE,,,,,,,,,5420.0,,,,,Truck Scales Used To Determine The,,R5-2007-0035_general_order,2024AR_Gerrit Visser & Sons Dairy_18565 S Marks Ave_Fresno,46,47,1,fresno_madera,manure
Golden Star Dai,4109 E Conejo Ave Selma Fresno 93662,,,Medeiros Farms,12137 S Hughes Ave Caruthers CA 93609,Medeiros Farms,12137 S Hughes Ave Caruthers CA 93609,Caruthers 93609,Hughes Fresno,Farmer,,,,,,,,,,10/15/2024,,2024-10-15,False,UNSURE,,,,,,,,,2800.0,,,52.4,,Weighted Average,,R5-2007-0035_software,2024AR_Golden Star Dairy_4109 E Conejo Ave_Fresno,35,36,1,fresno_madera,manure
H&P Dairy,5021 E Bear Mountain Blvd Bakersfield CA 93307,,,Watts Spreading,13214 Eberle Rd Bakersfield CA,Watts Manure Spreading,,,,Compost,,,,,,,,,,Mar 1 2024-Mar 31 2024,2024-03-01,2024-03-31,False,UNSURE,,,,,,,,,12443.0,,,,70.0,,,R5-2007-0035_one_page_2,2024AR_H&P Dairy,137,137,1a,kern,manure
H&P Dairy,5021 E Bear Mountain Blvd Bakersfield CA 93307,,,Watts Spreading,13214 Eberle Rd Bakersfield CA,Watts Manure Spreading,,,,Compost,,,,,,,,,,May 1 2024-May 31 2024,2024-05-01,2024-05-31,False,UNSURE,,,,,,,,,11308.0,,,,68.0,,,R5-2007-0035_one_page_2,2024AR_H&P Dairy,137,137,1b,kern,manure
H&P Dairy,5021 E Bear Mountain Blvd Bakersfield CA 93307,,,Watts Spreading,13214 Eberle Rd Bakersfield CA,Watts Manure Spreading,,,,Compost,,,,,,,,,,Jun 1 2024-Jun 30 2024,2024-06-01,2024-06-30,False,UNSURE,,,,,,,,,8119.0,,,,66.0,,,R5-2007-0035_one_page_2,2024AR_H&P Dairy,137,137,1c,kern,manure
H&P Dairy,5021 E Bear Mountain Blvd Bakersfield CA 93307,,,Watts Spreading,13214 Eberle Rd Bakersfield CA,Watts Manure Spreading,,,,Compost,,,,,,,,,,Jul 1 2024-Jul 31 2024,2024-07-01,2024-07-31,False,UNSURE,,,,,,,,,7765.0,,,,68.0,,,R5-2007-0035_one_page_2,2024AR_H&P Dairy,137,137,1d,kern,manure
H&P Dairy,5021 E Bear Mountain Blvd Bakersfield CA 93307,,,Watts Spreading,13214 Eberle Rd Bakersfield CA,Watts Manure Spreading,,,,Compost,,,,,,,,,,Aug 1 2024-Aug 31 2024,2024-08-01,2024-08-31,False,UNSURE,,,,,,,,,7390.0,,,,68.0,,,R5-2007-0035_one_page_2,2024AR_H&P Dairy,137,137,1e,kern,manure
H&P Dairy,5021 E Bear Mountain Blvd Bakersfield CA 93307,,,Watts Spreading,13214 Eberle Rd Bakersfield CA,Watts Manure Spreading,,,,Compost,,,,,,,,,,Sep 1 2024-Sep 30 2024,2024-09-01,2024-09-30,False,UNSURE,,,,,,,,,4245.0,,,,70.0,,,R5-2007-0035_one_page_2,2024AR_H&P Dairy,137,137,1f,kern,manure
H&P Dairy,5021 E Bear Mountain Blvd Bakersfield CA 93307,,,Watts Spreading,13214 Eberle Rd Bakersfield CA,Watts Manure Spreading,,,,Compost,,,,,,,,,,Oct 1 2024-Oct 31 2024,2024-10-01,2024-10-31,False,UNSURE,,,,,,,,,2237.0,,,,68.0,,,R5-2007-0035_one_page_2,2024AR_H&P Dairy,137,137,1g,kern,manure
Hettinga Farms-Ave 128 Dairy,,,,Cain Trucking INC.,23004 Road 140 Tulare 93274,Cain Tricking INC.,Manure/Process Wastewater Hauler Information,7559 Ave. 152 Tipton 93272,,,,,,,,,,,,Aug. 1516 1920 21222324 2024 Nov. 18-20 2024,2024-08-01,2024-11-20,False,UNSURE,,,,,,,,,18843.5,,,,,,,R5-2007-0035_one_page_1,2024AR_Hettinga Farms Dairy_13400 Ave 120_Tulare,163,163,1,tulare_east,manure
Lest Family Farms,14576 Avenue 14 Madera Madera 93637,,,Richie Lest Farms INC,14676 Ave 14 Madera CA 93637,El Nido Ranch,7792 Nickle Rd Dos Palos CA 93620,7792 Nickle Rd Dos Palos 93620,Merced,Farmer,,,,,,,,,,05/22/2024,,2024-05-22,False,UNSURE,,,,,,,,,1735.0,,,66.3,,Number Of Loads Multiplied By Load Weight.,,R5-2007-0035_software,2024AR_Iest Family Farms Dairy_14576 Ave 14_Madera,381,382,1,fresno_madera,manure
Lest Family Farms,14576 Avenue 14 Madera Madera 93637,,,Richie Lest Farms INC,14676 Ave 14 Madera CA 93637,El Nido Ranch,7792 Nickle Rd Dos Palos CA 93620,7792 Nickle Rd Dos Palos 93620,Merced,Farmer,,,,,,,,,,08/29/2024,,2024-08-29,False,UNSURE,,,,,,,,,3313.0,,,73.7,,Number Of Loads Multiplied By Load Weight.,,R5-2007-0035_software,2024AR_Iest Family Farms Dairy_14576 Ave 14_Madera,383,384,2,fresno_madera,manure
Lest Family Farms,14576 Avenue 14 Madera Madera 93637,,,Richie Lest Farms INC,14676 Ave 14 Madera CA 93637,El Nido Ranch,7792 Nickle Rd Dos Palos CA 93620,7792 Nickle Rd Dos Palos 93620,Merced,Farmer,,,,,,,,,,12/10/2024,,2024-12-10,False,UNSURE,,,,,,,,,1199.0,,,73.7,,Number Of Loads Multiplied By Load Weight.,,R5-2007-0035_software,2024AR_Iest Family Farms Dairy_14576 Ave 14_Madera,385,386,3,fresno_madera,manure
J And A Dairy,16283 18Th Avenue Lemoore CA 93245,,,B Mello Ag Services,5771 7Th Ave Hanford 93230,Tachi Farming,17225 Jersey Ave Lemoore 93245,Kent Ave & 18Th Ave Lemoore 93245,,,,,,,,,,,,4-3-24,,2024-04-03,False,UNSURE,,,,,,,,,1650.0,,,66.8,,,,R5-2007-0035_general_order,2024AR_J & A Dairy LLC_16283 18th Avenue_Kings,23,24,1,,manure
J&D Wilson & Sons Dairy,11720 W Mt. Whitney Ave Riverdale Fresno 93656,,,Thomas Bros Hauling,19721 Excelsior Ave Riverdale CA 93656,Thomas Bro Spreadin,19721 Excelsior Ave Riverdale CA 93656,Riverdale 93656,Compost Yard Fresno,Broker,,,,,,,,,,01/15/2024,,2024-01-15,False,UNSURE,,,,,,,,,6500.0,,,59.4,,Weighted Average,,R5-2007-0035_software,2024AR_J & D Wilson & Sons Dairy_11720 W Mt Whitney Ave_Fresno,70,71,1,fresno_madera,manure
J&D Wilson & Sons Dai,11720 W Mt. Whitney Ave Riverdale Fresno 93656,,,Thomas Bros Hauling,19721 Excelsior Ave Riverdale CA 93656,Thomas Bro Spreading,19721 Excelsior Ave Riverdale CA 93656,Riverdale 93656,Compost Yard Fresno,Broker,,,,,,,,,,04/01/2024,,2024-04-01,False,UNSURE,,,,,,,,,6500.0,,,59.4,,Weighted Average,,R5-2007-0035_software,2024AR_J & D Wilson & Sons Dairy_11720 W Mt Whitney Ave_Fresno,72,73,2,fresno_madera,manure
J&D Wilson & Sons Dai,11720 W Mt. Whitney Ave Riverdale Fresno 93656,,,Thomas Bros Hauling,19721 Excelsior Ave Riverdale CA 93656,Thomas Bro Spreadin,19721 Excelsior Ave Riverdale CA 93656,Riverdasle 93656,Compost Yard Fresno,Broker,,,,,,,,,,12/02/2024,,2024-12-02,False,UNSURE,,,,,,,,,4657.0,,,40.1,,Weighted Average,,R5-2007-0035_software,2024AR_J & D Wilson & Sons Dairy_11720 W Mt Whitney Ave_Fresno,74,75,3,fresno_madera,manure
J&D Wilson Dry Cows,430 W Mt. Whitney Ave Riverdale Fresno 93656,,,Thomas Bros Spreading,19721 Excesisior Riverdale CA 93656,Thomas Bros Hauling,19721 Excesisior Riverdale CA 93656,Riverdale 93656,Stockpile Fresno,Broker,,,,,,,,,,07/05/2024,,2024-07-05,False,UNSURE,,,,,,,,,850.0,,,57.5,,Weighted Average,,R5-2007-0035_software,2024AR_J&D Wilson Dry Cows_430 W Mt. Whitney Ave_Fresno,68,69,1,fresno_madera,manure
J&D Wilson Dry Cows,430 W Mt. Whitney Ave Riverdale Fresno 93656,,,Thomas Bros Spreading,19721 Exceslisior Riverdale CA 93656,Thomas Bros Haulin,19721 Exceslsior Riverdale CA 93656,Riverdale 93656,Stockpile Fresno,Broker,,,,,,,,,,09/10/2024,,2024-09-10,False,UNSURE,,,,,,,,,11410.0,,,56.8,,Weighted Average,,R5-2007-0035_software,2024AR_J&D Wilson Dry Cows_430 W Mt. Whitney Ave_Fresno,70,71,2,fresno_madera,manure
J&R Dairy,4403 Bear Mountain Blvd Bakersfield CA 93313,,,Brachena Ag Services INC,9442 Bear Mountain Blvd. ~ Bakersfield Ca93311...S™” Tot Ttt,American Ag INC.,,Po Box 20370 Bakersfield CA,,Farmer,,,,,,,,,,Jun 1 2024-Jun 30 2024,2024-06-01,2024-06-30,False,UNSURE,,,,,,,,,5323.0,,,,68.0,,,R5-2007-0035_one_page_2,2024AR_J&R Dairy,90,90,1a,kern,manure
J&R Dairy,4403 Bear Mountain Blvd Bakersfield CA 93313,,,Brachena Ag Services INC,9442 Bear Mountain Blvd. ~ Bakersfield Ca93311...S™” Tot Ttt,American Ag INC.,,Po Box 20370 Bakersfield CA,,Farmer,,,,,,,,,,Jul 1 2024-Jul 31 2024,2024-07-01,2024-07-31,False,UNSURE,,,,,,,,,10284.0,,,,66.0,,,R5-2007-0035_one_page_2,2024AR_J&R Dairy,90,90,1b,kern,manure
J&R Dairy,4403 Bear Mountain Blvd Bakersfield CA 93313,,,Brachena Ag Services INC,9442 Bear Mountain Blvd. ~ Bakersfield Ca93311...S™” Tot Ttt,American Ag INC.,,Po Box 20370 Bakersfield CA,,Farmer,,,,,,,,,,Aug 1 2024-Aug 31 2024,2024-08-01,2024-08-31,False,UNSURE,,,,,,,,,8463.0,,,,66.0,,,R5-2007-0035_one_page_2,2024AR_J&R Dairy,90,90,1c,kern,manure
J&R Dairy,4403 Bear Mountain Blvd Bakersfield CA 93313,,,Brachena Ag Services INC,9442 Bear Mountain Blvd. ~ Bakersfield Ca93311...S™” Tot Ttt,American Ag INC.,,Po Box 20370 Bakersfield CA,,Farmer,,,,,,,,,,Nov 1 2024-Nov 30 2024,2024-11-01,2024-11-30,False,UNSURE,,,,,,,,,3811.0,,,,70.0,,,R5-2007-0035_one_page_2,2024AR_J&R Dairy,90,90,1d,kern,manure
J&R Dairy,4403 Bear Mountain Blvd Bakersfield CA 93313,,,Brachena Ag Services INC,9442 Bear Mountain Blvd. ~ Bakersfield Ca93311...S™” Tot Ttt,American Ag INC.,,Po Box 20370 Bakersfield CA,,Farmer,,,,,,,,,,Dec 1 2024-Dec 31 2024,2024-12-01,2024-12-31,False,UNSURE,,,,,,,,,3103.0,,,,70.0,,,R5-2007-0035_one_page_2,2024AR_J&R Dairy,90,90,1e,kern,manure
J&R Dairy,4403 Bear Mountain Blvd Bakersfield CA 93313,,,Brachena Ag Services INC,9442 Bear Mountain Blvd. ~ Bakersfield Ca93311...S™” Tot Ttt,Kirschenman Enterprises,,Po Box 27 Edison CA,,Farmer,,,,,,,,,,Jan 1 2024-Jan 31 2024,2024-01-01,2024-01-31,False,UNSURE,,,,,,,,,2977.0,,,,68.0,,,R5-2007-0035_one_page_2,2024AR_J&R Dairy,92,92,2a,kern,manure
J&R Dairy,4403 Bear Mountain Blvd Bakersfield CA 93313,,,Brachena Ag Services INC,9442 Bear Mountain Blvd. ~ Bakersfield Ca93311...S™” Tot Ttt,Kirschenman Enterprises,,Po Box 27 Edison CA,,Farmer,,,,,,,,,,May 1 2024-May 31 2024,2024-05-01,2024-05-31,False,UNSURE,,,,,,,,,9407.0,,,,67.0,,,R5-2007-0035_one_page_2,2024AR_J&R Dairy,92,92,2b,kern,manure
J&R Dairy,4403 Bear Mountain Blvd Bakersfield CA 93313,,,Brachena Ag Services INC,9442 Bear Mountain Blvd. ~ Bakersfield Ca93311...S™” Tot Ttt,Kirschenman Enterprises,,Po Box 27 Edison CA,,Farmer,,,,,,,,,,Jun 1 2024-Jun 30 2024,2024-06-01,2024-06-30,False,UNSURE,,,,,,,,,12150.0,,,,69.0,,,R5-2007-0035_one_page_2,2024AR_J&R Dairy,92,92,2c,kern,manure
J&R Dairy,4403 Bear Mountain Blvd Bakersfield CA 93313,,,Brachena Ag Services INC,9442 Bear Mountain Blvd. ~ Bakersfield Ca93311...S™” Tot Ttt,Kirschenman Enterprises,,Po Box 27 Edison CA,,Farmer,,,,,,,,,,Aug 1 2024-Aug 31 2024,2024-08-01,2024-08-31,False,UNSURE,,,,,,,,,10887.0,,,,66.0,,,R5-2007-0035_one_page_2,2024AR_J&R Dairy,92,92,2d,kern,manure
J&R Dairy,4403 Bear Mountain Blvd Bakersfield CA 93313,,,Brachena Ag Services INC,9442 Bear Mountain Blvd. ~ Bakersfield Ca93311...S™” Tot Ttt,Kirschenman Enterprises,,Po Box 27 Edison CA,,Farmer,,,,,,,,,,Sep 1 2024-Sep 30 2024,2024-09-01,2024-09-30,False,UNSURE,,,,,,,,,13294.0,,,,70.0,,,R5-2007-0035_one_page_2,2024AR_J&R Dairy,92,92,2e,kern,manure
Jacubus De Groot Dairy #1,31847 Rd. 92 Visalia CA 93291 Zip Code,,,Gutierrez Spreading LLC,3612 Ave 236 Tulare 93274,Spread On Fields On Ave,328 And Rd 92 Visalia CA,West Coast And Gravel 7715 Avc 296 Visalia CA 93291,,Composting,,,,,,,,,,5-22-24/5-23-24/5-24-24/11-2-24/11-3-24,2024-05-22,2024-11-03,False,UNSURE,,,,,,,,,6280.0,,,72.8,,10-Wheeles Weight 10 Tons Semis-Weight 20 Tons Per Truck,Raw Manure,R5-2007-0035_general_order,2024AR_Jacobus DeGroot Dairy #1_31847 Rd 92_Tulare,27,28,1,,manure
Jaques & Silva Dai,10536 6Th Ave Hanford Kings 93230,,,Rodriguez Bros Hauling,5939 Lacey Blvd Hanford CA 93230,Rodriguez Bros,5939 Lacey Hanford CA 93230,Hanford 93230,Lace Fresno,Broker,,,,,,,,,,10/05/2024,,2024-10-05,False,UNSURE,,,,,,,,,1850.0,,,52.5,,Weighted Average,,R5-2007-0035_software,2024AR_Jaques & Silva Dairy_10536 6th Ave_Kings,86,87,1,kings,manure
Jesse & James Jongsma,9229 Road 164 Pixley CA 93256,,,Cain Twicking INC.,23004 Road 140 Tulare 93274,Cain Trucking INC.,Manure/Process Wastewater Hauler Information,7559 Ave. 152 Tipton 93272,,,,,,,,,,,,July 10Th-15Th 2024,,2024-07-10,False,UNSURE,,,,,,,,,,,,44.8,,,,R5-2007-0035_one_page_1,2024AR_Jesse and James Jongsma Dairy_9229 Rd 164_Tulare,24,24,1,,unknown
Joe R Garcia Dairy Aka Netto Enterprise,20677 S East Ave Laton Fresno 93242,,,Netto Ag,10044 Flint Ave Hanford CA 93230,Netto A,10044 Flint Ave Hanford CA 93230,Hanford 93230,Stockpile Kings,Broker,,,,,,,,,,04/04/2024,,2024-04-04,False,UNSURE,,,,,,,,,1500.0,,,62.9,,Dry Manure,,R5-2007-0035_software,2024AR_Joe R. Garcia Dairy_20677 East Ave_Fresno,90,91,1,fresno_madera,manure
John Jongsma Dairy,15434 Avenue 192 Tulare CA 93274,,,Turning Leaf Organics,14982 Road 152 Tipton CA 93272,Turning Leaf Organics,14982 Road 152 Tipton CA 93272,,,,,,,,,,,,,10/22/2024-10/26/2024,2024-10-22,2024-10-26,False,UNSURE,,,,,,,,,2304.0,,,54.2,,,,R5-2013-0122_general_order,2024AR_John Jongsma Dairy_15434 Ave 192_Tulare,22,23,1,,manure
John Jongsma Dairy,,,,Turning Leaf Organics Phone Number,Turning Leaf Organics Phone,Turning Leaf Organics,,,,,,,,,,,,36.0606814,-119.2385134,10/22/24-10/26/24,2024-10-22,2024-10-26,False,UNSURE,,,,,,,,,,,,,,,,CAG018001,2024AR_John Jongsma Dairy_15434 Ave 192_Tulare,24,24,2,,unknown
John Jongsma Dairy,15434 Avenue 192 Tulare CA 93274,,,Bakke Ag Services INC,P.O. Box 2040 Tulare CA 93275,Merritt Farms,19745 Ave 128 Porterville CA 93257,,,,,318-31019,,,,,,,,6/25/2024,,2024-06-25,False,UNSURE,,,,,,,,,2415.0,,,96.2,,,,R5-2013-0122_general_order,2024AR_John Jongsma Dairy_15434 Ave 192_Tulare,25,26,3,,manure
,,,,,,,,,,,,,,,,,,,,,,,False,UNSURE,,,,,,,,,,,,,,,,R5-2010-XXXX_general_order,2024AR_K A Vanderham Dairy_12565 Ave 152_Tulare,35,36,1,,unknown
Ka Vanderham,12565 Avenue 152 Tulare CA 93274,,,E.W. Merritt Farms,11188 Road 192 Porterville CA 93257,Merritt Yard,11188 Road 192 Porterville CA 93257,,,Farmer,,,,,,,,,,12/20/2024,,2024-12-20,False,UNSURE,,,,,,,,,3000.0,,,92.4,,,,R5-2013-0122_general_order,2024AR_K A Vanderham Dairy_12565 Ave 152_Tulare,37,38,2,,manure
Kerman Cattle Co,4301 S Dickenson Fresno Fresno 93706,,,Burrow Bros Trucking,133265 W. Kamm Ave Kerman CA 93656,Burrow Bros Truckin,13265 W. Kamm Kerman CA 93656,Kerman 93656,Kamm Fresno,Broker,,,,,,,,,,10/22/2024,,2024-10-22,False,UNSURE,,,,,,,,,2200.0,,,53.0,,Weighted Average,,R5-2007-0035_software,2024AR_Kerman Cattle Company_4301 S Dickenson Ave_Fresno,53,54,1,fresno_madera,manure
Kiss Cattle LLC,2585 South Chateau Fresno Avenue Fresno CA 93706,,,Larry Burrows,11751 W. Jensen Ave. Kerman CA 93630,Bottasso Dairy,Bottasso Dairy,Muscat-Westlawn,,,,,,,,,,,,11/1/2024,,2024-11-01,False,UNSURE,,,,,,,,,1064.0,,,46.2,,,,R5-2013-0122_general_order,"2024AR_Kiss Cattle, LLC_2585 S Chateau Fresno Ave_Fresno",28,29,1,,manure
Kiss Cattle LLC,2585 South Chateau Fresno Avenue Fresno CA 93706,,,Larry Burrows,11751 W. Jensen Ave. Kerman CA 93630,Big De,Big De,Central Dickenson,,,,,,,,,,,,7/5/2024,,2024-07-05,False,UNSURE,,,,,,,,,525.0,,,79.9,,,,R5-2013-0122_general_order,"2024AR_Kiss Cattle, LLC_2585 S Chateau Fresno Ave_Fresno",30,31,2,,manure
Kiss Cattle LLC,2585 South Chateau Fresno Avenue Fresno CA 93706,,,Larry Burrows,11751 W. Jensen Ave. Kerman CA 93630,Robin Kezirian,Robin Kezirian,Jensen-Westlawn,,,,,,,,,,,,10/2/2024,,2024-10-02,False,UNSURE,,,,,,,,,355.0,,,46.2,,,,R5-2013-0122_general_order,"2024AR_Kiss Cattle, LLC_2585 S Chateau Fresno Ave_Fresno",32,33,3,,manure
L+J Vanderham,10772 W Mount Whitney Ave Riverdale 93656,,,I Murillo Trucking INC.,7182 22Nd Ave Lemoore 93245,,,12Th + Kent Ave Hanford 93230,,,,,,,,,,,,12/2/24-12/4/24,2024-12-02,2024-12-04,False,UNSURE,,,,,,,,,323.0,,,49.0,,Weighed On Scale Per Load,,R5-2013-0122_general_order,2024AR_L & J Vanderham Dairy_10772 W Mt. Whitney Ave_Fresno,61,62,1,,manure
Lasalle Dairy,10663 7 1/2 Ave Firebaugh Madera 93622,,,Green Valley Soils,18919 Avenue 23 Chowchilla CA 93610,Green Valley Soils,18919 Avenue 23 Chowchilla CA 93610,Avenue 23 Avenue 23 Chowchilla 93610,Avenue 23 & Road 19 Madera,Composting Facility,,,,,,,,,,05/22/2024,,2024-05-22,False,UNSURE,,,,,,,,,4150.0,,,63.5,,Scale Weighed Trucks,,R5-2007-0035_software,2024AR_LaSalle Dairy_10663 7.5 Ave_Madera,33,34,1,fresno_madera,manure
La Salle Dairy,10663 Ave 7 12 Firebaugh 93622,,,Ryan Machado Green Valley Soils Compet,Chowchilla CA,Ryan Machado,Ryan Machado,,,Compost,,,,,,,,,,5-15-24 8-22-24,2024-05-15,2024-08-22,False,UNSURE,,,,,,,,,4150.0,,,4150.0,,Truckweight,,R5-2007-0035_general_order,2024AR_LaSalle Dairy_10663 7.5 Ave_Madera,35,36,2,fresno_madera,manure
Lakeview Dairy,17702 Bear Mountain Blvd Bakersfield CA 93311,,,Brachena Ag Services INC,9442 Bear Mountain Blvd. Bakersfield CA 93311,Grimmway Farms,,Po Box 81498 Ee —— F/I & Ab,,Farmer,,,,,,,,,,Apr 1 2024-Apr 30 2024,2024-04-01,2024-04-30,False,UNSURE,,,,,,,,,9652.0,,,,68.0,,,R5-2007-0035_one_page_2,2024AR_Lakeview Farms Dairy,102,102,1a,kern,manure
Lakeview Dairy,17702 Bear Mountain Blvd Bakersfield CA 93311,,,Brachena Ag Services INC,9442 Bear Mountain Blvd. Bakersfield CA 93311,Grimmway Farms,,Po Box 81498 Ee —— F/I & Ab,,Farmer,,,,,,,,,,May 1 2024-May 31 2024,2024-05-01,2024-05-31,False,UNSURE,,,,,,,,,10767.0,,,,68.0,,,R5-2007-0035_one_page_2,2024AR_Lakeview Farms Dairy,102,102,1b,kern,manure
Lakeview Dairy,17702 Bear Mountain Blvd Bakersfield CA 93311,,,Brachena Ag Services INC,9442 Bear Mountain Blvd. Bakersfield CA 93311,Grimmway Farms,,Po Box 81498 Ee —— F/I & Ab,,Farmer,,,,,,,,,,Aug 1 2024-Aug 31 2024,2024-08-01,2024-08-31,False,UNSURE,,,,,,,,,14046.0,,,,68.0,,,R5-2007-0035_one_page_2,2024AR_Lakeview Farms Dairy,102,102,1c,kern,manure
Lakeview Dairy,17702 Bear Mountain Blvd Bakersfield CA 93311,,,Brachena Ag Services INC,9442 Bear Mountain Blvd. Bakersfield CA 93311,Grimmway Farms,,Po Box 81498 Ee —— F/I & Ab,,Farmer,,,,,,,,,,Sep 1 2024-Sep 30 2024,2024-09-01,2024-09-30,False,UNSURE,,,,,,,,,4682.0,,,,68.0,,,R5-2007-0035_one_page_2,2024AR_Lakeview Farms Dairy,102,102,1d,kern,manure
,14760 Ave. 208 Tulare 93274,,,John Pereira,21387 Rd.152 Tulare 93274,Name Number And Street City Zip Code Phone Number,Manure/Process Wastewater Hauler Information,,,,,,,,,,,,,Entire Year,2024-01-01,2024-12-31,False,UNSURE,,,,,5683200.0,,,,3500.0,,,,,,,R5-2007-0035_one_page_1,2024AR_Lawrence Family Farms Dairy_14760 Ave 208_Tulare,31,31,1,,both
Little H,,,,Slover Bros,15302 Ave. 288 93292,·Slover,·Slover,Rd. 148;Y Ave. 248 Tulare 93274,,,,,,,,,,,,May 9 10 1314 15 16 17 2024,2024-05-09,2024-05-10,False,UNSURE,,,,,,6.25,,552.0,3450.0,,,,,552 Dump Tks @ Approx. 6.25 Ton Ave,,R5-2007-0035_general_order,2024AR_Little H Dairy_15804 Ave 248_Tulare,42,43,1,tulare_east,manure
,14870 Ave-152 Tipton 93272,,,,,Faria Farms,Manure/Process Wastewater Hauler Information,,,Dairy,,300-040-018,,,,,,,,6/1-7/1/24,,2024-07-01,False,UNSURE,,,,,,,,,3400.0,,,,,,,R5-2007-0035_one_page_1,2024AR_Lou-Mar Dairy_14870 Ave 152_Tulare,70,70,1,,manure
Louie De Groot Dairy,15081 Avenue 104 Pixley CA 93256,,,Hofstee Farms INC.,16029 Ave 136 Tipton CA 93272,Roel Hofstee,16029 Ave 136 Tipton CA 93272,16029 Ave 136 Tipton CA 93272,,Farmer,,,,,,,,,,5/23-29/2024 & 10/11-15/2024,2024-05-23,2024-10-15,False,UNSURE,,,,,,,,,2743.0,,,60.3,,,,R5-2007-0035_general_order,2024AR_Louie De Groot Dairy_15081 Ave 104_Tulare,38,40,1,,manure
Louie Degroot Dairy,15081 Avenue 104 Pixley CA 93256,,,Jij Spreading,P.O. Box Pixley 93256,Rusty Schott Farms,14084 Ave 104 Pixlay 93256,,,,,300-280-01,,,,,,,,8/14/8/19/24,,2024-08-14,False,UNSURE,,,,,,,,,952.2,,,60.3,,Ave Weight,,R5-2007-0035_general_order,2024AR_Louie De Groot Dairy_15081 Ave 104_Tulare,41,42,2,,manure
Louie De Groot Dairy,15081 Avenue 104 Pixley CA 93256,,,Spreading,P.O. Box X Pixley 93256,Rusty Schott Farms,14084 Ave 104 Pixhy 93256,,,Farmer,,300-240-09,,,,,,,,8/14-16/24,,2024-08-14,False,UNSURE,,,,,,,,,,,,,,Ave Weight,,R5-2007-0035_general_order,2024AR_Louie De Groot Dairy_15081 Ave 104_Tulare,43,44,3,,unknown
Mancebo Holsteins #2,23792 Rd 140 Tulare 93274,,,Gmt-Greg Mancebo,14891 Ave 232 Tulan 93274,Don Olson Ave.,248 Tular 93274,14065 Ave 248 Tulare 93274,,,,,,,,,,,,8-20-24,,2024-08-20,False,UNSURE,,,,,,,,,1100.0,,,75.0,,Scale,,R5-2007-0035_general_order,2024AR_Mancebo Holsteins #2 Dairy_23792 Rd 140_Tulare,58,59,1,tulare_east,manure
Maple Dairy,15857 Bear Mountain Blvd Bakersfield CA 93311,,,R & M Farm Service INC.,2312 Alpine Meadows Ct. Wasco CA 93280,Grimmway Farms,,Po Box 81498 I Bakersfield CA A,,Farmer,,,,,,,,,,Jul 1 2024-Jul 31 2024,2024-07-01,2024-07-31,False,UNSURE,,,,,,,,,23250.0,,,,70.0,,,R5-2007-0035_one_page_2,2024AR_Maple Dairy,254,254,1a,kern,manure
Maple Dairy,15857 Bear Mountain Blvd Bakersfield CA 93311,,,R & M Farm Service INC.,"2312 Alpine Meadows Ct. ""Wasco Ca93280......~—~—~—~Csns Ttt",R&M Manure,,2312 Alpine Meadows Ct Wasco CA A,,Broker,,,,,,,,,,Mar 1 2024-Mar 31 2024,2024-03-01,2024-03-31,False,UNSURE,,,,,,,,,16150.0,,,,68.0,,,R5-2007-0035_one_page_2,2024AR_Maple Dairy,256,256,2a,kern,manure
Maple Dairy,15857 Bear Mountain Blvd Bakersfield CA 93311,,,R & M Farm Service INC.,"2312 Alpine Meadows Ct. ""Wasco Ca93280......~—~—~—~Csns Ttt",R&M Manure,,2312 Alpine Meadows Ct Wasco CA A,,Broker,,,,,,,,,,May 1 2024-May 31 2024,2024-05-01,2024-05-31,False,UNSURE,,,,,,,,,13778.0,,,,70.0,,,R5-2007-0035_one_page_2,2024AR_Maple Dairy,256,256,2b,kern,manure
Maple Dairy,15857 Bear Mountain Blvd Bakersfield CA 93311,,,R & M Farm Service INC.,"2312 Alpine Meadows Ct. ""Wasco Ca93280......~—~—~—~Csns Ttt",R&M Manure,,2312 Alpine Meadows Ct Wasco CA A,,Broker,,,,,,,,,,Jun 1 2024-Jun 30 2024,2024-06-01,2024-06-30,False,UNSURE,,,,,,,,,14129.0,,,,69.0,,,R5-2007-0035_one_page_2,2024AR_Maple Dairy,256,256,2c,kern,manure
Maple Dairy,15857 Bear Mountain Blvd Bakersfield CA 93311,,,R & M Farm Service INC.,"2312 Alpine Meadows Ct. ""Wasco Ca93280......~—~—~—~Csns Ttt",R&M Manure,,2312 Alpine Meadows Ct Wasco CA A,,Broker,,,,,,,,,,Sep 1 2024-Sep 30 2024,2024-09-01,2024-09-30,False,UNSURE,,,,,,,,,12839.0,,,,70.0,,,R5-2007-0035_one_page_2,2024AR_Maple Dairy,256,256,2d,kern,manure
Maple Dairy,19860 S. Maple Avenue Laton CA 93242,,,Rodrigues Bros INC,10071 6Th Avenue Hanford 93230,Rodrigues Bros INC.,10071 6Th Avenue Hanford 93230,10071 6Th Avenue Hanford 93230,,Broker,,,,,,,,,,1/31/2024 2/13 14 27-29/2024 3/5-12/2024,2024-01-31,2024-03-12,False,UNSURE,,,,,,,,,277.62,,,66.1,,,,R5-2013-0122_general_order,2024AR_Maple Dairy_19860 Maple St_Fresno,69,70,1,,manure
Maya Daire,181251 Wild Ro B-Willw 93206,,,B.A.S.,9442 Berry Mon Brod 93311,But,But,,,,,,,,,,,,,7/2-3/24,2024-07-02,2024-07-03,False,UNSURE,,,,,,,,,223176.0,,,71.0,,D.M.,,R5-2007-0035_general_order,2024AR_Maya Dairy_18451 Wildwood Rd_Kern,172,173,1,kern,manure
Mara,18451 Wildwood 93206,,,,Bux 70845 93390,D-Paula Emmi Corn Camp B-Whlow,D-Paula Emmi Corn Camp B-Whlow,,,,,,,,,,,,,12/16-19/24,,2024-12-16,False,UNSURE,,,,,,,,,2719.0,,,61.0,,,,R5-2007-0035_general_order,2024AR_Maya Dairy_18451 Wildwood Rd_Kern,174,175,2,kern,manure
Mcmoo Dairy,11663 Buena Vistard Bakersfield CA 93311,,,Watts Spreading,13214 Eberle Rd Bakerafield CA 93311,Watts Spreading,,13214 Eberle Rd Bakerafield CA Lt B,,Broker,,,,,,,,,,Apr 1 2024-Apr 30 2024,2024-04-01,2024-04-30,False,UNSURE,,,,,,,,,3765.0,,,,70.0,,,R5-2007-0035_one_page_2,2024AR_Mc Moo Farms Dairy,82,82,1a,kern,manure
Mcmoo Dairy,11663 Buena Vistard Bakersfield CA 93311,,,Watts Spreading,13214 Eberle Rd Bakerafield CA 93311,Watts Spreading,,13214 Eberle Rd Bakerafield CA Lt B,,Broker,,,,,,,,,,May 1 2024-May 31 2024,2024-05-01,2024-05-31,False,UNSURE,,,,,,,,,5386.0,,,,70.0,,,R5-2007-0035_one_page_2,2024AR_Mc Moo Farms Dairy,82,82,1b,kern,manure
Mcmoo Dairy,11663 Buena Vistard Bakersfield CA 93311,,,Watts Spreading,13214 Eberle Rd Bakerafield CA 93311,Watts Spreading,,13214 Eberle Rd Bakerafield CA Lt B,,Broker,,,,,,,,,,Jun 1 2024-Jun 30 2024,2024-06-01,2024-06-30,False,UNSURE,,,,,,,,,4040.0,,,,70.0,,,R5-2007-0035_one_page_2,2024AR_Mc Moo Farms Dairy,82,82,1c,kern,manure
Mcmoo Dairy,11663 Buena Vistard Bakersfield CA 93311,,,Watts Spreading,13214 Eberle Rd Bakerafield CA 93311,Watts Spreading,,13214 Eberle Rd Bakerafield CA Lt B,,Broker,,,,,,,,,,Aug 1 2024-Aug 31 2024,2024-08-01,2024-08-31,False,UNSURE,,,,,,,,,3290.0,,,,68.0,,,R5-2007-0035_one_page_2,2024AR_Mc Moo Farms Dairy,82,82,1d,kern,manure
Mcmoo Dairy,11663 Buena Vistard Bakersfield CA 93311,,,Watts Spreading,13214 Eberle Rd Bakerafield CA 93311,Watts Spreading,,13214 Eberle Rd Bakerafield CA Lt B,,Broker,,,,,,,,,,Sep 1 2024-Sep 30 2024,2024-09-01,2024-09-30,False,UNSURE,,,,,,,,,3176.0,,,,70.0,,,R5-2007-0035_one_page_2,2024AR_Mc Moo Farms Dairy,82,82,1e,kern,manure
Meadowlake Dairy,6802 Avenue 120 Tipton CA 93272,,,Gutierrez Spreading,3612 Ave 236 Tulare CA 93274,Williams Family Dairy,6801 Avenue 120 Pixley CA 93256,Williams Family Dairy-Compost 6801 Avenue 120 Pixley CA 93256,,,,,,,,,,,,4/08/24-4/12/24,2024-04-08,2024-04-12,False,UNSURE,,,,,,,,,6780.0,,,,,Number Of Truck Loads Semi 20 Tons 10-Wheeler 10 Tons,,R5-2007-0035_general_order,2024AR_Meadowlake Dairy_6802 Avenue 120_W Tulare,31,32,1,,manure
Meadowlake Dairy,6802 Avenue 120 Tipton CA 93272,,,Gutierrez Spreading,3612 Ave 236 Tulare CA 93274,Williams Family Dairy,6801 Avenue 120 Pixley CA 93256,Williams Family Dairy-Compost 6801 Avenue 120 Pixley CA 93256,,,,,,,,,,,,9/11/24-9/13/2024,2024-09-11,2024-09-13,False,UNSURE,,,,,,,,,2820.0,,,,,Number Of Truck Loads Semi 20 Tons 10-Wheeler 10 Tons,,R5-2007-0035_general_order,2024AR_Meadowlake Dairy_6802 Avenue 120_W Tulare,33,34,2,,manure
Meadowlake Dairy,6802 Avenue 120 Tipton CA 93272,,,Gutierrez Spreading,3612 Ave 236 Tulare CA 93274,Williams Family Dairy,6801 Avenue 120 Pixley CA 93256,Williams Family Dairy-Stockpile 6801 Avenue 120 Pixley CA 93256,,,,,,,,,,,,9/23/24-10/01/24,2024-09-23,2024-10-01,False,UNSURE,,,,,,,,,7540.0,,,,,Number Of Truck Loads Semi 20 Tons 10-Wheeler 10 Tons,,R5-2007-0035_general_order,2024AR_Meadowlake Dairy_6802 Avenue 120_W Tulare,35,36,3,,manure
Meadowlake Dairy,6802 Avenue 120 Tipton CA 93272,,,Gutierrez Spreading,3612 Ave 236 Tulare CA 93274,Williams Family Dairy,6801 Avenue 120 Pixley CA 93256,Williams Family Dairy-Compost 6801 Avenue 120 Pixley CA 93256,,,,,,,,,,,,10/21/24-11/14/24,2024-10-21,2024-11-14,False,UNSURE,,,,,,,,,14910.0,,,,,Number Of Truck Loads Semi 20 Tons 10-Wheeler 10 Tons,,R5-2007-0035_general_order,2024AR_Meadowlake Dairy_6802 Avenue 120_W Tulare,37,38,4,,manure
Mellema Caff Ranch,9420 Ave. 320 Visalia 93291,,,,,Cain Trucking,Manure/Process Wastewater Hauler Information,23004 Rd. 140 Tulare 93274,,,,,,,,,,,,6/1-7/1 24,2024-06-01,2024-07-01,False,UNSURE,,,,,,,,,,,,,,,,R5-2007-0035_one_page_1,2024AR_Mellema Calf Ranch_32210 Rd 92_Tulare,25,25,1,,unknown
Mellema Dairy,9420 Ave. 320 Visalia 93291,,,,,Cain Trucking,Manure/Process Wastewater Hauler Information,23004 Rd 140 Tutare 93274,,,,,,,,,,,,6/1-7/1/24,,2024-07-01,False,UNSURE,,,,,,,,,5900.0,,,,,,,R5-2007-0035_one_page_1,2024AR_Mellema Dairy_9420 Ave 320_Tulare,50,50,1,,manure
Milkaholic Dairy LLC,6267 5Th Ave. Hanford CA 93230,,,Netto Ag Inc./Frank Netto,10044 Flint Ave Hanford CA 93230,Elkhorn Farms,Elkhorn Farms,,,Farmer,,,,,,,,,,4/10 & 4/11/24,,2024-04-11,False,UNSURE,,,,,,,,,1420.0,,,79.5,,,,R5-2007-0035_general_order,2024AR_Milkaholic Dairy LLC_6267 5th Ave_Kings,33,34,1,,manure
Moonstone Dairy.,4974 Ave. 272 Visalia CA 93277,,,Fragoso Custom Harvesting INC.,7871 Houston Avenue Hanford 93230,Moonstone Dairy,Manure,#5 Isalia 93277-,,,,,,,,,,,,8-19 8-20 ? 8-21,2024-01-08,2024-01-21,False,UNSURE,,,,,,,,,,,,,,20 Tons,,R5-2007-0035_one_page_1,2024AR_Moonstone Dairy_1305 Iona Avenue_Kings,93,93,1,,unknown
Mt. Whitney Dairy,,,,Thomas Bros. Spreading INC.,,Mt. Whitney Dairy Fuller Ranch,Mt. Whitney Dairy Fuller Ranch,20784 S Marks Ave Riverdale 93656,,Farmer,,,,,,,,,,,,,False,UNSURE,,,,,,,,,2380.0,,,57.9,,Check Weigh Loads,,R5-2007-0035_general_order,2024AR_Mt. Whitney Dairy_2792 W Mt. Whitney Ave_Fresno,106,107,1,fresno_madera,manure
Mt. Whitney Dai,,,,Thomas Bros. Spreading INC.,,Mt. Whitney Farms,Mt. Whitney Farms,20784 S Marks Ave Riverdale 93656,,Farmer,,,,,,,,,,,,,False,UNSURE,,,,,,,,,1170.0,,,57.9,,Check Weigh Loads,,R5-2007-0035_general_order,2024AR_Mt. Whitney Dairy_2792 W Mt. Whitney Ave_Fresno,108,109,2,fresno_madera,manure
Mt. Whitney Dai,,,,Thomas Bros. Spreading INC.,,Gene And Grace Davis,Gene And Grace Davis,22391 S Hughes Ave Riverdale 93656,,Farmer,,,,,,,,,,,,,False,UNSURE,,,,,,,,,204.0,,,58.5,,Check Weigh Loads,,R5-2007-0035_general_order,2024AR_Mt. Whitney Dairy_2792 W Mt. Whitney Ave_Fresno,110,111,3,fresno_madera,manure
Newhouse Dairy,16130 Bear Mountain Blvd Bakersfield CA 93311,,,Watts Manure Spreading,13214 Eberle Rd. Bakersfield CA 93,Watts Manure Spreading,,13214 Eberle Rd Bakersfield CA ‘A Oa ~ —,,Compost,,,,,,,,,,Apr 1 2024-Apr 30 2024,2024-04-01,2024-04-30,False,UNSURE,,,,,,,,,8735.0,,,,67.0,,,R5-2007-0035_one_page_2,2024AR_Newhouse Dairy,89,89,1a,kern,manure
Newhouse Dairy,16130 Bear Mountain Blvd Bakersfield CA 93311,,,Watts Manure Spreading,13214 Eberle Rd. Bakersfield CA 93,Watts Manure Spreading,,13214 Eberle Rd Bakersfield CA ‘A Oa ~ —,,Compost,,,,,,,,,,May 1 2024-May 31 2024,2024-05-01,2024-05-31,False,UNSURE,,,,,,,,,7934.0,,,,70.0,,,R5-2007-0035_one_page_2,2024AR_Newhouse Dairy,89,89,1b,kern,manure
Newhouse Dairy,16130 Bear Mountain Blvd Bakersfield CA 93311,,,Watts Manure Spreading,13214 Eberle Rd. Bakersfield CA 93,Watts Manure Spreading,,13214 Eberle Rd Bakersfield CA ‘A Oa ~ —,,Compost,,,,,,,,,,Jun 1 2024-Jun 30 2024,2024-06-01,2024-06-30,False,UNSURE,,,,,,,,,9469.0,,,,64.0,,,R5-2007-0035_one_page_2,2024AR_Newhouse Dairy,89,89,1c,kern,manure
Newhouse Dairy,16130 Bear Mountain Blvd Bakersfield CA 93311,,,Watts Manure Spreading,13214 Eberle Rd. Bakersfield CA 93,Watts Manure Spreading,,13214 Eberle Rd Bakersfield CA ‘A Oa ~ —,,Compost,,,,,,,,,,Jul 1 2024-Jul 31 2024,2024-07-01,2024-07-31,False,UNSURE,,,,,,,,,6531.0,,,,68.0,,,R5-2007-0035_one_page_2,2024AR_Newhouse Dairy,89,89,1d,kern,manure
Nunes & Sons Dairy,690 E Oakdale Ave Tulare Tulare 93274,,,Aves Ag Services INC,890 E Apricot Rd Tulare CA 93274,Jerald Nunes,12329 Ave 271 Visalia CA 93277,12329 Ave 271 Visalia 93277,Tulare,Farmer,,,,,,,,,,05/18/2024,,2024-05-18,False,UNSURE,,,,,,,,,1500.0,,,23.3,,Tons Per Load,,R5-2007-0035_software,2024AR_Nunes & Sond Dairy_690 E Oakdale Ave_Tulare,64,65,1,tulare_east,manure
Oakbend,23561 Road 168 Tulare CA 93274,,,Slover Bros,15302 Ave. 288 Disalia 93292,Slover Bros.,15302 Ave. 288 Visalia 93,Rd. 1480 Ave. 248 Tulare 93274,,,,,,,,,,,,Dec. 19 20 2324 2024,2024-12-19,2024-12-31,False,UNSURE,,,,,,6.25,,176.0,1100.0,,,49.0,,176 Dumptks @ Approx 6.25 Ton Ave,,R5-2007-0035_general_order,2024AR_Oakbend Dairy_23561 Rd 168_Tulare,38,39,1,,manure
Oakbend Dairysouth,15651 Ave 192 Tulare CA 93274,,,Turning Leaf Organics,14982 Road 152 Tipton CA 93272,Turning Leaf Organics,14982 Road 152 Tipton CA 93272,,,Compost Facility,,,,,,,,,,10/26/2024-10/30/2024,2024-10-26,2024-10-30,False,UNSURE,,,,,,,,,3402.0,,,75.8,,,,R5-2013-0122_general_order,2024AR_Oakbend South Dairy_15651 Ave 192_Tulare,26,27,1,,manure
Oakbend South Dairy,,,,Turning Leaf Organics Phone Number,Turning Leaf Organics Phone,Turning Leaf Organics,,,,,,,,,,,,36.0604868,-119.2388644,,,,False,UNSURE,,,,,,,,,,,,,,,,CAG018001,2024AR_Oakbend South Dairy_15651 Ave 192_Tulare,28,28,2,,unknown
Oakbend Dairysouth,15651 Ave 192 Tulare CA 93274,,,Turning Leaf Organics,14982 Road 152 Tipton CA 93272,Turning Leaf Organics,14982 Road 152 Tipton CA 93272,,,Compost Facility,,,,,,,,,,5/25/24-6/13/24,2024-05-25,2024-06-13,False,UNSURE,,,,,,,,,12144.0,,,92.3,,,,R5-2013-0122_general_order,2024AR_Oakbend South Dairy_15651 Ave 192_Tulare,29,30,3,,manure
Oakbend South,15651 Ave 192 Tulare CA 93274,,,Turning Leaf Organics 14982 Road 152 Tipton CA 93272 Phone Number,Turning Leaf Organics 14982 Road 152 Tipton CA 93272 Phone,Turning Leaf Organics,,,,,,,,,,,,36.061093,-119.240392,5/25/24-6/13/24,2024-05-25,2024-06-13,False,UNSURE,,,,,,,,,,,,,,,,CAG018001,2024AR_Oakbend South Dairy_15651 Ave 192_Tulare,31,31,4,,unknown
Morning Star Dairy INC,10262 W Elkhom Ave Burrel Fresno 93607,,,Thomas Bros. Spreading INC,19721 Excelsior Ave Riverdale CA 93656,Mlt,19721 Excelsior Ave Riverdale CA 93656,19721 Excelsior Ave Riverdale 93656,Fresno,Broker,,0001-0001-0001-0001,Fresno,,,,,,,11/25/2024,,2024-11-25,False,UNSURE,,,,,,,,,1051.73,,,76.0,,Scale Wts,,R5-2007-0035_software,2024AR_Open Sky Heifer Ranch (former Morning Star Dairy)_10032 W Elkhorn Ave_Fresno,126,127,1,fresno_madera,manure
Morning Star Dairy INC,10262 W Elkhorn Ave Burre!L Fresno 93607,,,Eriksson LLC,10241 W Elkhorn Ave Burrel CA 93607,Eriksson LLC,10241 E Elkhorn Ave Burrel CA 93607,10241 W Elkhorn Ave Burrel 93607,Fresno,Farmer,,0001-0001-0001-0001,Fresno,,,,,,,05/28/2024,,2024-05-28,False,UNSURE,,,,,,,,,1968.19,,,73.0,,Scale Wts,,R5-2007-0035_software,2024AR_Open Sky Heifer Ranch (former Morning Star Dairy)_10032 W Elkhorn Ave_Fresno,128,129,2,fresno_madera,manure
Morning Star Dairy INC,10262 W Elkhorn Ave Burrel Fresno 93607,,,Green Valley Soils,18919 Ave 23 Chowchilla CA 93610,Green Valley Soils,18819 Ave 23 Chowchilla CA 93610,18919 Ave 23 Chowchilla 93610,Madera,Composting Facility,,0001-0001-0001-0001,Madera,,,,,,,06/24/2024,,2024-06-24,False,UNSURE,,,,,,,,,724.81,,,73.0,,Scale Wts,,R5-2007-0035_software,2024AR_Open Sky Heifer Ranch (former Morning Star Dairy)_10032 W Elkhorn Ave_Fresno,130,131,3,fresno_madera,manure
Morning Star Dairy INC,,,,Chavira & Sons,,Chavira,Chavira,113 Wainut St Madera 93637,,Broker,,,,,,,,,,,,,True,False,,,,,,,,,,,,,,,,R5-2007-0035_general_order,2024AR_Open Sky Heifer Ranch (former Morning Star Dairy)_10032 W Elkhorn Ave_Fresno,132,133,4,fresno_madera,unknown
Pacheco Dairy INC.,1108 N. Plumas Kerman 93630,,,Alex Buchnoff & Sons,1395 N. Madera Avenue Kerman 93630,Kenneson Farms,2554 N. Lake Kurman 93430,Clinton-Lake Kerman,,,,015-091-045,,,,,,,,October 232024 + October 28. 2024,2024-10-23,2024-10-28,False,UNSURE,,,,,,,,,,,,,,,,R5-2007-0035_general_order,2024AR_Pacheco Dairy_1108 N Plumas Ave_Fresno,103,103,1,,unknown
Pacheco Dairy INC.,1108 N. Plumas Kerman 93630,,,Alex Buchnoff & Sons,1395 N. Madera Avenue Kerman 93630,Kenneson Farms,2554 N. Luke Are. Lyman 93630,180 Whitesbridge Rd Jones Place Kerman,,,,020-27-10,,,,,,,,November 14. 2024,,2024-11-14,False,UNSURE,,,,,,,,,56.7,,,,,,,R5-2007-0035_general_order,2024AR_Pacheco Dairy_1108 N Plumas Ave_Fresno,104,104,2,,manure
Pacheco Dairy INC.,1108 N. Plumas Kerman 93630,,,Alex Buchnoff & Sons,1395 N. Madera Avenue Kerman 93630,Kenneson Farms,2554 N. Luke Ave. Kurman 93630,Clinton-Plumas (Nwc) Kerman,,,,015-080-075,,,,,,,,October 28. 2024,,2024-10-28,False,UNSURE,,,,,,,,,145.07,,,,,,,R5-2007-0035_general_order,2024AR_Pacheco Dairy_1108 N Plumas Ave_Fresno,105,105,3,,manure
Pacheco Dairy INC.,1108 N. Plumas Kerman 93630,,,Alex Buchnoff & Sons,1395 N. Madera Avenue Kerman 93630,Kenneson Farms,2554 N. Luke Ave. Kurman 93630,Plumas Aue. Steve Dies Kerman,,,,015-040-425,,,,,,,,November 11. 2024,,2024-11-11,False,UNSURE,,,,,,,,,21.25,,,,,,,R5-2007-0035_general_order,2024AR_Pacheco Dairy_1108 N Plumas Ave_Fresno,106,106,4,,manure
Pacheco Dairy INC.,1108 N. Plumas Kerman 93630,,,Alex Buchnoff & Sons,1395 N. Madera Avenue Kerman 93630,Kenneson Farms,2554 N. Luke Kurman 93430,Shields+Lake (Spoisdoff) Kerman,,,,015-080-115,,,,,,,,November 14. 2024,,2024-11-14,False,UNSURE,,,,,,,,,22.61,,,,,,,R5-2007-0035_general_order,2024AR_Pacheco Dairy_1108 N Plumas Ave_Fresno,107,107,5,,manure
Pacheco Dairy INC.,1108 N. Plumas Kerman 93630,,,Alex Buchnoff & Sons,1395 N. Madera Avenue Kerman 93630,Kenneson Farms,2554 N. Luke Kurman 93630,Latershields Kerman,,,,015-091-01,,,,,,,,October 23.2024 + October 29/2024,2024-10-23,2024-10-29,False,UNSURE,,,,,,,,,264.72,,,,,,,R5-2007-0035_general_order,2024AR_Pacheco Dairy_1108 N Plumas Ave_Fresno,108,108,6,,manure
Pacheco Dairy INC.,1108 N. Plumas Kerman 93630,,,Alex Buchnoff & Sons,1395 N. Madera Avenue Kerman 93630,Kenneson Farms,2554 . Like Anie. Kurman 93630,Mckinley & Plumas (Shukens) Kerman,,,,015-091-165,,,,,,,,November 21.2024,,2024-11-21,False,UNSURE,,,,,,,,,,,,,,,,R5-2007-0035_general_order,2024AR_Pacheco Dairy_1108 N Plumas Ave_Fresno,109,109,7,,unknown
Pacheco Dairy INC.,1108 N. Plumas Kerman 93630,,,Alex Buchnoff & Sons,1395 N. Madera Avenue Kerman 93630,Kenneson Farms,2554 V. Luke Kuman 93630,5/12 Madera,,,,40-131-04,,,,,,,,November 24.2024,,2024-11-24,False,UNSURE,,,,,,,,,63.54,,,,,,,R5-2007-0035_general_order,2024AR_Pacheco Dairy_1108 N Plumas Ave_Fresno,110,110,8,,manure
Pacheco Dairy INC.,1108 N. Plumas Kerman 93630,,,Alex Buchnoff & Sons,1395 N. Madera Avenue Kerman 93630,Satrasni Bros Ranch W.Shields Kerman,93630,Shields Ane. Shop Kerman,,,,015-070-345,,,,,,,,October 30 2024,,2024-10-30,False,UNSURE,,,,,,,,,169.92,,,,,,,R5-2007-0035_general_order,2024AR_Pacheco Dairy_1108 N Plumas Ave_Fresno,111,111,9,,manure
Pacheco Dairy INC.,1108 N. Plumas Kerman 93630,,,Alex Buchnoff & Sons,1395 N. Madera Avenue Kerman 93630,Satragni Bros. Ranch,2200W. Shields Kerman 9330,Manure/Process,,,,,,,,,,,,Novemberle 2024 + December 10. 2024,2024-11-01,2024-12-10,False,UNSURE,,,,,,,,,581.95,,,,,,,R5-2007-0035_general_order,2024AR_Pacheco Dairy_1108 N Plumas Ave_Fresno,112,112,10,,manure
Pacheco Dairy INC.,1108 N. Plumas Kerman 93630,,,Alex Buchnoff & Sons,1395 N. Madera Avenue Kerman 93630,Satragni Bris Ranch W. Shields Kerman,93630,Manure,,,,,,,,,,,,December 222024 + December 30 2024,2024-12-22,2024-12-30,False,UNSURE,,,,,,,,,,,,,,,,R5-2007-0035_general_order,2024AR_Pacheco Dairy_1108 N Plumas Ave_Fresno,113,113,11,,unknown
Pacheco Dairy INC.,1108 N. Plumas Kerman 93630,,,Alex Buchnoff & Sons,1395 N. Madera Avenue Kerman 93630,Brian Pacheco,20019 W. Belmont Kerman 93630,Belmont Plumas Kermen,,,,070-261-515,,,,,,,,,,,False,UNSURE,,,,,,,,,300.04,,,,,Scale Weights,,R5-2007-0035_general_order,2024AR_Pacheco Dairy_1108 N Plumas Ave_Fresno,114,115,12,,manure
Panama Ranch Name John Goyenetche,Bane !,,,Cabrera Brothers,Place Amat [Soyer J F .,Cabrera Brothers . Signature Of Hauler,,B 009 Glen Cloe Lamont CA,,,,,,,,,,,,Feb 1 2024-Feb 29 2024,2024-02-01,2024-02-29,False,UNSURE,,,,,,,,,6204.0,,,,64.0,,,R5-2007-0035_one_page_2,2024AR_Panama Ranch Dairy,18,18,1a,kern,manure
Panama Ranch Name John Goyenetche,Bane !,,,Cabrera Brothers,Place Amat [Soyer J F .,Cabrera Brothers . Signature Of Hauler,,B 009 Glen Cloe Lamont CA,,,,,,,,,,,,Mar 1 2024-Mar 31 2024,2024-03-01,2024-03-31,False,UNSURE,,,,,,,,,7641.0,,,,68.0,,,R5-2007-0035_one_page_2,2024AR_Panama Ranch Dairy,18,18,1b,kern,manure
Panama Ranch Name John Goyenetche,Bane !,,,Cabrera Brothers,Place Amat [Soyer J F .,Cabrera Brothers . Signature Of Hauler,,B 009 Glen Cloe Lamont CA,,,,,,,,,,,,Apr 1 2024-Apr 30 2024,2024-04-01,2024-04-30,False,UNSURE,,,,,,,,,9515.0,,,,68.0,,,R5-2007-0035_one_page_2,2024AR_Panama Ranch Dairy,18,18,1c,kern,manure
Panama Ranch Name John Goyenetche,Bane !,,,Cabrera Brothers,Place Amat [Soyer J F .,Cabrera Brothers . Signature Of Hauler,,B 009 Glen Cloe Lamont CA,,,,,,,,,,,,May 1 2024-May 31 2024,2024-05-01,2024-05-31,False,UNSURE,,,,,,,,,10179.0,,,,68.0,,,R5-2007-0035_one_page_2,2024AR_Panama Ranch Dairy,18,18,1d,kern,manure
Panama Ranch Name John Goyenetche,Bane !,,,Cabrera Brothers,Place Amat [Soyer J F .,Cabrera Brothers . Signature Of Hauler,,B 009 Glen Cloe Lamont CA,,,,,,,,,,,,Jul 1 2024-Jul 31 2024,2024-07-01,2024-07-31,False,UNSURE,,,,,,,,,4013.0,,,,65.0,,,R5-2007-0035_one_page_2,2024AR_Panama Ranch Dairy,18,18,1e,kern,manure
Panama Ranch Name John Goyenetche,Bane !,,,Cabrera Brothers,Place Amat [Soyer J F .,Cabrera Brothers . Signature Of Hauler,,B 009 Glen Cloe Lamont CA,,,,,,,,,,,,Aug 1 2024-Aug 31 2024,2024-08-01,2024-08-31,False,UNSURE,,,,,,,,,3050.0,,,,68.0,,,R5-2007-0035_one_page_2,2024AR_Panama Ranch Dairy,18,18,1f,kern,manure
Panama Ranch Name John Goyenetche,Bane !,,,Cabrera Brothers,Place Amat [Soyer J F .,Cabrera Brothers . Signature Of Hauler,,B 009 Glen Cloe Lamont CA,,,,,,,,,,,,Sep 1 2024-Sep 30 2024,2024-09-01,2024-09-30,False,UNSURE,,,,,,,,,7385.0,,,,68.0,,,R5-2007-0035_one_page_2,2024AR_Panama Ranch Dairy,18,18,1g,kern,manure
Joe Parreira Dairy,18081 17Th Avenue Stratford 93266,,,Guitierrez Spreading,3612 Ave 236 Tulare CA 93274,Sandridge Company,960 N San Antonio Rd Los Altos CA 94022,,,,,,,,,,,,,9/8/2024,,2024-09-08,False,UNSURE,,,,,,,,,1000.0,,,71.2,,,,R5-2013-0122_general_order,2024AR_Parreira Dairy_18081 17th Ave_Kings,38,39,1,,manure
Peterson Daim,30999 Peterson Rel. Mcfarland CA 93250,,,Jorgen Lundgren@ Western Aa Service INC.,Po,Western,Western,"7200 E. Brundage Lane Bakershold 9307 ""Bolthouse From""",,,,,,,,,,,,10/18/24 12/11/24 2/18/25 5/22/25,2024-02-18,2024-12-11,False,UNSURE,,,,,,,,,,,,,,Scale Amount.,,R5-2007-0035_general_order,2024AR_Peterson Dairy_30999 Peterson Rd_Kern,27,28,1,kern,unknown
Philip Verwey Dairy INC.,12852 Road 9 Madera Madera 93637,,,Azevedo Trucking,6465 State Hwy 59 Dos Palos CA 93620,Azevedo Trucking,6465 State Hwy Dos Palos CA 93620,6465 State Hwy 152 Dos Palos 93620,State Hwy Merced,Broker,,,,,,,,,,10/30/2024,,2024-10-30,False,UNSURE,,,,,,,,,3250.0,,,87.7,,Averaged Scale Weighed Trucks Multiplied By The Number Of Trucks Hauled.,,R5-2007-0035_software,"2024AR_Philip Verwey Dairy, Inc._12852 Road 9_Madera",126,127,1,fresno_madera,manure
Philip Verwey Dairy INC.,12852 Road 9 Madera Madera 93637,,,Azevedo Trucking,6465 State Hwy 59 Dos Palos CA 93620,Azevedo Trucking,6465 State Hwy Dos Palos CA 93620,6465 State Hwy 152 Dos Palos 93620,State Hwy Merced,Broker,,,,,,,,,,07/09/2024,,2024-07-09,False,UNSURE,,,,,,,,,1700.0,,,36.2,,Averaged Scale Weighed Trucks Multiplied By The Number Of Trucks Hauled.,,R5-2007-0035_software,"2024AR_Philip Verwey Dairy, Inc._12852 Road 9_Madera",128,129,2,fresno_madera,manure
Philip Verwey Dairy INC.,12852 Road 9 Madera Madera 93637,,,Azevedo Trucking,6465 State Hwy 59 Dos Palos CA 93620,Azevedo Trucking,6465 State Hwy Dos Palos CA 93620,6465 State Hwy 152 Dos Palos 93620,State Hwy Merced,Broker,,,,,,,,,,07/09/2024,,2024-07-09,False,UNSURE,,,,,,,,,3000.0,,,87.7,,Averaged Scale Weighed Trucks Multiplied By The Number Of Trucks Hauled.,,R5-2007-0035_software,"2024AR_Philip Verwey Dairy, Inc._12852 Road 9_Madera",130,131,3,fresno_madera,manure
,,,,J& J Spreading,P.O. Box X Pixley 93256,J. Tadd Fernandes Farms,1443 Windsong Dr Tulone 93274,,,,,,,,,,,,,9/7/9/24,,2024-07-09,False,UNSURE,,,,,,,,,,,,,,Ave Weight,,R5-2007-0035_general_order,2024AR_Pires Dairy_13464 Ave 152_Tulare,45,46,1,,unknown
,,,,,,J Todd Fernandes Forms,1443 Windsang Dr. Tulare 93274,,,,,232-150-04,,,,,,,,8/30 9/2-3/24,2024-09-02,2024-09-03,False,UNSURE,,,,,,,,,,,,,,Are Weight,,R5-2007-0035_general_order,2024AR_Pires Dairy_13464 Ave 152_Tulare,47,48,2,,unknown
Rancho Sierra Vista,32866 Road 108 Visalia CA 93291,,,Double J Dairy,6656 Avenue 328 Visalia CA 93291,Jay Te Velde,6656 Ave 328 Visalia CA 93291,,,,,048-080-035,,,,,,,,11/1/2024,,2024-11-01,False,UNSURE,,,,,,,,,220.0,,,50.0,,,,R5-2013-0122_general_order,2024AR_Rancho Sierra Vista Dairy_32866 Rd 108_Tulare,33,34,1,,manure
Rancho Sierra Vista,32866 Road 108 Visalia CA 93291,,,Double J Dairy,6656 Avenue 328 Visalia CA 93291,Jay Te Velde,6656 Ave 328 Visalia CA 93291,,,,,048-080-038,,,,,,,,11/10/2024,,2024-11-10,False,UNSURE,,,,,,,,,250.0,,,50.0,,,,R5-2013-0122_general_order,2024AR_Rancho Sierra Vista Dairy_32866 Rd 108_Tulare,35,36,2,,manure
Rancho Sierra Vista,32866 Road 108 Visalia CA 93291,,,Double J Dairy,6656 Avenue 328 Visalia CA 93291,,,Avenue 320 And Road 68 072-030-012 072-060-011 072-050-013 072-030-012-000 072-060-011,,,,072-050-013,,,,,,,,11/20/2024,,2024-11-20,False,UNSURE,,,,,,,,,750.0,,,50.0,,,,R5-2013-0122_general_order,2024AR_Rancho Sierra Vista Dairy_32866 Rd 108_Tulare,37,38,3,,manure
Rijlaarsdam Dairy,12031 Avenue 352 Visalia CA 93291,,,Family Manure,,Gerben Leyendekker Dairy,8517 Avenue 360 Visalia CA 93291,,,,,048-100-005,,,,,,,,3/1-5/2024,2024-03-01,2024-03-05,False,UNSURE,,,,,,,,,6400.0,,,94.2,,,,R5-2013-0122_general_order,2024AR_Rijlaarsdam Dairy_12031 Ave 352_Tulare,28,29,1,,manure
Rivas Dairy,41198 W Valeria Ave Dos Palos Fresno 93620,,,Frank Coderniz Farming,40396 W. Valeria Avenue Dos Palos CA 93620,Frank Coderniz Farming,40396 W. Valeria Dos Palos CA 93620,Dos Palos 93620,W. Valeria And Jerrold Avenues Fresno,Farmer,,,,,,,,,,10/01/2024,,2024-10-01,False,UNSURE,,,,,,,,,735.0,,,62.1,,Same,,R5-2007-0035_software,2024AR_Rivas Dairy_41198 W Valeria Ave_Fresno,23,24,1,fresno_madera,manure
Rivas Dairy,41198 W Valeria Ave Dos Palos Fresno 93620,,,Frank Coderniz Farming,40396 W. Valeria Avenue Dos Palos CA 93620,Frank Coderniz Farming,40396 W. Valeria Dos Palos CA 93620,Dos Palos 93620,W. Valeria Avenue And Jerrold Avenue Fresno,Farmer,,,,,,,,,,05/30/2024,,2024-05-30,False,UNSURE,,,,,,,,,880.0,,,86.2,,Averaged Scale Weighed Truck Multiplied By The Number Of Truck Loads Hauled.,,R5-2007-0035_software,2024AR_Rivas Dairy_41198 W Valeria Ave_Fresno,25,26,2,fresno_madera,manure
River Oaks Dairy,3621 E. Mt. Whitney Laton CA 93242,,,Rodrigues Bros INC,10071 6Th Avenue Hanford 93230,Rodrigues Bros INC.,10071 6Th Avenue Hanford 93230,10071 6Th Avenue Hanford 93230,,Broker,,,,,,,,,,1/31/2024 2/13 14 27-29/2024 3/5-12/2024,2024-01-31,2024-03-12,False,UNSURE,,,,,,,,,208.22,,,69.9,,,,R5-2013-0122_general_order,2024AR_River Oaks Dairy_3621 E Mt. Whitney Ave_Fresno,49,50,1,,manure
River Ranch Dairy,6155 Jackson Ave. Hanford 93230,,,Luma Ag,1654 Oriole St. Hanford 93230,Luma Ag,1654 Oriole St. Hanford 93230,,,Broker,,,,,,,,,,3/25/2024 & 11/13/2024,2024-03-25,2024-11-13,False,UNSURE,,,,,,,,,1534.71,,,74.8,,,,R5-2013-0122_general_order,2024AR_River Ranch Dairy_6155 Jackson Ave_Kings,57,58,1,,manure
River Ranch Dairy,6155 Jackson Ave. Hanford 93230,,,Ti INC,13802 Avenue 352 Visalia 93292,INC,13802 Avenue 352 Visalia 93292,13802 Avenue 352 Visalia 93292,,Broker,,,,,,,,,,8/2830/2024 9/4 1224/2024 10/728-30/2024 11/11/2024 12/931/2024,,2024-11-11,False,UNSURE,,,,,,,,,6967.24,,,48.1,,,,R5-2013-0122_general_order,2024AR_River Ranch Dairy_6155 Jackson Ave_Kings,59,60,2,,manure
Riverbend Daim,20799 Road 132 Tulare CA 93274,,,Cain Twicking INC.,23004 Road 140 Tulare 93274,Cain Trucking INC.,Manure/Process Wastewater Hauler Information,7559 Ave. 152 Tipton 93272,,,,,,,,,,,,Jan. 1-5 15-19 2024 Mar. 4-7 2024,2024-01-01,2024-03-07,False,UNSURE,,,,,,,,,10000.0,,,51.6,,,,R5-2007-0035_one_page_1,2024AR_Riverbend Dairy_20799 Rd 132_Tulare,60,60,1,,manure
Riverbend-North Dairy,20799 Road 132 Tulare CA 93274,,,Cain Twicking INC.,23004 Road 140 Tulare 93274,Cain Tricking INC.,Manure/Process Wastewater Hauler Information,7559 Ave. 152 Tipton 93272,,,,,,,,,,,,4/10-1216-17/2024 5/7/24 8L8-912/24 11/4 67 8 1/24,,2024-05-07,False,UNSURE,,,,,,,,,,,,48.4,,,,R5-2007-0035_one_page_1,2024AR_Riverbend Dairy_20799 Rd 132_Tulare,61,61,2,,unknown
Riverbend. South Dairy,20799 Road 132 Tulare CA 93274,,,Cain Tricking INC.,23004 Road 140 Tulare 93274,Cain Trucking INC.,Manure/Process Wastewater Hauler Information,7559 Ave. 152 Tipton 93272,,,,,,,,,,,,4/17-18/24 5/2-3/24 11/8/24,2024-04-17,2024-11-08,False,UNSURE,,,,,,,,,1712.5,,,48.4,,,,R5-2007-0035_one_page_1,2024AR_Riverbend Dairy_20799 Rd 132_Tulare,62,62,3,,manure
Riverbend-Heifer Ranch,20799 Road 132 Tulare CA 93274,,,Cain Tricking INC.,23004 Road 140 Tulare 93274,Cain Tricking INC.,Manure/Process Wastewater Hauler Information,7559 Ave. 152 Tipton 93272,,,,,,,,,,,,5/2/2024,,2024-05-02,False,UNSURE,,,,,,,,,,,,48.4,,,,R5-2007-0035_one_page_1,2024AR_Riverbend Dairy_20799 Rd 132_Tulare,63,63,4,,unknown
Riverbend-East Daim,20303 Road 140 Tulare CA 93274,,,Cain Tricking INC.,23004 Road 140 Tulare 93274,Cain Trucking INC.,Manure/Process Wastewater Hauler Information,7559 Ave. 152 Tipton 93272,,,,,,,,,,,,4/181927/2024 8/8/24 11/11-12/24,2024-08-08,2024-12-24,False,UNSURE,,,,,,,,,2283.0,,,35.1,,,,R5-2007-0035_one_page_1,2024AR_Riverbend East Dairy_20303 Rd 140_Tulare,22,22,1,,manure
Riverview Dairy,9295 Ave 88 93256,,,Gonzalez And Sons Trucking,P.O Box 2420 Tulare CA 93274,Harvest,24487 Rd 140 Tulaves 93274 (59),,,Composting,,,,,,,,,,9-2526 272829 Dec 2024,,,False,UNSURE,,,,,,,,,,,,,,Dairy Scale,,R5-2007-0035_general_order,2024AR_Riverview Dairy_9295 Avenue 88_W Tulare,92,93,1,tulare_west,unknown
Rocky Road Dairy,8609 Avenue 368 Ave Dinuba Tulare 93618,,,Wmj Farms,9257 Ave. 416 Ave Dinuba CA 93618,Wmj Farms,9257 Ave. 416 Dinuba CA 93618,9257 Ave. 416 Dinuba 93618,Tulare,Broker,,,,,,,,,,11/01/2024,,2024-11-01,False,UNSURE,,,,,,,,,2475.0,,,63.4,,Truck Loads,,R5-2007-0035_software,2024AR_Rocky Road Dairy_8715 Ave 368_Tulare,79,80,1,tulare_east,manure
Rocky Road Dai,8609 Avenue 368 Ave Dinuba Tulare 93618,,,Valley Manure Spreading INC.,1728 N. Irma Visalia CA 93292,Valley Manure Spreading INC.,1728 N. Irma St Visalia CA 93292,Dinuba 93618,Sawtooth Ranch Ave. 368 & Rd 60 Tulare,Broker,,,,,,,,,,12/05/2024,,2024-12-05,False,UNSURE,,,,,,,,,2000.0,,,21.5,,Truck Loads,,R5-2007-0035_software,2024AR_Rocky Road Dairy_8715 Ave 368_Tulare,81,82,2,tulare_east,manure
Rosa Dairy,4714 E Bear Mountain Blvd Bakersfield CA 93307,,,Brachena Ag Services INC,9442 Bear Mountain Blvd. Bakersfield CA 93311,Grimmway Farms,,Po Box 81498 Bakersfield CA,,Farmer,,,,,,,,,,Apr 1 2024-Apr 30 2024,2024-04-01,2024-04-30,False,UNSURE,,,,,,,,,4016.0,,,,69.0,,,R5-2007-0035_one_page_2,2024AR_Rosa Dairy,22,22,1a,kern,manure
Rui Brasil Dairy,8061 Avenue 360 Ave Visalia Tulare 92391,,,Rodriguez Bros Spreading,5939 Lacey Blvd Hanford CA 93230,Rodriguez Bros Spreading,5939 Lacey Blvd Hanford CA 93230,Visalia 92391,Composting Facility Tulare,Broker,,,,,,,,,,04/09/2024,,2024-04-09,False,UNSURE,,,,,,,,,3185.0,,,66.1,,Tons Per Load,,R5-2007-0035_software,2024AR_Rui and Jennifer Brasil Dairy_8061 Ave 360_Tulare,22,23,1,tulare_east,manure
Sis Dairy,5311 Ave 272 Visalia 93277,,,Vandervis,25908 Rd 92 Tulare 93274,Dooley Ranches,13551. Ist Ave Hanford 93230,13551 Ist Ave Hanford 93230,,,,,,,,,,,,1-1-24-12-31-24,2024-01-01,2024-12-31,False,UNSURE,,,,,,,,,1725.0,,,65.0,,Scale,,R5-2007-0035_general_order,2024AR_S & S Dairy_5311 Avenue 272_W Tulare,149,150,1,tulare_west,manure
Sea Daini,3243 Houston Ave. Hanford 93230,,,,,Manuel Name Costa Number,Manure/Process Wastewater Hauler Information,,,,,,,,,,,,,Entire Year,2024-01-01,2024-12-31,False,UNSURE,,,,,,,,,6800.0,,,,,,,R5-2007-0035_one_page_1,2024AR_S&A Dairy_13243 Houston Ave_Kings,28,28,1,kings,manure
Santos Jer-2,25199 Road 164 Vesalsa CA 93292,,,Slover Bros,15302 Ave. 288 Visalia 93292,Slover,Slover,Rd.148.2 Ave. 248 Tware 93274,,,,,,,,,,,,Oct. 29 2024,,2024-10-01,False,UNSURE,,,,,,,,,306.25,,,,,49 Dumotks@Approx 6.25 Ton Ave,,R5-2007-0035_general_order,2024AR_Santos Jer-Z Dairy_Tulare,32,33,1,,manure
Scheenstra Dairy,16800 Rd 96 Tipton 93272,,,John & Jacqeline Scheenstra Trust,Po Box 1077 Tipton 93272,John Scheenstra Po Box,1077 Tipton 93272,,,,,228-090-004,,,,,,,,1-1-24-12-31-24,2024-01-01,2024-12-31,False,UNSURE,,,,,32000000.0,,,,,,,,,,Pump Rate,R5-2007-0035_general_order,2024AR_Scheenstra Dairy_16800 Road 96_W Tulare,141,142,1,tulare_west,wastewater
Scheenstra Dairy,Po Box 1077 Tipton CA 93272,,,Turning Leaf Organics Phone Number,Turning Leaf Organics Phone,Turning Leaf Organics,,,,,,,,,,,,36.0606814,-119.2385134,11/22/24 & 12/10/24-12/11/24,2024-11-22,2024-12-11,False,UNSURE,,,,,,,,,,,,,,,,CAG018001,2024AR_Scheenstra Dairy_16800 Road 96_W Tulare,143,143,2,tulare_west,unknown
Sierra View Dairy,13376 Avenue 224 Tulare CA 93274,,,Cain Twicking INC.,23004 Road 140 Tulare 93274,Cain Trucking INC.,Manure/Process Wastewater Hauler Information,7559 Ave. 152 Tipton 93272,,Composting,,,,,,,,,,April 9-10 26 29-30 2024 1 May 1-2 2024,2024-04-09,2024-05-02,False,UNSURE,,,,,,,,,7873.5,,,67.6,,,,R5-2007-0035_one_page_1,2024AR_Sierra View Dairy+13376 Ave 224_Tulare,67,67,1,,manure
Siena View Dairy,13376 Avenue 224 Tulare 93274,,,Cain Trucking INC.,23004 Road 140 Tulare 93274,Cain Trucking INC.,Manure/Process Wastewater Hauler Information,7559 Ave. 152 Tipton 93272,,,,,,,,,,,,1/18-19/2024,2024-01-18,2024-01-19,False,UNSURE,,,,,,,,,,,,,,,,R5-2007-0035_one_page_1,2024AR_Sierra View Dairy+13376 Ave 224_Tulare,68,68,2,,unknown
Silveira Dairy,11277 Avenue 21 1/2 Chowchilla Madera 93610,,,Silveira Dairy Pipeline,11277 Ave 21 1/2 Chowchilla CA 93610,Silveira Dairy Heifers,11277 Ave 21 1/2 Chowchilla CA 93610,Chowchilla 93610,10221 Ave 21 1/2 Madera,Farmer,,,,,,,,,,01/01/2024,,2024-01-01,True,False,,,,,3030000.0,,,,,,,,,,Hrs Pumped X GPM,R5-2007-0035_software,2024AR_Silveira Dairy_11277 Ave 21.5_Madera,52,53,1,fresno_madera,wastewater
Silveira Dairy,11277 Avenue 21 1/2 Chowchilla Madera 93610,,,Silveira Dairy Pipeline,11277 Ave 21 1/2 Chowchilla CA 93610,Silveira Dairy Heifers,11277 Ave 21 1/2 Chowchilla CA 93610,Chowchilla 93610,10221 Ave 21 1/2 Madera,Farmer,,,,,,,,,,04/04/2024,,2024-04-04,True,False,,,,,3600000.0,,,,,,,,,,Hrs Pumped X GPM,R5-2007-0035_software,2024AR_Silveira Dairy_11277 Ave 21.5_Madera,54,55,2,fresno_madera,wastewater
Silveira Dairy,11277 Avenue 21 1/2 Chowchilla Madera 93610,,,Silveira Dairy Pipeline,11277 Ave 21 1/2 Chowchilla CA 93610,Silveira Dairy Heifers,11277 Ave 21 1/2 Chowchilla CA 93610,Chowchilla 93610,10221 Ave 21 1/2 Madera,Farmer,,,,,,,,,,05/20/2024,,2024-05-20,True,False,,,,,3960000.0,,,,,,,,,,Hrs Pumped X GPM,R5-2007-0035_software,2024AR_Silveira Dairy_11277 Ave 21.5_Madera,56,57,3,fresno_madera,wastewater
Silveira Dairy,11277 Avenue 21 1/2 Chowchilla Madera 93610,,,Silveira Dairy Pipeline,11277 Ave 21 1/2 Chowchilla CA 93610,Silveira Dairy Heifers,11277 Ave 21 1/2 Chowchilla CA 93610,Chowchilla 93610,10221 Ave 21 1/2 Madera,Farmer,,,,,,,,,,06/30/2024,,2024-06-30,True,False,,,,,3720000.0,,,,,,,,,,Hrs Pumped X GPM,R5-2007-0035_software,2024AR_Silveira Dairy_11277 Ave 21.5_Madera,58,59,4,fresno_madera,wastewater
Silveira Dairy,11277 Avenue 21 1/2 Chowchilla Madera 93610,,,Silveira Dairy Pipeline,11277 Ave 21 1/2 Chowchilla CA 93610,Silveira Dairy Heifers,11277 Ave 21 1/2 Chowchilla CA 93610,Chowchilla 93610,10221 Ave 21 1/2 Madera,Farmer,,,,,,,,,,07/13/2024,,2024-07-13,True,False,,,,,2520000.0,,,,,,,,,,Hrs Pumped X GPM,R5-2007-0035_software,2024AR_Silveira Dairy_11277 Ave 21.5_Madera,60,61,5,fresno_madera,wastewater
Skyline Dairy,15992 Ave 192 Tulare CA 93274,,,Turning Leaf Organics,14982 Road 152 Tipton CA 93272,Turning Leaf Organics,14982 Road 152 Tipton CA 93272,,,Compost Facility,,,,,,,,,,5/8/24-5/25/24,2024-05-08,2024-05-25,False,UNSURE,,,,,,,,,14513.0,,,77.9,,,,R5-2013-0122_general_order,2024AR_Skyline Dairy_15992 Ave 192_Tulare,32,33,1,,manure
Skyline Dairy,15992 Ave 192 Tulare CA 93274,,,Turning Leaf Organics 14982 Road 152 Tipton CA 93272 Phone Number,Turning Leaf Organics 14982 Road 152 Tipton CA 93272 Phone,Turning Leaf Organics,,,,,,,,,,,,36.061093,-119.240392,5/8/24-5/25/24,2024-05-08,2024-05-25,False,UNSURE,,,,,,,,,,,,,,,,CAG018001,2024AR_Skyline Dairy_15992 Ave 192_Tulare,34,34,2,,unknown
Skyline Dairy,15992 Ave 192 Tulare CA 93274,,,Turning Leaf Organics,14982 Road 152 Tipton CA 93272,Turning Leaf Organics,14982 Road 152 Tipton CA 93272,,,,,,,,,,,,,10/17/2024-10/22/2024,2024-10-17,2024-10-22,False,UNSURE,,,,,,,,,3520.0,,,72.3,,,,R5-2013-0122_general_order,2024AR_Skyline Dairy_15992 Ave 192_Tulare,35,36,3,,manure
Skyline Dairy,,,,Turning Leaf Organics Phone Number,Turning Leaf Organics Phone,Turning Leaf Organics,,,,,,,,,,,,36.0606814,-119.2385134,10/17/24-10/22/24,2024-10-17,2024-10-22,False,UNSURE,,,,,,,,,,,,,,,,CAG018001,2024AR_Skyline Dairy_15992 Ave 192_Tulare,37,37,4,,unknown
Skyline Dairy,15992 Ave 192 Tulare CA 93274,,,Netto Ag INC,10044 Flint Ave Hanford CA 93230,Mark Heuer,Mark Heuer,,,,,,,,,,,,,11/15/2024-11/22/2024,2024-11-15,2024-11-22,False,UNSURE,,,,,,,,,1800.0,,,72.3,,,,R5-2013-0122_general_order,2024AR_Skyline Dairy_15992 Ave 192_Tulare,38,39,5,,manure
,1495 Jumper Ave Wasco 93280,,,,,Harry & Jacob Samaria,Manure/Process Wastewater Hauler Information,,,,,,,,,,,,,Entire Year,2024-01-01,2024-12-31,False,UNSURE,,,,,13507200.0,,,,3800.0,,,,,,,R5-2007-0035_one_page_1,2024AR_Solo Dairy_11495 Jumper Ave_Kern,70,70,1,kern,both
Sousa Dairy,7709 Avenue 376 Dinuba. 93618,,,Sousa Ag Compost INC,P.O Box 725 Stratford 93266,John Sousa P.O Box,725 Stratford 93266,,,Broker,,,,,,,,,,9-5-24/9-29-24,2024-09-05,2024-09-29,False,UNSURE,,,,,,,,,1200.0,,,,,Scale Weight,,R5-2007-0035_general_order,2024AR_Sousa Dairy_7709 Ave 376_Tulare,72,73,1,tulare_east,manure
South Corner Dairy,8150 Ave 360 Visalia CA 93291,,,Trinidad Macias,13301 Ave 428 Orosi CA 93647,,,23530 E. Kings Canyon Rd Reedley CA 93654,,Composting Facility,,,,,,,,,,6/6/2024 & 7/12/2024,2024-06-06,2024-07-12,False,UNSURE,,,,,,,,,638.0,,,75.3,,,,R5-2013-0122_general_order,2024AR_South Corner Dairy_8150 Ave 360_Tulare,23,24,1,,manure
T.M. Nursery,,,,Trinidad Macias Phone Number,Trinidad Macias Phone,,,,,,,,,,,,,,,6/6/24 7/12/24,2024-06-06,2024-07-12,False,UNSURE,,,,,,,,,,,,,,,,CAG018001,2024AR_South Corner Dairy_8150 Ave 360_Tulare,25,25,2,,unknown
South Corner Dairy,8150 Ave 360 Visalia CA 93291,,,Valley Manure Spreading,1728 N. Irma Street Visalia CA 93292,Rijlaarsdam Farms,Rijlaarsdam Farms,35185 Rd 52 Kingsburg CA 93631,,Croplands,,,,,,,,,,7/1/2024,,2024-07-01,False,UNSURE,,,,,,,,,440.0,,,75.3,,,,R5-2013-0122_general_order,2024AR_South Corner Dairy_8150 Ave 360_Tulare,26,27,3,,manure
South Corner Dairy,8517 Ave 360 Visalia CA 93291,,,Phone Number,Phone,,,,,,,,,,,,,,,,,,False,UNSURE,,,,,,,,,,,,,,,,CAG018001,2024AR_South Corner Dairy_8150 Ave 360_Tulare,28,28,4,,unknown
South Creek Dairy,11450 Avenue 64 Earlimart CA 93219,,,Etchegaray Farms LLC,,,,,,,,313-030-014,,,,,,,,10/1/2024,,2024-10-01,False,UNSURE,,,,,,,,,800.0,,,37.4,,,,R5-2013-0122_general_order,2024AR_South Creek Dairy_11450 Avenue 64_W Tulare,27,28,1,,manure
South Lest Dairy (Former Milk Time Dairy),12519 Road 17 Madera Madera 93637,,,Ritchie Lest Farms INC.,14676 Avenue 14 Madera CA 93637,El Nido Ranch,7792 Nickle Rd Dos Palos CA 93620,7792 Nickle Rd Dos Palos 93620,Merced,Farmer,,,,,,,,,,05/16/2024,,2024-05-16,False,UNSURE,,,,,,,,,750.0,,,65.1,,Number Of Loads Multiplied By Load Weight,,R5-2007-0035_software,2024AR_South Iest Dairy (former Milk Time Dairy)_12519 Road 16_Madera,129,130,1,fresno_madera,manure
South Lest Dairy (Former Milk Time Dairy),12519 Road 17 Madera Madera 93637,,,Ritchie Lest Farms INC.,14676 Avenue 14 Madera CA 93637,El Nido Ranch,7792 Nickle Rd Dos Palos CA 93620,7792 Nickle Rd Dos Palos 93620,Merced,Farmer,,,,,,,,,,08/09/2024,,2024-08-09,False,UNSURE,,,,,,,,,1865.0,,,66.4,,Number Of Loads Multiplied By Load Weight,,R5-2007-0035_software,2024AR_South Iest Dairy (former Milk Time Dairy)_12519 Road 16_Madera,131,132,2,fresno_madera,manure
South Lest Dairy (Former Milk Time Dairy),12519 Road 17 Madera Madera 93637,,,Ritchie Lest Farms INC.,14676 Avenue 14 Madera CA 93637,El Nido Ranch,7792 Nickle Rd Dos Palos CA 93620,7792 Nickle Rd Dos Palos 93620,Merced,Farmer,,,,,,,,,,11/15/2024,,2024-11-15,False,UNSURE,,,,,,,,,734.0,,,66.4,,Number Of Loads Multiplied By Load Weight,,R5-2007-0035_software,2024AR_South Iest Dairy (former Milk Time Dairy)_12519 Road 16_Madera,133,134,3,fresno_madera,manure
Souza's Dairy INC.,8555 S Valentine Ave Fresno Fresno 93706,,,Burrows Larry & Tony Trucking And Spreading,11751 W. Jensen Kerman CA 93630,Burrows Larry & Tony Trucking And Spreading,11751 W. Jensen Kerman CA 93630,11751 W. Jensen Ave Kerman 93630,W. Jensen Fresno,Broker,,,,,,,,,,01/01/2024,,2024-01-01,False,UNSURE,,,,,,,,,3300.0,,,62.7,,Averaged Scale Weighed Trucks Multiplied By The Number Of Trucks Hauled.,,R5-2007-0035_software,2024AR_Souza_s Dairy_8555 S Valentine Ave_Fresno,102,103,1,fresno_madera,manure
Souza's Dairy INC.,8555 S Valentine Ave Fresno Fresno 93706,,,Burrows Larry & Tony Trucking And Spreading,11751 W. Jensen Kerman CA 93630,Burrows Larry & Tony Trucking And Spreading,11751 W. Jensen Kerman CA 93630,11751 W. Jensen Ave Kerman 93630,W. Jensen Fresno,Broker,,,,,,,,,,02/08/2024,,2024-02-08,False,UNSURE,,,,,,,,,1100.0,,,62.7,,{Frit Ineoat Ot Somtnteptciniss Sentin Enett« Tesensrstcrenttrtsnettersrseni Tmtrt Tretttty — Matcamiette Ft} Tnrhntent Natn Tt Ettaotte Snes Puamtctnnitcrnies Tat Snes Peiencamnrets Eatetiemmnctnnttenes Fe Miciteti Inte Sanceenteriecemmatetety Ool Mecemniataenin Oh Emma Smtnmmtecmmnies Ommpcimitcnitc Mr Wee Ta Etnaaeeteey,,R5-2007-0035_software,2024AR_Souza_s Dairy_8555 S Valentine Ave_Fresno,104,105,2,fresno_madera,manure
Souza's Dairy INC.,8555 S Valentine Ave Fresno Fresno 93706,,,Burrows Larry & Tony Trucking And Spreading,11751 W. Jensen Kerman CA 93630,Gill Farms,12911 S Fruit Ave. Caruthers CA 93609,Kerman 93630,Blythe And Polk Avenues Fresno,Farmer,,,,,,,,,,03/13/2024,,2024-03-13,False,UNSURE,,,,,,,,,1300.0,,,62.7,,Yor Tne Te Dp Ts A Ronit # Itr Bee Erent Alte Mens Mn I Maps Nmin Tin Imenimrenienne Meanest Utearafecanenmtonnat Tena Intr Ntes Mintts On Rirtite Rotate Ee Ee Oa Rmareareemtetited 6 Meeteperomtee Ne Say N Totem Atnaayins Anemia Bce Tam Oe,,R5-2007-0035_software,2024AR_Souza_s Dairy_8555 S Valentine Ave_Fresno,106,107,3,fresno_madera,manure
Souza's Dairy INC.,8555 S Valentine Ave Fresno Fresno 93706,,,Burrows Larry & Tony Trucking And Spreading,11751 W. Jensen Kerman CA 93630,Burrows Larry & Tony Trucking And Spreading,11751 W. Jensen Kerman CA 93630,11751 W. Jensen Ave Kerman 93630,W. Jensen Fresno,Broker,,,,,,,,,,05/21/2024,,2024-05-21,False,UNSURE,,,,,,,,,2000.0,,,62.7,,Averaged Scale Weighed Trucks Multiplied By The Number Of Trucks Hauled.,,R5-2007-0035_software,2024AR_Souza_s Dairy_8555 S Valentine Ave_Fresno,108,109,4,fresno_madera,manure
Souza's Dairy INC.,8555 S Valentine Ave Fresno Fresno 93706,,,Burrows Larry & Tony Trucking And Spreading,11751 W. Jensen Kerman CA 93630,Burrows Larry & Tony Trucking And Spreading,11751 W. Jensen Kerman CA 93630,11751 W. Jensen Ave Kerman 93630,W. Jensen Fresno,Broker,,,,,,,,,,10/18/2024,,2024-10-18,False,UNSURE,,,,,,,,,1925.0,,,60.6,,Averaged Scale Weighed Trucks Multiplied By The Number Of Trucks Hauled.,,R5-2007-0035_software,2024AR_Souza_s Dairy_8555 S Valentine Ave_Fresno,110,111,5,fresno_madera,manure
Sun Valley Dairy,255 Road 128 Delano CA 93215,,,Etchegaray Farms,32324 Famoso Rd Mc Farland CA 93250,Etchegaray Farms,32324 Famoso Rd Mc Farland CA 93250,,,,,,,,,,,,,7/15/2024 8/11-15/2024 11/11-15/2024 11/21-22/2024 12/1/2024 12/10-11/2024,2024-07-15,2024-12-11,False,UNSURE,,,,,,,,,1279.78,,,64.7,,,,R5-2013-0122_general_order,2024AR_Sun Valley Dairy_255 Road 128_W Tulare,53,54,1,,manure
Sun Valley Dairy,255 Road 128 Delano CA 93215,,,Saul S Hernandez,17899 S. Del Rey Ave. Kingsburg CA 93631,Sierra Cal Ranch,Sierra Cal Ranch,Avenue 8 And West Of Road 128,,,,,,,,,,,,5/5/2024 9/10/2024,2024-05-05,2024-09-10,False,UNSURE,,,,,,,,,6000.0,,,64.7,,,,R5-2013-0122_general_order,2024AR_Sun Valley Dairy_255 Road 128_W Tulare,55,56,2,,manure
Sun Valley Dairy,255 Road 128 Delano CA 93215,,,Saul S Hernandez,17899 S. Del Rey Ave. Kingsburg CA 93631,Tipton Ranch,Tipton Ranch,10786 Ave 144 Tipton CA 93272,,,,,,,,,,,,9/15/2024,,2024-09-15,False,UNSURE,,,,,,,,,900.0,,,60.7,,,,R5-2013-0122_general_order,2024AR_Sun Valley Dairy_255 Road 128_W Tulare,57,58,3,,manure
Pete Vander Poel Dairy Sunset Ranch,194393 Road 140 Tulare CA 93274,,,Triple M Custom Chopping And Manure Spreading INC,Po Box 1020 Tulare CA 93275,P&M Dairy,9535 Avenue 160 Tipton CA 93272,Field 5,,Farmer,,,,,,,,,,9/30/2024 10/1-4/2024 10/7-10/2024,2024-09-30,2024-10-10,False,UNSURE,,,,,,,,,144.0,,,65.5,,,,R5-2013-0122_general_order,2024AR_Sunset Ranch_19493 Rd 140_Tulare,28,29,1,,manure
Pete Vander Poel Dairy Sunset Ranch,194393 Road 140 Tulare CA 93274,,,Triple M Custom Chopping And Manure Spreading INC,Po Box 1020 Tulare CA 93275,P&M Dairy,9535 Avenue 160 Tipton CA 93272,Field 5,,Farmer,,,,,,,,,,9/30/2024 10/1-4/2024 10/7-10/2024,2024-09-30,2024-10-10,False,UNSURE,,,,,,,,,163.0,,,65.5,,,,R5-2013-0122_general_order,2024AR_Sunset Ranch_19493 Rd 140_Tulare,30,31,2,,manure
Pete Vander Poel Dairy Sunset Ranch,194393 Road 140 Tulare CA 93274,,,Triple M Custom Chopping And Manure Spreading INC,Po Box 1020 Tulare CA 93275,P&M Dairy,9535 Avenue 160 Tipton CA 93272,Field 4,,Farmer,,,,,,,,,,9/30/2024 10/1-4/2024 10/7-10/2024,2024-09-30,2024-10-10,False,UNSURE,,,,,,,,,186.0,,,65.5,,,,R5-2013-0122_general_order,2024AR_Sunset Ranch_19493 Rd 140_Tulare,32,33,3,,manure
T&W Farms 1,18346 Old River Rd Bakersfield CA 93311 !,,,Rico Trucking,P.O. Box 515 Norco CA 92860,Grimmway Farms,,Po Box 81498 Bakersfield CA,,Farmer .,,,,,,,,,,Apr 1 2024-Apr 30 2024,2024-04-01,2024-04-30,False,UNSURE,,,,,,,,,4276.0,,,,70.0,,,R5-2007-0035_one_page_2,2024AR_T&W Farms,101,101,1a,kern,manure
T&W Farms 1,18346 Old River Rd Bakersfield CA 93311 !,,,Rico Trucking,P.O. Box 515 Norco CA 92860,Grimmway Farms,,Po Box 81498 Bakersfield CA,,Farmer .,,,,,,,,,,May 1 2024-May 31 2024,2024-05-01,2024-05-31,False,UNSURE,,,,,,,,,15119.0,,,,69.0,,,R5-2007-0035_one_page_2,2024AR_T&W Farms,101,101,1b,kern,manure
T&W Farms 1,18346 Old River Rd Bakersfield CA 93311 !,,,Rico Trucking,P.O. Box 515 Norco CA 92860,Grimmway Farms,,Po Box 81498 Bakersfield CA,,Farmer .,,,,,,,,,,Jun 1 2024-Jun 30 2024,2024-06-01,2024-06-30,False,UNSURE,,,,,,,,,12776.0,,,,68.0,,,R5-2007-0035_one_page_2,2024AR_T&W Farms,101,101,1c,kern,manure
T&W Farms 1,18346 Old River Rd Bakersfield CA 93311 !,,,Rico Trucking,P.O. Box 515 Norco CA 92860,Grimmway Farms,,Po Box 81498 Bakersfield CA,,Farmer .,,,,,,,,,,Jul 1 2024-Jul 31 2024,2024-07-01,2024-07-31,False,UNSURE,,,,,,,,,22079.0,,,,68.0,,,R5-2007-0035_one_page_2,2024AR_T&W Farms,101,101,1d,kern,manure
T&W Farms 1,18346 Old River Rd Bakersfield CA 93311 !,,,Rico Trucking,P.O. Box 515 Norco CA 92860,Grimmway Farms,,Po Box 81498 Bakersfield CA,,Farmer .,,,,,,,,,,Aug 1 2024-Aug 31 2024,2024-08-01,2024-08-31,False,UNSURE,,,,,,,,,8151.0,,,,70.0,,,R5-2007-0035_one_page_2,2024AR_T&W Farms,101,101,1e,kern,manure
T&W Farms 1,18346 Old River Rd Bakersfield CA 93311 !,,,Rico Trucking,P.O. Box 515 Norco CA 92860,Grimmway Farms,,Po Box 81498 Bakersfield CA,,Farmer .,,,,,,,,,,Sep 1 2024-Sep 30 2024,2024-09-01,2024-09-30,False,UNSURE,,,,,,,,,15934.0,,,,67.0,,,R5-2007-0035_one_page_2,2024AR_T&W Farms,101,101,1f,kern,manure
T&W Farms 2,5959 Houghtonrd Tt Bakersfield CA 93311 !,,,Rico Trucking,P.O. Box 515 Norco CA 92860,Grimmway Farms,,Po Box 81498 Bakersfield CA,,Farmer .,,,,,,,,,,Feb 1 2024-Feb 29 2024,2024-02-01,2024-02-29,False,UNSURE,,,,,,,,,6647.0,,,,70.0,,,R5-2007-0035_one_page_2,2024AR_T&W Farms #2 Dairy,30,30,1a,kern,manure
T&W Farms 2,5959 Houghtonrd Tt Bakersfield CA 93311 !,,,Rico Trucking,P.O. Box 515 Norco CA 92860,Grimmway Farms,,Po Box 81498 Bakersfield CA,,Farmer .,,,,,,,,,,Nov 1 2024-Nov 30 2024,2024-11-01,2024-11-30,False,UNSURE,,,,,,,,,4924.0,,,,68.0,,,R5-2007-0035_one_page_2,2024AR_T&W Farms #2 Dairy,30,30,1b,kern,manure
T-Bar Dairy,14851 Road 168 Porterville Tulare 93257,,,Cain Trucking,23004 Road 140 Tulare CA 93274,Cain Trucking,7559 Avenue 152 Tipton CA 93272,7559 Avenue 152 Tipton 93272,Tulare,Composting Facility,,,,,,,,,,07/30/2024,,2024-07-30,False,UNSURE,,,,,,,,,1269.0,,,87.9,,Number Of Loads Multiplied By Load Weight,,R5-2007-0035_software,2024AR_T-Bar Dairy_14851 Rd 168_Tulare,107,108,1,tulare_east,manure
Tri-Lest Dairy,16500 Avenue 14 Madera Madera 93637,,,— Richie Lest Farms INC.,14676 Avenue 14 Madera CA 93637,El Nido Ranch,7792 Nickle Rd Dos Palos CA 93620,7792 Nickle Rd Dos Palos 93620,Merced,Farmer,,,,,,,,,,05/19/2024,,2024-05-19,False,UNSURE,,,,,,,,,2015.0,,,65.5,,Number Of Loads Multiplied By Load Weight,,R5-2007-0035_software,2024AR_TRI-Iest Dairy_16500 Ave 14_Madera,323,324,1,fresno_madera,manure
Tri-Lest Dairy,16500 Avenue 14 Madera Madera 93637,,,— Richie Lest Farms INC.,14676 Avenue 14 Madera CA 93637,El Nido Ranch,7792 Nickle Rd Dos Palos CA 93620,7792 Nickle Rd Dos Palos 93620,Merced,Farmer,,,,,,,,,,08/20/2024,,2024-08-20,False,UNSURE,,,,,,,,,6011.0,,,77.3,,Number Of Loads Multiplied By Load Weight,,R5-2007-0035_software,2024AR_TRI-Iest Dairy_16500 Ave 14_Madera,325,326,2,fresno_madera,manure
Tri-Lest Dairy,16500 Avenue 14 Madera Madera 93637,,,— Richie Lest Farms INC.,14676 Avenue 14 Madera CA 93637,El Nido Ranch,7792 Nickle Rd Dos Palos CA 93620,7792 Nickle Rd Dos Palos 93620,Merced,Farmer,,,,,,,,,,11/26/2024,,2024-11-26,False,UNSURE,,,,,,,,,2474.0,,,77.3,,Number Of Loads Multiplied By Load Weight,,R5-2007-0035_software,2024AR_TRI-Iest Dairy_16500 Ave 14_Madera,327,328,3,fresno_madera,manure
The Dairy INC.,6240 21St Avenue Lemoore CA 93245,,,"""""{ Po”) A",< Oid Gerbe I Voerds “ Qe,,,,,Composting,,,,,,,,,,Y-29-20,2024-01-20,2024-01-29,False,UNSURE,,,,,,,,,,,,,,Lo Til T } Be L Mack,,R5-2013-0122_general_order,2024AR_The Dairy Inc_6240 21st Ave_Kings,34,35,1,,unknown
The Dairy INC.,6240 21St Avenue Lemoore CA 93245,,,°,So \O Ione Lends 2 G4 Csg,,,Leen Eae Ea A Tt A A A A A Eae Aaa Eiaiaian Nae,,,,,,,,,,,,— ~ U-200,,,False,UNSURE,,,,,,,,,,,,,,10 Tow. Tr Rael Load’ A,,R5-2013-0122_general_order,2024AR_The Dairy Inc_6240 21st Ave_Kings,36,37,2,,unknown
Thommen Dairy,City Zip Code,,,Coit Ranch,,Robby Thommey,Robby Thommey,480 Belmont Mendota CA,,,,,,,,,,,,8-1-24-712-15.24,,2024-08-01,False,UNSURE,,,,,,,,,6200.0,,,,,Truck Loads Amount.,,R5-2007-0035_general_order,2024AR_Thommen Dairy_53955 W Nees Ave_Fresno,38,39,1,fresno_madera,manure
Thommen Dairy,City Zip Code,,,Coit Ranches,480 Belmont Mendofx,Robby Thommen,Robby Thommen,480 Belmont Mendota CA,,,,,,,,,,,,5-20-24 7-10-24,2024-05-20,2024-07-10,False,UNSURE,,,,,,,,,3800.0,,,,,Truck Loads,,R5-2007-0035_general_order,2024AR_Thommen Dairy_53955 W Nees Ave_Fresno,40,41,2,fresno_madera,manure
Tjaarda Dairy,19211 Magnolia Ave. Shaffer 93263,,,,,Rem Composting P.O. Box,Manure/Process Wastewater Hauler Information,,,,,,,,,,,,,6/1-7/24,2024-06-01,2024-07-24,False,UNSURE,,,,,,,,,11000.0,,,,,,,R5-2007-0035_one_page_1,2024AR_Tjaarda Dairy_19211 Magnolia Ave_Kern,73,73,1,kern,manure
,9045 Ave. 368 Binuba 93618,,,,,Cottonwood Farms,Manure/Process Wastewater Hauler Information,,,,,,,,,,,,,,,,False,UNSURE,,,,,,,,,6.0,,,,,,,R5-2007-0035_one_page_1,2024AR_Tri Bak Dairy LLC_9045 Ave 368_Tulare,37,37,1,,manure
Trilogy Dairy,17661 Bear Mountain Blvd Bakersfield CA 93311,,,R & M Farm Service INC.,2312 Alpine Meadows Ct. Wasco CA 93280,R&M Manure,,2312 Alpine Meadows Ct Wasco CA A,,Broker,,,,,,,,,,Apr 1 2024-Apr 30 2024,2024-04-01,2024-04-30,False,UNSURE,,,,,,,,,15942.0,,,,68.0,,,R5-2007-0035_one_page_2,2024AR_Trilogy Dairy,93,93,1a,kern,manure
Trilogy Dairy,17661 Bear Mountain Blvd Bakersfield CA 93311,,,R & M Farm Service INC.,2312 Alpine Meadows Ct. Wasco CA 93280,R&M Manure,,2312 Alpine Meadows Ct Wasco CA A,,Broker,,,,,,,,,,May 1 2024-May 31 2024,2024-05-01,2024-05-31,False,UNSURE,,,,,,,,,8339.0,,,,70.0,,,R5-2007-0035_one_page_2,2024AR_Trilogy Dairy,93,93,1b,kern,manure
Trilogy Dairy,17661 Bear Mountain Blvd Bakersfield CA 93311,,,R & M Farm Service INC.,2312 Alpine Meadows Ct. Wasco CA 93280,R&M Manure,,2312 Alpine Meadows Ct Wasco CA A,,Broker,,,,,,,,,,Jul 1 2024-Jul 31 2024,2024-07-01,2024-07-31,False,UNSURE,,,,,,,,,19394.0,,,,66.0,,,R5-2007-0035_one_page_2,2024AR_Trilogy Dairy,93,93,1c,kern,manure
Trilogy Dairy,17661 Bear Mountain Blvd Bakersfield CA 93311,,,R & M Farm Service INC.,2312 Alpine Meadows Ct. Wasco CA 93280,R&M Manure,,2312 Alpine Meadows Ct Wasco CA A,,Broker,,,,,,,,,,Aug 1 2024-Aug 31 2024,2024-08-01,2024-08-31,False,UNSURE,,,,,,,,,11647.0,,,,71.0,,,R5-2007-0035_one_page_2,2024AR_Trilogy Dairy,93,93,1d,kern,manure
Trilogy Dairy,17661 Bear Mountain Blvd Bakersfield CA 93311,,,R & M Farm Service INC.,2312 Alpine Meadows Ct. Wasco CA 93280,R&M Manure,,2312 Alpine Meadows Ct Wasco CA A,,Broker,,,,,,,,,,Sep 1 2024-Sep 30 2024,2024-09-01,2024-09-30,False,UNSURE,,,,,,,,,21494.0,,,,70.0,,,R5-2007-0035_one_page_2,2024AR_Trilogy Dairy,93,93,1e,kern,manure
Triple H #1,13255 Ave 212 Tulare CA 93274,,,,,Riverbend Farms,,20819 Rd.132 Tulare CA 93274,,,,191-140-008191-140-009,,,,,,,,01-01-2024,,2024-01-01,False,UNSURE,,,,,,,,,,,,,,,Wastewater Production Was Estimated Using Equipment Flow Estimations And Precipitation Records,provost_pritchard_manifest,2024AR_Triple H Dairy #1_13255 Ave 212_Tulare,30,31,1,,unknown
Triple Dairy.,,,,Slover Bros,15302 288 Visalia 93292,Slover Bros.,15302 Ave. 288 Visalia 93,Ave. 2482 Rd148 93274,,,,,,,,,,,,Od.18 28 Nov. 145 6 7 2024,,2024-11-01,False,UNSURE,,,,,,,,,9112.5,,,,,1458 Dump Tk@Approx Le. 25Tons,,R5-2007-0035_general_order,2024AR_Triple H Dairy #1_13255 Ave 212_Tulare,32,33,2,,manure
Troost Dairy,27000 Road 9 Chowchilla Madera 93610,,,Shut Eye Transco LLC,24662 Road 9 Chowchilla CA 93610,Double N Farms LLC,17076 Cotton Gin Rd Los Banos CA 93635,17076 Cotton Gin Rd Los Banos 93635,Merced,Farmer,,,,,,,,,,07/16/2024,,2024-07-16,False,UNSURE,,,,,,,,,519.59,,,49.4,,Number Of Loads Multiplied By Load Weight,,R5-2007-0035_software,2024AR_Troost Dairy_27000 Road _Madera,269,270,1,fresno_madera,manure
Troost Dairy,27000 Road 9 Chowchilla Madera 93610,,,Shut Eye Transco LLC,24662 Road 9 Chowchilla CA 93610,Ralph Hayes & Sons INC,20177 S Macaurthur Dr Tracy CA 95304,20177 S Macaurthur Dr Tracy 95304,San Joaquin,Farmer,,,,,,,,,,10/28/2024,,2024-10-28,False,UNSURE,,,,,,,,,1304.28,,,89.4,,Number Of Loads Multiplied By Load Weight,,R5-2007-0035_software,2024AR_Troost Dairy_27000 Road _Madera,271,272,2,fresno_madera,manure
Troost Dairy,27000 Road 9 Chowchilla Madera 93610,,,Shut Eye Transco LLC,24662 Road 9 Chowchilla CA 93610,Ralph Hayes & Sons INC,20177 S Macaurthur Dr Tracy CA 95304,20177 S Macaurthur Dr Tracy 95304,San Joaquin,Farmer,,,,,,,,,,11/03/2024,,2024-11-03,False,UNSURE,,,,,,,,,554.04,,,89.4,,Number Of Loads Multiplied By Load Weight,,R5-2007-0035_software,2024AR_Troost Dairy_27000 Road _Madera,273,274,3,fresno_madera,manure
Troost Dairy,27000 Road 9 Chowchilla Madera 93610,,,Shut Eye Transco LLC,24662 Road 9 Chowchilla CA 93610,Heupel Bros Farms,2480 S Burchell Ave Legrand CA 95333,2480 S Burchell Ave Le Grand 95333,Merced,Farmer,,,,,,,,,,11/07/2024,,2024-11-07,False,UNSURE,,,,,,,,,160.97,,,89.4,,Number Of Loads Multiplied By Load Weight,,R5-2007-0035_software,2024AR_Troost Dairy_27000 Road _Madera,275,276,4,fresno_madera,manure
Troost Dairy,27000 Road 9 Chowchilla Madera 93610,,,Shut Eye Transco LLC,24662 Road 9 Chowchilla CA 93610,Ralph Hayes & Sons INC,20177 S Macaurthur Dr Tracy CA 95304,20177 S Macaurthur Dr Tracy 95304,San Joaquin,Farmer,,,,,,,,,,11/13/2024,,2024-11-13,False,UNSURE,,,,,,,,,884.57,,,89.4,,Number Of Loads Multiplied By Load Weight,,R5-2007-0035_software,2024AR_Troost Dairy_27000 Road _Madera,277,278,5,fresno_madera,manure
Up Legacy Farms,28349 Los Angeles St. Shafter CA 93263,,,Hargis & Sons,34378 7Th Standard Blofls. 93314,H3H Arvin CA,93203,Edison/Aran,,,,,,,,,,,,10/17/24,,2024-10-17,False,UNSURE,,,,,,,,,5225.0,,,,,Moisture Prove,,R5-2007-0035_general_order,2024AR_VP Legacy Farms_28349 Los Angeles St_Kern,60,61,1,kern,manure
Up Legacy Farms,28349 Los Angeles St. Chapter CA 93263,,,Hargis & Sons,34378 7Th Standard Blesels. 93314,Wilson,Wilson,Tulare St/Fresno St. Shafter 93263 Code Assessor's Parcel,,,,,,,,,,,,5/16/2024 10/12/24,2024-05-16,2024-10-12,False,UNSURE,,,,,,,,,300.0,,,,,Moisture Probe,,R5-2007-0035_general_order,2024AR_VP Legacy Farms_28349 Los Angeles St_Kern,62,63,2,kern,manure
Up Legacy Farms,28349 Los Angeles St. Chapter CA 93263,,,Hargis & Sons,34378 7Th Standard Bleskle.,Eric,Eric,Palm/Tulare Ave.,,,,,,,,,,,,3/23/24,,2024-03-23,False,UNSURE,,,,,,,,,258.0,,,,,Moisture Prove,,R5-2007-0035_general_order,2024AR_VP Legacy Farms_28349 Los Angeles St_Kern,64,65,3,kern,manure
Van Beek Bros Dairy,14808 Rd 152 Tipton 93272,,,Barcellos Farms,Po Box 142 Tipton 93272,Same As Hauler,Same As Hauler,,,,,232-160-001,,,,,,,,1/1/24-12/31/24,2024-01-01,2024-12-31,False,UNSURE,,,,,13824000.0,,,,,,,,,,Pump Flow Rate,R5-2007-0035_general_order,2024AR_Van Beek Brothers Dairy_14808 Ave 152_Tulare,121,122,1,tulare_east,wastewater
Van Beek Brothers Dairy,14982 Road 152 Tipton CA 93272,,,Turning Leaf Organics Phone Number,Turning Leaf Organics Phone,,,,,,,,,,,,,360607199.0,-119.2391615,,,,False,UNSURE,,,,,,,,,,,,,,,,CAG018001,2024AR_Van Beek Brothers Dairy_14808 Ave 152_Tulare,123,123,2,tulare_east,unknown
Vintage Dairy,12608 Road 144 Tipton CA 93272,,,Turning Leaf Organics,14982 Road 152 Tipton CA 93272,Helia Van Beek,14982 Road 152 Tipton CA 93272,,,Composting,,,,,,,,,,6/13-27/2024 11/2-4/2024,2024-06-13,2024-11-04,False,UNSURE,,,,,,,,,9995.0,,,55.1,,,,R5-2013-0122_general_order,2024AR_Vintage Dairy_12608 Rd 144_Tulare,32,33,1,,manure
Vintage Dairy,5715 Kansas Ave Hanford CA 93230,,,Turning Leaf Organics Phone Number,Turning Leaf Organics Phone,Turning Leaf Organics Tipton,,,,,,,,,,,,36.0606912,-119.2391866,06/13/24-06/27/24 And 11/2/24-11/4/24,2024-06-13,2024-11-04,False,UNSURE,,,,,,,,,,,,,,,,CAG018001,2024AR_Vintage Dairy_12608 Rd 144_Tulare,34,34,2,,unknown
Vintage Dairy,12608 Road 144 Tipton CA 93272,,,Vintage Dairy,12608 Road 144 Tipton CA 93272,Little Ranch,13167 Road 144 Tipton CA 93272,,,Farmer,,,,,,,,,,12/31/2024,,2024-12-31,False,UNSURE,,,,,37244426.4,,,,,,,,,,,R5-2013-0122_general_order,2024AR_Vintage Dairy_12608 Rd 144_Tulare,35,36,3,,wastewater
Vitor Borba Dairy #2,16452 11Th Ave. Hanford 93230,,,Fragoso Custom Harvesting INC.,7871 Houston Avenue Hanford 93230,Frank P. Barcellos Sons,93230,Fagundes Last Hanford 93230,,,,,,,,,,,,10-7/10-8/10-9/10-10,2024-09-10,2024-09-10,False,UNSURE,,,,,,,,,3200.0,,,,,20 Tons,,R5-2007-0035_one_page_1,2024AR_Vitor Borba Dairy #2_16452 11th Ave_Kings,30,30,1,,manure
Vitoria Farms,12429 Ave 24 Chowchilla 93610,,,Jaf Fertilizer,1275,Fagundes Bros,23732 Road 12 Chowchilla 93610,Avenue 24 1/2 Road 12 Chowchilla 93610 6025 0140 0005 0000,,,,,,,,,,,,4/26/24,,2024-04-26,False,UNSURE,,,,,,,,,2475.0,,,,,Haulers Calculations,,R5-2007-0035_general_order,2024AR_Vitoria Farms Dairy_12433 Ave 24_Madera,44,45,1,fresno_madera,manure
Vitoria Farms,12429 Ave 24 Chowchilla 93610,,,Jaf Fertilizer,1275 North Ave Gustine 95322,Fagundes Bros,23732 Road 12 Chowchilla 93610,Avenue 24 1/2 Road 12 Chowchilla 93610 0025 0140 0003 0000,,,,,,,,,,,,4/26/24,,2024-04-26,False,UNSURE,,,,,,,,,1200.0,,,,,Hauler's Calculations,,R5-2007-0035_general_order,2024AR_Vitoria Farms Dairy_12433 Ave 24_Madera,46,47,2,fresno_madera,manure
Vitoria Farms,12429 Ave 24 Chowchilla 93610,,,Jaf Fertilizer,1275 North Ave Gustine 95322,Fagundes Bros,23732 Road 12 Chowchilla 93610,Avenue 24 1/2 Road 12 Chowchilla 93610 0025 0140 0008 0000,,,,,,,,,,,,4/26/24,,2024-04-26,False,UNSURE,,,,,,,,,240.0,,,,,Haulers Calculations,,R5-2007-0035_general_order,2024AR_Vitoria Farms Dairy_12433 Ave 24_Madera,48,49,3,fresno_madera,manure
Vitoria Farms,,,,Jaf Fertilizer,1275,Fagundes Bros,23732 Road 12 Chowchilla 93610,Avenue 24 1/2 Road 12 Chowchilla 93610 0025 0130 0004 0000,,,,,,,,,,,,4/26/24,,2024-04-26,False,UNSURE,,,,,,,,,,,,,,Haulers Calculations,,R5-2007-0035_general_order,2024AR_Vitoria Farms Dairy_12433 Ave 24_Madera,50,51,4,fresno_madera,unknown
Vitoria Farms,12429 Ave 24 Chowchilla 93610,,,Jaf Fertilizer,1275 North Ave Gustine 95322,Fagundes Bros,23732 Road 12 Chowchilla 93410,Avenue 24 1/2 Road 12 Chowchilla 93610 0025 0140 0008 0000,,,,,,,,,,,,4/26/24,,2024-04-26,False,UNSURE,,,,,,,,,300.0,,,,,Hauler's Calculations,,R5-2007-0035_general_order,2024AR_Vitoria Farms Dairy_12433 Ave 24_Madera,52,53,5,fresno_madera,manure
Vitoria Farms,12429 Ave 24 Chowchilla 93610,,,Jof Fertilizer,1275 North Ave Gustine 95322,Fagunder Bros.,23732 Road 12 Chowchilla 93610,23542 Road 13 Chowchilla 93610 025 210 003,,,,,,,,,,,,10/2/2024,,2024-10-02,False,UNSURE,,,,,,,,,465.0,,,,,Hauler's Calculations,,R5-2007-0035_general_order,2024AR_Vitoria Farms Dairy_12433 Ave 24_Madera,54,55,6,fresno_madera,manure
Vitoria Farms,12429 Ave 24 Chowchilla 93410,,,Jaf Fertilizer,1275 North Ave Gustine 95322,Fagundes Bros,23732 Road 12 Chowchilla 93610,11508 Ave 241/2 Chowanilla 93610 025 130 005,,,,,,,,,,,,10/21/24,,2024-10-21,False,UNSURE,,,,,,,,,420.0,,,,,Hauler's Calculations,,R5-2007-0035_general_order,2024AR_Vitoria Farms Dairy_12433 Ave 24_Madera,56,57,7,fresno_madera,manure
Vitoria Farms,12429 Ave 24 Chowchilla 93610,,,Jaf Fertilizer,1275 North Ave Gustine 95322,Facunder Bros.,23732 Road 12 Chowchilla 93610,23542 Road 13 Chowchilla 93610 025 210 003,,,,,,,,,,,,10/2/2024,,2024-10-02,False,UNSURE,,,,,,,,,1835.0,,,,,Hauler's Calculations),,R5-2007-0035_general_order,2024AR_Vitoria Farms Dairy_12433 Ave 24_Madera,58,59,8,fresno_madera,manure
Vlot Calf Ranch,20330 Road 4 Chowchilla Madera 93610,,,Vlot Calf Ranch,20330 Road 4 Chowchilla CA 93610,Pistoresi Ag Services INC.,29808 Avenue 12 Madera CA 93638,29808 Avenue 12 Madera 93638,Madera,Farmer,,,,,,,,,,03/09/2024,,2024-03-09,False,UNSURE,,,,,9984000.0,,,,,,,,,,Pump Rate (GPM) Multiplied By Run Time.,R5-2007-0035_software,2024AR_Vlot Calf Ranch_20330 Road 4_Madera,317,318,1,fresno_madera,wastewater
Vlot Calf Ranch,20330 Road 4 Chowchilla Madera 93610,,,Vlot Calf Ranch,20330 Road 4 Chowchilla CA 93610,Pistoresi Ag Services INC.,29808 Avenue 12 Madera CA 93638,29808 Avenue 12 Madera 93638,Madera,Farmer,,,,,,,,,,03/26/2024,,2024-03-26,False,UNSURE,,,,,10000000.0,,,,,,,,,,Pump Rate (GPM) Multiplied By Run Time.,R5-2007-0035_software,2024AR_Vlot Calf Ranch_20330 Road 4_Madera,319,320,2,fresno_madera,wastewater
Vlot Calf Ranch,20330 Road 4 Chowchilla Madera 93610,,,Vlot Calf Ranch,20330 Road 4 Chowchilla CA 93610,Pistoresi Ag Services INC.,29808 Avenue 12 Madera CA 93638,29808 Avenue 12 Madera 93638,Madera,Farmer,,,,,,,,,,03/26/2024,,2024-03-26,False,UNSURE,,,,,7472000.0,,,,,,,,,,Pump Rate (GPM) Multiplied By Run Time.,R5-2007-0035_software,2024AR_Vlot Calf Ranch_20330 Road 4_Madera,321,322,3,fresno_madera,wastewater
Vlot Calf Ranch,20330 Road 4 Chowchilla Madera 93610,,,Vlot Calf Ranch,20330 Road 4 Chowchilla CA 93610,Triangle T Ranch,18456 Road 1 Dos Palos CA 93620,18456 Road 1 Dos Palos 93620,Merced,Farmer,,,,,,,,,,05/26/2024,,2024-05-26,False,UNSURE,,,,,,,,,6812.0,,,61.7,,Number Of Loads Multiplied By Load Weight.,,R5-2007-0035_software,2024AR_Vlot Calf Ranch_20330 Road 4_Madera,323,324,4,fresno_madera,manure
Vlot Calf Ranch,20330 Road 4 Chowchilla Madera 93610,,,Vlot Calf Ranch,20330 Road 4 Chowchilla CA 93610,Triangle T Ranch,18456 Road 1 Dos Palos CA 93620,18456 Road 1 Dos Palos 93620,Merced,Farmer,,,,,,,,,,11/15/2024,,2024-11-15,False,UNSURE,,,,,,,,,4316.4,,,71.4,,Number Of Loads Multiplied By Load Weight.,,R5-2007-0035_software,2024AR_Vlot Calf Ranch_20330 Road 4_Madera,325,326,5,fresno_madera,manure
Westcreek Dairy,8409 5Th Ave Hanford 93230,,,B Mello Ag Services,5771 7Th Ave Hanford 93230,Wild Oak Farms,5142 Denver Ave Hanford 93230,7Th Ave & Elder Ave Hanford 93230,,,,,,,,,,,,Septembre 9 Thru 13. 2024,,2024-09-01,False,UNSURE,,,,,,,,,1310.0,,,,,,,R5-2007-0035_general_order,2024AR_West Creek Dairy_8409 5th Ave_Kings,77,78,1,,manure
Westcreek Dairy,8409 5Th Ave Hanford 93230,,,B Mello Ag Services,5771 7Th Ave Hanford 93230,Wild Oak Farms,5142 Denver Ave Hanford 93230,7Th Ave & Elder Ave Hanford 93230,,,,,,,,,,,,October 10 Thru 15. 2024,2024-10-10,2024-10-15,False,UNSURE,,,,,,,,,2140.0,,,,,,,R5-2007-0035_general_order,2024AR_West Creek Dairy_8409 5th Ave_Kings,79,80,2,,manure
,8157 5Th Ave Hanford CA. 93230,,,Gutierrez Spreading LLC,3612 Aug. 236 Tulare CA. 93274,Westcoast,7715 Ave. 296 Visalia CA 93291 (Sg) 625-9426,Westcoast,,Compost,,,,,,,,,,8-11-24/8-12/24,,2024-08-11,False,UNSURE,,,,,,,,,,,,,,,,R5-2007-0035_general_order,2024AR_West Creek Dairy_8409 5th Ave_Kings,81,81,3,,unknown
Westcreek Daim,8157 5Th Ave Hanford CA 93230,,,Gutierrez Spreading LLC,3612 Ave 236 Pulare CA 93274,West,West,,,Composting,,,,,,,,,,11-18-24,,2024-11-18,False,UNSURE,,,,,,,,,,,,,,Weight Every Load,,R5-2007-0035_general_order,2024AR_West Creek Dairy_8409 5th Ave_Kings,82,83,4,,unknown
Western Sky Dairy,18501 Old River Road Bakersfield CA 93311 !,,,Rico Trucking,P.O. Box 515 Norco CA 92860,Lake Ranch,,South Lake Road Bakersfieldf CA,,Farm Z F Al,,,,,,,,,,Mar 1 2024-Mar 31 2024,2024-03-01,2024-03-31,False,UNSURE,,,,,,,,,7149.0,,,,68.0,,,R5-2007-0035_one_page_2,2024AR_Western Sky Dairy,178,178,1a,kern,manure
Western Sky Dairy,18501 Old River Road Bakersfield CA 93311 !,,,Rico Trucking,P.O. Box 515 Norco CA 92860,Lake Ranch,,South Lake Road Bakersfieldf CA,,Farm Z F Al,,,,,,,,,,Apr 1 2024-Apr 30 2024,2024-04-01,2024-04-30,False,UNSURE,,,,,,,,,11076.0,,,,68.0,,,R5-2007-0035_one_page_2,2024AR_Western Sky Dairy,178,178,1b,kern,manure
Western Sky Dairy,18501 Old River Road Bakersfield CA 93311 !,,,Rico Trucking,P.O. Box 515 Norco CA 92860,Lake Ranch,,South Lake Road Bakersfieldf CA,,Farm Z F Al,,,,,,,,,,Jul 1 2024-Jul 31 2024,2024-07-01,2024-07-31,False,UNSURE,,,,,,,,,9413.0,,,,65.0,,,R5-2007-0035_one_page_2,2024AR_Western Sky Dairy,178,178,1c,kern,manure
Westwind Farms —,Manure Hauler/Processor Information Contact Complete. I Am Aware That There Are Significant Penalties For Submitting,,,Rico Trucking,P.O. Box 515 I Norco Ca92860 Signature Of Owner,Grimmway Farms,,Po Box 81498 Bakersfield CA,,Farmer —,,,,,,,,,,Jul 1 2024-Jul 31 2024,2024-07-01,2024-07-31,False,UNSURE,,,,,,,,,4593.0,,,,68.0,,,R5-2007-0035_one_page_2,2024AR_Westwind Dairy,61,61,1a,kern,manure
Westwind Farms —,Manure Hauler/Processor Information Contact Complete. I Am Aware That There Are Significant Penalties For Submitting,,,Rico Trucking,P.O. Box 515 I Norco Ca92860 Signature Of Owner,Grimmway Farms,,Po Box 81498 Bakersfield CA,,Farmer —,,,,,,,,,,Aug 1 2024-Aug 31 2024,2024-08-01,2024-08-31,False,UNSURE,,,,,,,,,5691.0,,,,65.0,,,R5-2007-0035_one_page_2,2024AR_Westwind Dairy,61,61,1b,kern,manure
Westwind Farms —,Manure Hauler/Processor Information Contact Complete. I Am Aware That There Are Significant Penalties For Submitting,,,Rico Trucking,P.O. Box 515 I Norco Ca92860 Signature Of Owner,Grimmway Farms,,Po Box 81498 Bakersfield CA,,Farmer —,,,,,,,,,,Oct 1 2024-Oct 31 2024,2024-10-01,2024-10-31,False,UNSURE,,,,,,,,,5607.0,,,,69.0,,,R5-2007-0035_one_page_2,2024AR_Westwind Dairy,61,61,1c,kern,manure
White River Dairy,20400 Ave. 17 1/2 Ave Madera Madera 93637,,,Green Valley Soils,3754 W Birch Ave Fresno CA 937 11,Green Valley Soils,3754 W Birch Ave Fresno CA 937 11,3754 W Birch Ave Fresno 93711,Fresno,Broker,,,,,,,,,,12/31/2024,,2024-12-31,False,UNSURE,,,,,,,,,6467.0,,,95.4,,Total Loads Hauled Multiplied By Average Truck Load Weight,,R5-2007-0035_software,2024AR_White River Dairy_20400 Ave 17.5_Madera,58,59,1,fresno_madera,manure
White River Dairy,20400 Ave. 17 1/2 Ave Madera Madera 93637,,,Green Valley Soils,3754 W Birch Ave Fresno CA 937 11,Green Valley Soils,3754 W Birch Ave Fresno CA 937 11,3754 W Birch Ave Fresno 93711,Fresno,Broker,,,,,,,,,,12/31/2024,,2024-12-31,False,UNSURE,,,,,,,,,2155.52,,,90.9,,Total Loads Hauled Multiplied By Average Load Weight.,,R5-2007-0035_software,2024AR_White River Dairy_20400 Ave 17.5_Madera,60,61,2,fresno_madera,manure
William & John Jongsma Dairy,11598 Road 152 Pixley CA 93256,,,Bakke Ag Service INC,P.O Box 2040 Tulare CA 93275,Merritt Farms,Merritt Farms,,,,,300-22009,,,,,,,,6/1/2024 10/1/2024,2024-06-01,2024-10-01,False,UNSURE,,,,,,,,,12567.27,,,62.0,,,,R5-2013-0122_general_order,2024AR_William & John Jongsma Dairy_11598 Rd 152_Tulare,31,32,1,,manure
Zonneveld Dairies Complex,1523 E. Cerini Avenue Laton 93242,,,Rodrigues Bros INC,10071 6Th Avenue Hanford 93230,Rodrigues Bros INC.,10071 6Th Avenue Hanford 93230,10071 6Th Avenue Hanford 93230,,Broker,,,,,,,,,,1/31/2024 2/13 14 27-29/2024 3/5-12/2024,2024-01-31,2024-03-12,False,UNSURE,,,,,,,,,902.28,,,54.6,,,,R5-2013-0122_general_order,2024AR_Zonneveld Dairies Complex_1560 Cerini Ave_Fresno,50,51,1,,manure
Sunset Dairy,29048 Rd. 68 Visalia CA 93277,,,Gutierrez Spreading LLC,3612 Ave 236 Tulare CA 9324,West Coast And Gravel,West Coast And Gravel,7715 Ave. 296 Visalia CA 93291,,Composting,,625-9426,,,,,,,,4-18-24/4-19-24 10-14-24,2024-04-18,2024-10-14,False,UNSURE,,,,,,,,,,,,,,Weight Every Load On Scale,Raw Manure,R5-2007-0035_general_order,2024Ar_Sunset Dairy_29049 Road 68_W Tulare,19,20,1,,unknown
Gm Silva Dairy,20316 Crane Ave Hilmar 95324,,,Triple M Ranch,5493 Mahoney Rd Mlmak,Triple M Ranch,5493 Mahoney Rd. Hilmar 95324,Same As Above,,,,,,,,,,,,2/18/24,,2024-02-18,False,UNSURE,,,,,,,,,,,,,,@ 12 Tons Per Load,,R5-2007-0035_general_order,"20316 Crane Ave, Hilmar 2024 Dairy AR",89,90,1,rancho_cordova,unknown
Gm Silva Dairy,20316 Crane Ave Hilmar 95324,,,Triple M Kanch,5493 Mahoney Rd Hmak,Triple M Ranch,5493 Mahoney Rd. Hilmar 95324,Same As Above,,,,,,,,,,,,4/18/24,,2024-04-18,False,UNSURE,,,,,,,,,,,,,,@12 Tons Per Load,,R5-2007-0035_general_order,"20316 Crane Ave, Hilmar 2024 Dairy AR",91,92,2,rancho_cordova,unknown
Gm Silva Dairy,20316 Crane Rd Hilmar 95324,,,Dores Ag Services,22046 Second Ave Stevinson,Dores Ag Services,22846 Second Ave Stevinson 95374,Same As Above,,,,,,,,,,,,7/18/24,,2024-07-18,False,UNSURE,,,,,,,,,,,,,,@12 Tons Per Load,,R5-2007-0035_general_order,"20316 Crane Ave, Hilmar 2024 Dairy AR",93,94,3,rancho_cordova,unknown
Gm Silva Dairy,20316 Crane Ave Hilmar 95324,,,Triple M Kouch,5493 Mahoney Rd Halmake,Triple M Ranch,5493 Mahoney Rd. Hilmar 95324,Same As Above,,,,,,,,,,,,0/24/24,,,False,UNSURE,,,,,,,,,490.0,,,,,@ 12 Tons Per Load,,R5-2007-0035_general_order,"20316 Crane Ave, Hilmar 2024 Dairy AR",95,96,4,rancho_cordova,manure
Gm Silva Dairy,20316 Crane Ave Hilmar 95324,,,,,Brinderio & Danbom,5831 Tegner Rd. Hilmar 95324,,,,,0045-0025-0021-0000,,,,,,,,2/27/24,,2024-02-27,False,UNSURE,,,,,1240000.0,,,,,,,,,,Po,R5-2007-0035_general_order,"20316 Crane Ave, Hilmar 2024 Dairy AR",97,98,5,rancho_cordova,wastewater
Gm Silva Dairy,20316 Crane Ave Hilmar 95324,,,,,Brinderio & Danbom,5831 Tegner Rd. Hilmar 95324,,,,,0045-0025-0021-0000,,,,,,,,7/19/24,,2024-07-19,False,UNSURE,,,,,840000.0,,,,,,,,,,Po,R5-2007-0035_general_order,"20316 Crane Ave, Hilmar 2024 Dairy AR",99,100,6,rancho_cordova,wastewater
Gm Silva Dairy,20316 Crane Ave Hilmar 95324,,,,,Brinderio & Danbom,5831 Tegner Rd. Hilmar 95324,,,,,0045-0025-0021-0000,,,,,,,,8/9/24,,2024-08-09,False,UNSURE,,,,,84000.0,,,,,,,,,,10,R5-2007-0035_general_order,"20316 Crane Ave, Hilmar 2024 Dairy AR",101,102,7,rancho_cordova,wastewater
Gm Silva Dairy,20316 Crane Ave Hilmar 95324,,,,,Brinderio & Danbom,5831 Tegner Rd. Hilmar 95324,,,,,0045-0025-0021-0000,,,,,,,,0/11/24,,,False,UNSURE,,,,,40000.0,,,,,,,,,,Po,R5-2007-0035_general_order,"20316 Crane Ave, Hilmar 2024 Dairy AR",103,104,8,rancho_cordova,wastewater
Gm Silva Dairy,20316 Crane Ave Hilmar 95324,,,,,Brinderio & Danbom,5831 Tegner Rd. Hilmar 95324,,,,,0045-0025-0021-0000,,,,,,,,0/23/24,,,False,UNSURE,,,,,40000.0,,,,,,,,,,Po,R5-2007-0035_general_order,"20316 Crane Ave, Hilmar 2024 Dairy AR",105,106,9,rancho_cordova,wastewater
Gold Medal Ag LLC #2,20326 Johnson Ave Hilmar Merced 95324,,,Pipeline,20326 Johnson Ave Hilmar CA 95324,Kevin Rocha,20694 Johnson Ave Hilmar CA 95324,20694 Johnson Ave Hilmar 95324,Merced,Farmer,,,,,,,,,,02/08/2024,,2024-02-08,True,False,,,,,360000.0,,,,,,,,,,Flowmeter,R5-2007-0035_software,"20326 Johnson Ave, Hilmar 2024 Dairy AR",35,36,1,rancho_cordova,wastewater
Gold Medal Ag LLC #2,20326 Johnson Ave Hilmar Merced 95324,,,Pipeline,20326 Johnson Ave Hilmar CA 95324,Steve Wickstrom,20758 Johnson Ave Hilmar CA 95324,20758 Johnson Ave Hilmar 95324,Merced,Farmer,,,,,,,,,,02/20/2024,,2024-02-20,True,False,,,,,480000.0,,,,,,,,,,Flowmeter,R5-2007-0035_software,"20326 Johnson Ave, Hilmar 2024 Dairy AR",37,38,2,rancho_cordova,wastewater
Gold Medal Ag LLC #2,20326 Johnson Ave Hilmar Merced 95324,,,Pipeline,20326 Johnson Ave Hilmar CA 95324,Steve Wickstrom,20758 Johnson Ave Hilmar CA 95324,20758 Johnson Ave Hilmar 95324,Merced,Farmer,,,,,,,,,,03/25/2024,,2024-03-25,True,False,,,,,240000.0,,,,,,,,,,Flowmeter,R5-2007-0035_software,"20326 Johnson Ave, Hilmar 2024 Dairy AR",39,40,3,rancho_cordova,wastewater
Gold Medal Ag LLC #2,20326 Johnson Ave Hilmar Merced 95324,,,Pipeline,20326 Johnson Ave Hilmar CA 95324,Brandon Stavrianoudakis,21809 Williams Ave Hilmar CA 95324,21809 Williams Ave Hilmar 95324,Merced,Farmer,,,,,,,,,,03/26/2024,,2024-03-26,True,False,,,,,480000.0,,,,,,,,,,Flowmeter,R5-2007-0035_software,"20326 Johnson Ave, Hilmar 2024 Dairy AR",41,42,4,rancho_cordova,wastewater
Gold Medal Ag LLC #2,20326 Johnson Ave Hilmar Merced 95324,,,Pipeline,20326 Johnson Ave Hilmar CA 95324,Kevin Rocha,20694 Johnson Ave Hilmar CA 95324,20694 Johnson Ave Hilmar 95324,Merced,Farmer,,,,,,,,,,03/27/2024,,2024-03-27,True,False,,,,,360000.0,,,,,,,,,,Flowmeter,R5-2007-0035_software,"20326 Johnson Ave, Hilmar 2024 Dairy AR",43,44,5,rancho_cordova,wastewater
Gold Medal Ag LLC #2,20326 Johnson Ave Hilmar Merced 95324,,,5 Star Spreading,219 Jensen Ave Gustine CA 95322,Eric Rocha-Hilmar,95324,,,Farmer,,0045-0330-0020-0000,Merced,,,,,,,04/24/2024,,2024-04-24,False,UNSURE,,,,,,,,,1380.0,,,19.8,,Hauler's Calculations,,R5-2007-0035_software,"20326 Johnson Ave, Hilmar 2024 Dairy AR",45,46,6,rancho_cordova,manure
Gold Medal Ag LLC #2,20326 Johnson Ave Hilmar Merced 95324,,,Pipeline,20326 Johnson Ave Hilmar CA 95324,Kevin Rocha,20694 Johnson Ave Hilmar CA 95324,20694 Johnson Ave Hilmar 95324,Merced,Farmer,,,,,,,,,,05/11/2024,,2024-05-11,True,False,,,,,160000.0,,,,,,,,,,Flowmeter,R5-2007-0035_software,"20326 Johnson Ave, Hilmar 2024 Dairy AR",47,48,7,rancho_cordova,wastewater
Gold Medal Ag LLC #2,20326 Johnson Ave Hilmar Merced 95324,,,Pipeline,20326 Johnson Ave Hilmar CA 95324,Brandon Stavrianoudakis,21809 Williams Ave Hilmar CA 95324,21809 Williams Ave Hilmar 95324,Merced,Farmer,,,,,,,,,,05/23/2024,,2024-05-23,True,False,,,,,240000.0,,,,,,,,,,Flowmeter,R5-2007-0035_software,"20326 Johnson Ave, Hilmar 2024 Dairy AR",49,50,8,rancho_cordova,wastewater
Gold Medal Ag LLC #2,20326 Johnson Ave Hilmar Merced 95324,,,Pipeline,20326 Johnson Ave Hilmar CA 95324,Brandon Stavrianoudakis,21809 Williams Ave Hilmar CA 95324,21809 Williams Ave Hilmar 95324,Merced,Farmer,,,,,,,,,,07/17/2024,,2024-07-17,True,False,,,,,1800000.0,,,,,,,,,,Flowmeter,R5-2007-0035_software,"20326 Johnson Ave, Hilmar 2024 Dairy AR",51,52,9,rancho_cordova,wastewater
Gold Medal Ag LLC #2,20326 Johnson Ave Hilmar Merced 95324,,,Pipeline,20326 Johnson Ave Hilmar CA 95324,Brandon Stavrianoudakis,21809 Williams Ave Hilmar CA 95324,21809 Williams Ave Hilmar 95324,Merced,Farmer,,,,,,,,,,08/01/2024,,2024-08-01,True,False,,,,,160000.0,,,,,,,,,,Flowmeter,R5-2007-0035_software,"20326 Johnson Ave, Hilmar 2024 Dairy AR",53,54,10,rancho_cordova,wastewater
Gold Medal Ag LLC #2,20326 Johnson Ave Hilmar Merced 95324,,,Pipeline,20326 Johnson Ave Hilmar CA 95324,Brandon Stavrianoudakis,21809 Williams Ave Hilmar CA 95324,21809 Williams Ave Hilmar 95324,Merced,Farmer,,,,,,,,,,08/12/2024,,2024-08-12,True,False,,,,,240000.0,,,,,,,,,,Flowmeter,R5-2007-0035_software,"20326 Johnson Ave, Hilmar 2024 Dairy AR",55,56,11,rancho_cordova,wastewater
Gold Medal Ag LLC #2,20326 Johnson Ave Hilmar Merced 95324,,,5 Star Spreading,219 Jensen Ave Gustine CA 95322,Eric Rocha-Hilmar,95324,,,Farmer,,0045-0150-0002-0000,Merced,,,,,,,09/04/2024,,2024-09-04,False,UNSURE,,,,,,,,,560.0,,,36.8,,Hauler's Calculations,,R5-2007-0035_software,"20326 Johnson Ave, Hilmar 2024 Dairy AR",57,58,12,rancho_cordova,manure
Gold Medal Ag LLC #2,20326 Johnson Ave Hilmar Merced 95324,,,F&A Lagonn Management,2930 Geer Rd Turlock CA 95382,Seraphin Fontes,3605 Soderquist Ave Turlock CA 95380,3605 Soderquist Ave Turlock 95380,Stanislaus,Broker,,,,,,,,,,09/27/2024,,2024-09-27,False,True,,,,,570000.0,,,,,,,,,,Haulers Calc,R5-2007-0035_software,"20326 Johnson Ave, Hilmar 2024 Dairy AR",59,60,13,rancho_cordova,wastewater
Gold Medal Ag LLC #2,20326 Johnson Ave Hilmar Merced 95324,,,5 Star Spreading,219 Jensen Ave Gustine CA 95322,Eric Rocha-Turlock,2406 S Walnut Rd Turlock CA 95380,,,Farmer,,0044-0016-0003-0000,Stanislaus,,,,,,,10/31/2024,,2024-10-31,False,UNSURE,,,,,,,,,1280.0,,,36.8,,Hauler's Calculations,,R5-2007-0035_software,"20326 Johnson Ave, Hilmar 2024 Dairy AR",61,62,14,rancho_cordova,manure
Nyman Brothers Dairy,20445 August Ave Hilmar Merced 95324,,,Pipeline,20445 August Ave Turlock CA 95324,Oslo Dairy,20334 W Oslo Rd Hilmar CA 95324,,,Farmer,,0045-0014-0022-0000,Stanislaus,,,,,,,01/19/2024,,2024-01-19,True,False,,,,,1800000.0,,,,,,,,,,Flowmeter,R5-2007-0035_software,"20445 August Ave, Hilmar 2024 Dairy AR",128,129,1,rancho_cordova,wastewater
Nyman Brothers Dairy,20445 August Ave Hilmar Merced 95324,,,Pipeline,20445 August Ave Turlock CA 95324,Oslo Dairy,20334 W Oslo Rd Hilmar CA 95324,,,Farmer,,0045-0014-0022-0000,Stanislaus,,,,,,,02/26/2024,,2024-02-26,True,False,,,,,1935000.0,,,,,,,,,,Flowmeter,R5-2007-0035_software,"20445 August Ave, Hilmar 2024 Dairy AR",130,131,2,rancho_cordova,wastewater
Nyman Brothers Dairy,20445 August Ave Hilmar Merced 95324,,,Pipeline,20445 August Ave Turlock CA 95324,Oslo Dairy,20334 W Oslo Rd Hilmar CA 95324,,,Farmer,,0045-0014-0022-0000,Stanislaus,,,,,,,06/18/2024,,2024-06-18,True,False,,,,,1770000.0,,,,,,,,,,Flowmeter,R5-2007-0035_software,"20445 August Ave, Hilmar 2024 Dairy AR",132,133,3,rancho_cordova,wastewater
Nyman Brothers Dairy,20445 August Ave Hilmar Merced 95324,,,Pipeline,20445 August Ave Turlock CA 95324,Oslo Dairy,20334 W Oslo Rd Hilmar CA 95324,,,Farmer,,0045-0014-0022-0000,Stanislaus,,,,,,,07/16/2024,,2024-07-16,True,False,,,,,1710000.0,,,,,,,,,,Flowmeter,R5-2007-0035_software,"20445 August Ave, Hilmar 2024 Dairy AR",134,135,4,rancho_cordova,wastewater
Nyman Brothers Dairy,20445 August Ave Hilmar Merced 95324,,,Pipeline,20445 August Ave Turlock CA 95324,Oslo Dairy,20334 W Oslo Rd Hilmar CA 95324,,,Farmer,,0045-0014-0022-0000,Stanislaus,,,,,,,07/28/2024,,2024-07-28,True,False,,,,,1530000.0,,,,,,,,,,Flowmeter,R5-2007-0035_software,"20445 August Ave, Hilmar 2024 Dairy AR",136,137,5,rancho_cordova,wastewater
Nyman Brothers Dairy,20445 August Ave Hilmar Merced 95324,,,Pipeline,20445 August Ave Turlock CA 95324,Oslo Dairy,20334 W Oslo Rd Hilmar CA 95324,,,Farmer,,0045-0014-0022-0000,Stanislaus,,,,,,,08/10/2024,,2024-08-10,True,False,,,,,1650000.0,,,,,,,,,,Flowmeter,R5-2007-0035_software,"20445 August Ave, Hilmar 2024 Dairy AR",138,139,6,rancho_cordova,wastewater
Nyman Brothers Dairy,20445 August Ave Hilmar Merced 95324,,,Pipeline,20445 August Ave Turlock CA 95324,Oslo Dairy,20334 W Oslo Rd Hilmar CA 95324,,,Farmer,,0045-0014-0022-0000,Stanislaus,,,,,,,08/22/2024,,2024-08-22,True,False,,,,,1530000.0,,,,,,,,,,Flowmeter,R5-2007-0035_software,"20445 August Ave, Hilmar 2024 Dairy AR",140,141,7,rancho_cordova,wastewater
Wagner Dairy #2,20623 Lone Tree Road Escalon CA 95320,,,Brasil & Sons,21768 Lone Tree Road Escalon CA 95320,Brasil & Sons Dairy #2,21728 Lone Tree Road Escalon CA 95320,21728 Lone Tree Road Escalon CA,,,,205-240-19,,,,,,,,5/15/24-6/1/2024,2024-05-15,2024-06-01,False,UNSURE,,,,,,10.0,,201.0,2010.0,,,,70.8,201 Loads At 10 Ton Per Load,,R5-2013-0122_general_order,20623 E Lone Tree Rd Escalon 2024 Dairy AR,42,43,1,rancho_cordova,manure
Nylund Dairy Farms LLC,20723 Geer Ave Hilmar Merced 95324,,,Silva & Sons Custom Spreading,23616 Williams Ln Hilmar CA 95324,Rick Ellington,19486 American Ave Hilmar CA 95324,19486 American Ave Hilmar 95324,Merced,Farmer,,,,,,,,,,04/30/2024,,2024-04-30,False,UNSURE,,,,,,,,,1594.8,,,47.7,,Hauler's Calculations,,R5-2007-0035_software,20723 Geer Ave Hilmar 2024 Dairy AR,93,94,1,rancho_cordova,manure
Nylund Dairy Farms LLC,20723 Geer Ave Hilmar Merced 95324,,,Silva & Sons Custom Spreading,23616 Williams Ln Hilmar CA 95324,Ken Olds,19420 American Ave Hilmar CA 95324,19420 American Ave Hilmar 95324,Merced,Farmer,,,,,,,,,,04/30/2024,,2024-04-30,False,UNSURE,,,,,,,,,265.9,,,47.7,,Hauler's Calculations,,R5-2007-0035_software,20723 Geer Ave Hilmar 2024 Dairy AR,95,96,2,rancho_cordova,manure
Nylund Dairy Farms LLC,20723 Geer Ave Hilmar Merced 95324,,,Silva & Sons Custom Spreading,23616 Williams Ln Hilmar CA 95324,Manuel Faria,21185 Williams Ave Hilmar CA 95324,21185 Williams Ave Hilmar 95324,Merced,Farmer,,,,,,,,,,04/30/2024,,2024-04-30,False,UNSURE,,,,,,,,,665.0,,,47.7,,Hauler's Calculations,,R5-2007-0035_software,20723 Geer Ave Hilmar 2024 Dairy AR,97,98,3,rancho_cordova,manure
Nylund Dairy Farms LLC,20723 Geer Ave Hilmar Merced 95324,,,Pipeline,20710 Geer Rd Hilmar CA 95324,Manuel Faria,21185 Williams Ave Hilmar CA 95324,,,Farmer,,0045-0230-0061-0000,Merced,,,,,,,05/27/2024,,2024-05-27,True,False,,,,,420000.0,,,,,,,,,,Flowmeter,R5-2007-0035_software,20723 Geer Ave Hilmar 2024 Dairy AR,99,100,4,rancho_cordova,wastewater
Nylund Dairy Farms LLC,20723 Geer Ave Hilmar Merced 95324,,,Pipeline,20710 Geer Rd Hilmar CA 95324,Stavrianoudakis,21089 Williams Ave Hilmar CA 95324,,,Farmer,,0045-0230-0062-0000,Merced,,,,,,,07/14/2024,,2024-07-14,True,False,,,,,360000.0,,,,,,,,,,Flowmeter,R5-2007-0035_software,20723 Geer Ave Hilmar 2024 Dairy AR,101,102,5,rancho_cordova,wastewater
Nylund Dairy Farms LLC,20723 Geer Ave Hilmar Merced 95324,,,Pipeline,20710 Geer Rd Hilmar CA 95324,Stavrianoudakis,21089 Williams Ave Hilmar CA 95324,,,Farmer,,0045-0230-0062-0000,Merced,,,,,,,08/08/2024,,2024-08-08,True,False,,,,,420000.0,,,,,,,,,,Flowmeter,R5-2007-0035_software,20723 Geer Ave Hilmar 2024 Dairy AR,103,104,6,rancho_cordova,wastewater
Nylund Dairy Farms LLC,20723 Geer Ave Hilmar Merced 95324,,,Pipeline,20710 Geer Rd Hilmar CA 95324,Manuel Faria,21185 Williams Ave Hilmar CA 95324,,,Farmer,,0045-0230-0061-0000,Merced,,,,,,,07/23/2024,,2024-07-23,True,False,,,,,420000.0,,,,,,,,,,Flowmeter,R5-2007-0035_software,20723 Geer Ave Hilmar 2024 Dairy AR,105,106,7,rancho_cordova,wastewater
Nylund Dairy Farms LLC,20723 Geer Ave Hilmar Merced 95324,,,Pipeline,20710 Geer Rd Hilmar CA 95324,Manuel Faria,21185 Williams Ave Hilmar CA 95324,,,Farmer,,0045-0230-0061-0000,Merced,,,,,,,08/21/2024,,2024-08-21,True,False,,,,,420000.0,,,,,,,,,,Flowmeter,R5-2007-0035_software,20723 Geer Ave Hilmar 2024 Dairy AR,107,108,8,rancho_cordova,wastewater
Nylund Dairy Farms LLC,20723 Geer Ave Hilmar Merced 95324,,,Pipeline,20710 Geer Rd Hilmar CA 95324,Stavrianoudakis,21089 Williams Ave Hilmar CA 95324,,,Farmer,,0045-0230-0062-0000,Merced,,,,,,,10/11/2024,,2024-10-11,True,False,,,,,420000.0,,,,,,,,,,Flowmeter,R5-2007-0035_software,20723 Geer Ave Hilmar 2024 Dairy AR,109,110,9,rancho_cordova,wastewater
Ornellas Dairy #1,20749 S. Lammers Rd. Tracy 95304,,,Mat Ornellas,20749 Lammers Rd. Tracy 95304,Sam Aziz,21459 S. Reeve Rd. Tracy 95304,Reeve Rd. & Byron Rd. Tracy 95304,,,,,,,,,,,,April 1-15 2024,2024-04-01,2024-04-15,False,UNSURE,,,,,,10.0,,16.0,160.0,,,8.9,,16 Loads @ 10Tons Per Load,,R5-2007-0035_general_order,20749 S Lammers Rd Tracy 2024 Dairy AR,32,33,1,rancho_cordova,manure
Dias Family Dairy,21330 W Second Ave Stevinson Merced 95374,,,Five Star Custom Spreading INC.,3410 S Hunt Rd Gustine CA 95322,Five Star Custom Spreading INC.,3410 S Hunt Rd Gustine CA 95322,Gustine 95322,Hunt Road Stanislaus,Broker,,,,,,,,,,10/08/2024,,2024-10-08,False,UNSURE,,,,,,,,,1508.0,,,20.4,,Tons Per Load,,R5-2007-0035_software,"21330 W Second Ave, Stevinson 2024 Dairy AR",45,46,1,,manure
Tiberio Azevedo Dairy,21480 August Avenue Hilmar CA 95324,,,Tiberio Azevedo Dairy,21480 August Avenue Hilmar CA 95324,B-6 Dairy,22014 Turner Road Hilmar 95324,Merced County,,Farmer,,0045-0170-0003-0000,,,,,,,,4/20/24 6/17/24 6/30/24 7/21/24 8/3/24,2024-04-20,2024-08-03,False,UNSURE,,,,,2779500.0,,,,,,,,,,Pump Run Time X Average Pump GPM,R5-2007-0035_general_order,"21480 August Ave, Hilmar 2024 Dairy AR",64,65,1,rancho_cordova,wastewater
Tiberio Azevedo Dairy,21480 August Avenue Hilmar CA 95324,,,Tiberio Azevedo Dairy,21480 August Avenue Hilmar CA 95324,B-6 Dairy,22014 Turner Road Hilmar 95324,Merced County,,Farmer,,0045-0170-0003-0000,,,,,,,,3/4/24 4/1/24,2024-03-04,2024-04-01,False,UNSURE,,,,,1836000.0,,,,,,,,,,Pump Run Time X Average Pump GPM,R5-2007-0035_general_order,"21480 August Ave, Hilmar 2024 Dairy AR",66,67,2,rancho_cordova,wastewater
Tiberio Azevedo Dairy,21480 August Avenue Hilmar CA 95324,,,Tiberio Azevedo Dairy,21480 August Avenue Hilmar CA 95324,Joe Egli & Sons Dairy,21536 August Avenue Hilmar 95324,21536 August Avenue Hilmar 95324 Merced County,,Farmer,,,,,,,,,,6/21/24 8/3/24 8/17/24,2024-06-21,2024-08-17,False,UNSURE,,,,,3925000.0,,,,,,,,,,Pump Run Time X Average Pump GPM,R5-2007-0035_general_order,"21480 August Ave, Hilmar 2024 Dairy AR",68,69,3,rancho_cordova,wastewater
Tiberio Azevedo Dairy,21480 August Avenue Hilmar CA 95324,,,Tiberio Azevedo Dairy,21480 August Avenue Hilmar CA 95324,Joe Egli & Sons Dairy,21536 August Avenue Hilmar 95324,21536 August Avenue Hilmar 95324 Merced County,,Farmer,,,,,,,,,,3/2/24,,2024-03-02,False,UNSURE,,,,,1915000.0,,,,,,,,,,Pump Run Time X Average Pump GPM,R5-2007-0035_general_order,"21480 August Ave, Hilmar 2024 Dairy AR",70,71,4,rancho_cordova,wastewater
Clauss Dairy,21670 Bloss Ave Hilmar 95324,,,,,Valentine Dairy,20717 Bloss Ave. Hilmar 95324,Same As Above,,,,,,,,,,,,1-15-24,,2024-01-15,False,UNSURE,,,,,1440000.0,,,,,,,,,,Im,R5-2007-0035_general_order,"21670 W Bloss Ave, Hilmar 2024 Dairy AR",102,103,1,rancho_cordova,wastewater
Clauss Dairy,21670 Bloss Ave Hilmar 95324,,,,,Valentine Dairy,20717 Bloss Ave. Hilmar 95324,Same As Above,,,,,,,,,,,,2-16-2024,,2024-02-16,False,UNSURE,,,,,1170000.0,,,,,,,,,,Im,R5-2007-0035_general_order,"21670 W Bloss Ave, Hilmar 2024 Dairy AR",104,105,2,rancho_cordova,wastewater
Clauss Dairy,21670 Bloss Ave Hilmar 95324,,,,,Valentine Dairy,20717 Bloss Ave. Hilmar 95324,Same As Above,,,,,,,,,,,,March 82024,,2024-03-08,False,UNSURE,,,,,1125000.0,,,,,,,,,,Im,R5-2007-0035_general_order,"21670 W Bloss Ave, Hilmar 2024 Dairy AR",106,107,3,rancho_cordova,wastewater
Clauss Dairy,21670 Bloss Ave Hilmar 95324,,,,,Valentine Dairy,20717 Bloss Ave. Hilmar 95324,Same As Above,,,,,,,,,,,,6/10/24,,2024-06-10,False,UNSURE,,,,,,,,,,,,,,,Im,R5-2007-0035_general_order,"21670 W Bloss Ave, Hilmar 2024 Dairy AR",108,109,4,rancho_cordova,unknown
Clauss Dairy,21670 Bloss Ave Hilmar 95324,,,Dores Ag,22846 W. Second Ave Stevinson 95374,Forney,21522 Geer Avenue Hilmar 95324,,,,,0045-0180-0024-0000,,,,,,,,4/12/24,,2024-04-12,False,UNSURE,,,,,,,,,1000.0,,,,,@12 Tons Per Load,,R5-2007-0035_general_order,"21670 W Bloss Ave, Hilmar 2024 Dairy AR",110,111,5,rancho_cordova,manure
Clauss Dairy,21670 Bloss Ave Hilmar 95324,,,,,Youngs,22063 American Ave Hilmar 95324,,,,,045-180-030,,,,,,,,1/4/24,,2024-01-04,False,UNSURE,,,,,235755.0,,,,,,,,,,Fm,R5-2007-0035_general_order,"21670 W Bloss Ave, Hilmar 2024 Dairy AR",112,113,6,rancho_cordova,wastewater
Clauss Dairy,21670 Bloss Ave Hilmar 95324,,,,,Youngs,22063 American Ave Hilmar 95324,,,,,045-180-030,,,,,,,,2/1/24,,2024-02-01,False,UNSURE,,,,,,,,,,,,,,,Fm,R5-2007-0035_general_order,"21670 W Bloss Ave, Hilmar 2024 Dairy AR",114,115,7,rancho_cordova,unknown
Clauss Dairy,21670 Bloss Ave Hilmar 95324,,,,,Youngs,22063 American Ave Hilmar 95324,,,,,045-180-030,,,,,,,,2/29/24,,2024-02-29,False,UNSURE,,,,,200755.0,,,,,,,,,,Fm,R5-2007-0035_general_order,"21670 W Bloss Ave, Hilmar 2024 Dairy AR",116,117,8,rancho_cordova,wastewater
Clauss Dairy,21670 Bloss Ave Hilmar 95324,,,,,Youngs,22063 American Ave Hilmar 95324,,,,,045-180-030,,,,,,,,3/20/24,,2024-03-20,False,UNSURE,,,,,,,,,,,,,,,Fm,R5-2007-0035_general_order,"21670 W Bloss Ave, Hilmar 2024 Dairy AR",118,119,9,rancho_cordova,unknown
Clauss Dairy,21670 Bloss Ave Hilmar 95324,,,,,Youngs,22063 American Ave Hilmar 95324,,,,,045-180-030,,,,,,,,4/28/24,,2024-04-28,False,UNSURE,,,,,425500.0,,,,,,,,,,Fm,R5-2007-0035_general_order,"21670 W Bloss Ave, Hilmar 2024 Dairy AR",120,121,10,rancho_cordova,wastewater
Clauss Dairy,21670 Bloss Ave Hilmar 95324,,,,,Youngs,22063 American Ave Hilmar 95324,,,,,045-180-030,,,,,,,,6/26/24,,2024-06-26,False,UNSURE,,,,,427500.0,,,,,,,,,,Fm,R5-2007-0035_general_order,"21670 W Bloss Ave, Hilmar 2024 Dairy AR",122,123,11,rancho_cordova,wastewater
Clauss Dairy,21670 Bloss Ave Hilmar 95324,,,,,Youngs,22063 American Ave Hilmar 95324,,,,,045-180-030,,,,,,,,7/6/24,,2024-07-06,False,UNSURE,,,,,270000.0,,,,,,,,,,,R5-2007-0035_general_order,"21670 W Bloss Ave, Hilmar 2024 Dairy AR",124,125,12,rancho_cordova,wastewater
Clauss Dairy,21670 Bloss Ave Hilmar 95324,,,,,Youngs,22063 American Ave Hilmar 95324,,,,,045-180-030,,,,,,,,7/21/24,,2024-07-21,False,UNSURE,,,,,550500.0,,,,,,,,,,Em,R5-2007-0035_general_order,"21670 W Bloss Ave, Hilmar 2024 Dairy AR",126,127,13,rancho_cordova,wastewater
Clauss Dairy,21670 Bloss Ave Hilmar 95324,,,,,Youngs,22063 American Ave Hilmar 95324,,,,,045-180-030,,,,,,,,8/9/24,,2024-08-09,False,UNSURE,,,,,395400.0,,,,,,,,,,Em,R5-2007-0035_general_order,"21670 W Bloss Ave, Hilmar 2024 Dairy AR",128,129,14,rancho_cordova,wastewater
Clauss Dairy,21670 Bloss Ave Hilmar 95324,,,,,Youngs,22063 American Ave Hilmar 95324,,,,,045-180-030,,,,,,,,10/2/24,,2024-10-02,False,UNSURE,,,,,,,,,,,,,,,Fm,R5-2007-0035_general_order,"21670 W Bloss Ave, Hilmar 2024 Dairy AR",130,131,15,rancho_cordova,unknown
Clauss Dairy,21670 Bloss Ave Hilmar 95324,,,,,Youngs,22063 American Ave Hilmar 95324,,,,,045-180-030,,,,,,,,11/27/24,,2024-11-27,False,UNSURE,,,,,,,,,,,,,,,Fm,R5-2007-0035_general_order,"21670 W Bloss Ave, Hilmar 2024 Dairy AR",132,133,16,rancho_cordova,unknown
Hilmar Holsteins,21859 Crane Rd. Hilmar CA 95324,,,,,Joe Oliveira,19104 Crane Ave Hilmar CA 95324,Crane Rd.,,,,,,,,,,,,1/19/24,,2024-01-19,False,UNSURE,,,,,2424140.0,,,,,,,,,,Fm,R5-2007-0035_general_order,"21859 Crane Ave, Hilmar 2024 Dairy AR",101,102,1,rancho_cordova,wastewater
Hilmar Holsteins,21859 Crane Rd. Hilmar CA 95324,,,,,Joe Oliveira,19104 Crane Ave Hilmar CA 95324,Crane Rd.,,,,,,,,,,,,2/22/24,,2024-02-22,False,UNSURE,,,,,3406050.0,,,,,,,,,,Em,R5-2007-0035_general_order,"21859 Crane Ave, Hilmar 2024 Dairy AR",103,104,2,rancho_cordova,wastewater
Hilmar Holsteins,21859 Crane Rd. Hilmar CA 95324,,,,,Joe Oliveira,19104 Crane Ave Hilmar CA 95324,Crane Rd.,,,,,,,,,,,,5/20/24,,2024-05-20,False,UNSURE,,,,,20071670.0,,,,,,,,,!,Fm,R5-2007-0035_general_order,"21859 Crane Ave, Hilmar 2024 Dairy AR",105,106,3,rancho_cordova,wastewater
Hilmar Holsteins,21859 Crane Rd. Hilmar CA 95324,,,,,Joe Oliveira,19104 Crane Ave Hilmar CA 95324,Crane Rd.,,,,,,,,,,,,7/22/24,,2024-07-22,False,UNSURE,,,,,3604101.0,,,,,,,,,,Fm,R5-2007-0035_general_order,"21859 Crane Ave, Hilmar 2024 Dairy AR",107,108,4,rancho_cordova,wastewater
Hilmar Holsteins,21859 Crane Rd. Hilmar CA 95324,,,,,Bob Livak,4605 Crane Rd. Hilmar CA 95324,,,,,0045-0024-0020-0000,,,,,,,,2/11/24,,2024-02-11,False,UNSURE,,,,,1908170.0,,,,,,,,,,Fm,R5-2007-0035_general_order,"21859 Crane Ave, Hilmar 2024 Dairy AR",109,110,5,rancho_cordova,wastewater
Hilmar Holsteins,21859 Crane Rd. Hilmar CA 95324,,,,,Bob Livak,4605 Crane Rd. Hilmar CA 95324,,,,,0045-0024-0020-0000,,,,,,,,3/24/24,,2024-03-24,False,UNSURE,,,,,2241300.0,,,,,,,,,,Fm,R5-2007-0035_general_order,"21859 Crane Ave, Hilmar 2024 Dairy AR",111,112,6,rancho_cordova,wastewater
Hilmar Holsteins,21859 Crane Rd. Hilmar CA 95324,,,,,Bob Livak,4605 Crane Rd. Hilmar CA 95324,,,,,0045-0024-0020-0000,,,,,,,,6/12/24,,2024-06-12,False,UNSURE,,,,,,,,,,,,,,,,R5-2007-0035_general_order,"21859 Crane Ave, Hilmar 2024 Dairy AR",113,114,7,rancho_cordova,unknown
Hilmar Holsteins,21859 Crane Rd. Hilmar CA 95324,,,,,Bob Livak,4605 Crane Rd. Hilmar CA 95324,,,,,0045-0024-0020-0000,,,,,,,,7/21/24,,2024-07-21,False,UNSURE,,,,,1007140.0,,,,,,,,,,,R5-2007-0035_general_order,"21859 Crane Ave, Hilmar 2024 Dairy AR",115,116,8,rancho_cordova,wastewater
Hilmar Holsteins,21859 Crane Rd. Hilmar CA 95324,,,,,Bob Livak,4605 Crane Rd. Hilmar CA 95324,,,,,0045-0024-0020-0000,,,,,,,,0/22/24,,,False,UNSURE,,,,,1776213.0,,,,,,,,,,,R5-2007-0035_general_order,"21859 Crane Ave, Hilmar 2024 Dairy AR",117,118,9,rancho_cordova,wastewater
Hilmar Holsteins,21859 Crane Rd. Hilmar CA 95324,,,,,Bob Livak,4605 Crane Rd. Hilmar CA 95324,,,,,0045-0024-0020-0000,,,,,,,,9/3/24,,2024-09-03,False,UNSURE,,,,,1626005.0,,,,,,,,,,Fm,R5-2007-0035_general_order,"21859 Crane Ave, Hilmar 2024 Dairy AR",119,120,10,rancho_cordova,wastewater
Hilmar Holsteins,21859 Crane Rd. Hilmar CA 95324,,,,,Bob Livak,4605 Crane Rd. Hilmar CA 95324,,,,,0045-0024-0020-0000,,,,,,,,10/18/24,,2024-10-18,False,UNSURE,,,,,129600.0,,,,,,,,,,Fm,R5-2007-0035_general_order,"21859 Crane Ave, Hilmar 2024 Dairy AR",121,122,11,rancho_cordova,wastewater
Hilmar Holsteins,21859 Crane Rd. Hilmar CA 95324,,,N/A.,,"S.S Takhar ""Tokay""",6822 Tegner Rd. Hilmar CA 95324,,,,,0046-0023-0069-0000,,,,,,,,2/8/24,,2024-02-08,False,UNSURE,,,,,,,,,,,,,,,Em,R5-2007-0035_general_order,"21859 Crane Ave, Hilmar 2024 Dairy AR",123,124,12,rancho_cordova,unknown
Hilmar Holsteins,21859 Crane Rd. Hilmar CA 95324,,,,,"S.S Takhar ""Tokay""",6822 Tegner Rd. Hilmar CA 95324,,,,,0046-0023-0069-0000,,,,,,,,3/20/24,,2024-03-20,False,UNSURE,,,,,1897400.0,,,,,,,,,,Fm,R5-2007-0035_general_order,"21859 Crane Ave, Hilmar 2024 Dairy AR",125,126,13,rancho_cordova,wastewater
B-6 Dairy,22014 Turner Road Hilmar CA 95324,,,Five Star Custom Spreading,219 Jensen Road Gustine CA 95322,B & B Farms P.O. Box,922 Hilmar 95324,Merced County 0045-0330-0020-0000;,,Farmer,,0045-0330-0021-0000,,,,,,,,6/5/2024,,2024-06-05,False,UNSURE,,,,,,,,,2100.0,,,80.2,,Number Of Truckloads X Average Truck Weight,,R5-2007-0035_general_order,"22014 Turner Ave, Hilmar 2024 Dairy AR",62,63,1,rancho_cordova,manure
B-6 Dairy,22014 Turner Road Hilmar CA 95324,,,B-6 Dairy,22014 Turner Road Hilmar CA 95324,Bob Livak,22339 Crane Avenue Hilmar 95324,,,Farmer,,0045-0240-0020-000,,,,,,,,5/26/24 6/18/24 7/22/24 8/10/24,2024-05-26,2024-08-10,False,UNSURE,,,,,5842000.0,,,,,,,,,,Lagoon Pump GPM X Total Run Time,R5-2007-0035_general_order,"22014 Turner Ave, Hilmar 2024 Dairy AR",64,65,2,rancho_cordova,wastewater
B-6 Dairy,22014 Turner Road Hilmar CA 95324,,,Five Star Custom Spreading,219 Jensen Road Gustine CA 95322,B & B Farms P.O. Box,922 Hilmar 95324,Merced County 0045-0330-0020-0000;,,Farmer,,0045-0330-0021-0000,,,,,,,,10/25/24,,2024-10-25,False,UNSURE,,,,,,,,,1250.0,,,35.1,,Number Of Truckloads X Average Truck Weight,,R5-2007-0035_general_order,"22014 Turner Ave, Hilmar 2024 Dairy AR",66,67,3,rancho_cordova,manure
Double D Dairy,2207 Roberts Rd. Ceres 95307,,,Dores Ag Services,P.O. Box 65 Stevinson 95374,Phil Dores P.O. Box,65 Stevinson 95374,23234 Selon Ave. Stevinson 95374,,,,,,,,,,,,4/29/24,,2024-04-29,False,UNSURE,,,,,,,,,5980.0,,,,22.89,Scale Weights,,R5-2007-0035_general_order,2207 Roberts Rd Ceres 2024 Dairy AR,172,173,1,rancho_cordova,manure
Double D Dairy,2207 Roberts Rd. Ceres 95307,,,Dores Ag Services,P.O. Box 65 Stevinson 95374,Phil Dores P.O. Box,65 Stevinson 95374,23234 Selond Ave. Stevinson 95374,,,,,,,,,,,,9/12/24,,2024-09-12,False,UNSURE,,,,,,,,,,,,,,Scale Weights,,R5-2007-0035_general_order,2207 Roberts Rd Ceres 2024 Dairy AR,174,175,2,rancho_cordova,unknown
Wagner Dairy L.P.,22176 Skiff Road Escalon CA 95320,,,Alp Custom Spreading INC.,2324 Villa Manucha Road Newman CA 95360,Alp Custom Spreading,2324 Villa Manucha Road Newman 95360,2324 Villa Manucha Road Newman CA,,,,000-000-000,,,,,,,,9/24/2024,,2024-09-24,False,UNSURE,,,,,,12.0,,118.0,1416.0,,,,56.5,118 Loads At 12 Ton Per Load,,R5-2013-0122_general_order,22176 Skiff Rd Escalon 2024 Dairy AR,142,143,1,rancho_cordova,manure
Wagner Dairy L.P.,22176 Skiff Road Escalon CA 95320,,,Alp Custom Spreading INC.,2324 Villa Manucha Road Newman CA 95360,Alp Custom Spreading,2324 Villa Manucha Road Newman 95360,2324 Villa Manucha Road Newman CA,,,,000-000-000,,,,,,,,10/26/2024,,2024-10-26,False,UNSURE,,,,,,12.0,,255.0,3060.0,,,,56.5,255 Loads At 12 Ton Per Load,,R5-2013-0122_general_order,22176 Skiff Rd Escalon 2024 Dairy AR,144,145,2,rancho_cordova,manure
Wagner Dairy L.P.,22176 Skiff Road Escalon CA 95320,,,Alp Custom Spreading INC.,2324 Villa Manucha Road Newman CA 95360,Alp Custom Spreading,2324 Villa Manucha Road Newman 95360,2324 Villa Manucha Road Newman CA,,,,000-000-000,,,,,,,,10/28/2024,,2024-10-28,False,UNSURE,,,,,,12.0,,232.0,,,,,55.6,232 Loads At 12 Ton Per Load,,R5-2013-0122_general_order,22176 Skiff Rd Escalon 2024 Dairy AR,146,147,3,rancho_cordova,unknown
Wagner Dairy L.P.,22176 Skiff Road Escalon CA 95320,,,Alp Custom Spreading INC.,2324 Villa Manucha Road Newman CA 95360,Alp Custom Spreading,2324 Villa Manucha Road Newman 95360,2324 Villa Manucha Road Newman CA,,,,000-000-000,,,,,,,,10/29/2024,,2024-10-29,False,UNSURE,,,,,,12.0,,80.0,960.0,,,,55.6,80 Loads At 12 Ton Per Load,,R5-2013-0122_general_order,22176 Skiff Rd Escalon 2024 Dairy AR,148,149,4,rancho_cordova,manure
Sunwest Jerseys,22270 Bloss Ave Hilmar 95324,,,,,Clauss Dairy Farms,21670 Bloss Ave Hilmar 95324,,,,,0045-0190-0044-0000,,,,,,,,1/10/24,,2024-01-10,False,UNSURE,,,,,,,,,,,,,,,Fm,R5-2007-0035_general_order,22270 Bloss Ave Hilmar 2024 Dairy AR,48,49,1,rancho_cordova,unknown
Sunwest Jerseys,22270 Bloss Ave Hilmar 95324,,,,,Clauss Dairy Farms,21670 Bloss Ave Hilmar 95324,,,,,0045-0190-0044-0000,,,,,,,,2/12/24,,2024-02-12,False,UNSURE,,,,,200.75,,,,,,,,,,Fm,R5-2007-0035_general_order,22270 Bloss Ave Hilmar 2024 Dairy AR,50,51,2,rancho_cordova,wastewater
Sunwest Jerseys,22270 Bloss Ave Hilmar 95324,,,,,,,,,,,0045-0190-0044-0000,,,,,,,,3/15/24,,2024-03-15,False,UNSURE,,,,,240000.0,,,,,,,,,,Fm,R5-2007-0035_general_order,22270 Bloss Ave Hilmar 2024 Dairy AR,52,53,3,rancho_cordova,wastewater
Sunwest Jerseys,22270 Bloss Ave Hilmar 95324,,,,,Clauss Dairy Farms,21670 Bloss Ave Hilmar 95324,,,,,0045-0190-0044-0000,,,,,,,,4/24/24,,2024-04-24,False,UNSURE,,,,,490000.0,,,,,,,,,,Fm,R5-2007-0035_general_order,22270 Bloss Ave Hilmar 2024 Dairy AR,54,55,4,rancho_cordova,wastewater
Sunwest Jerseys,22270 Bloss Ave Hilmar 95324,,,,,,,,,,,0045-0190-0044-0000,,,,,,,,6/13/24,,2024-06-13,False,UNSURE,,,,,840000.0,,,,,,,,,,Fm,R5-2007-0035_general_order,22270 Bloss Ave Hilmar 2024 Dairy AR,56,57,5,rancho_cordova,wastewater
Sunwest Jerseys,22270 Bloss Ave Hilmar 95324,,,,,,,,,,,0045-0190-0044-0000,,,,,,,,7/3/24,,2024-07-03,False,UNSURE,,,,,392000.0,,,,,,,,,,Fm,R5-2007-0035_general_order,22270 Bloss Ave Hilmar 2024 Dairy AR,58,59,6,rancho_cordova,wastewater
Sunwest Jerseys,22270 Bloss Ave Hilmar 95324,,,,,Clauss Dairy Farms,21670 Bloss Ave Hilmar 95324,,,,,0045-0190-0044-0000,,,,,,,,7/28/24,,2024-07-28,False,UNSURE,,,,,840000.0,,,,,,,,,,Fm,R5-2007-0035_general_order,22270 Bloss Ave Hilmar 2024 Dairy AR,60,61,7,rancho_cordova,wastewater
Sunwest Jerseys,22270 Bloss Ave Hilmar 95324,,,,,Clauss Dairy Farms,21670 Bloss Ave Hilmar 95324,,,,,0045-0190-0044-0000,,,,,,,,10/18/24,,2024-10-18,False,UNSURE,,,,,500000.0,,,,,,,,,,Fm,R5-2007-0035_general_order,22270 Bloss Ave Hilmar 2024 Dairy AR,62,63,8,rancho_cordova,wastewater
Sunwest Jerseys,22270 Bloss Ave Hilmar 95324,,,,,,,,,,,0045-0190-0044-0000,,,,,,,,12/9/24,,2024-12-09,False,UNSURE,,,,,325755.0,,,,,,,,,,Po,R5-2007-0035_general_order,22270 Bloss Ave Hilmar 2024 Dairy AR,64,65,9,rancho_cordova,wastewater
Sunwest Jerseys,22270 Bloss Ave Hilmar 95324,,,Dores Ag,22846 W. Second Ave Stevinson 95374,Clauss Dairy Farms,21670 Bloss Ave Hilmar 95324,,,,,058-019-008,,,,,,,,3/20-3/21,2024-03-20,2024-03-21,False,UNSURE,,,,,,,,,,,,,,@ 12 Tons Per Load,,R5-2007-0035_general_order,22270 Bloss Ave Hilmar 2024 Dairy AR,66,67,10,rancho_cordova,unknown
Sunwest Jerseys,22270 Bloss Ave Hilmar 95324,,,,,Matt Seward,22837 Bloss Ave Hilmar 95324,,,,,0045-0019-0019-0000,,,,,,,,1-6-24,,2024-01-06,False,UNSURE,,,,,1200.0,,,,,,,,,,Im,R5-2007-0035_general_order,22270 Bloss Ave Hilmar 2024 Dairy AR,68,69,11,rancho_cordova,wastewater
Sunwest Jerseys,22270 Bloss Ave Hilmar 95324,,,,,Matt Seward,22837 Bloss Ave Hilmar 95324,,,,,0045-0019-0019-0000,,,,,,,,2/3/2024,,2024-02-03,False,UNSURE,,,,,1200000.0,,,,,,,,,;,Im,R5-2007-0035_general_order,22270 Bloss Ave Hilmar 2024 Dairy AR,70,71,12,rancho_cordova,wastewater
Sunwest Jerseys,22270 Bloss Ave Hilmar 95324,,,,,Matt Seward,22837 Bloss Ave Hilmar 95324,,,,,0045-0019-0019-0000,,,,,,,,8-22-24,,2024-08-22,False,UNSURE,,,,,720000.0,,,,,,,,,,Im,R5-2007-0035_general_order,22270 Bloss Ave Hilmar 2024 Dairy AR,72,73,13,rancho_cordova,wastewater
Sunwest Jerseys,22270 Bloss Ave Hilmar 95324,,,,,Andy Danbom,22778 Turner Rd Hilmar 95324,,,,,0045-0019-0054-0000,,,,,,,,1-1-2024,,2024-01-01,False,UNSURE,,,,,1440000.0,,,,,,,,,,Im,R5-2007-0035_general_order,22270 Bloss Ave Hilmar 2024 Dairy AR,74,75,14,rancho_cordova,wastewater
Sunwest Jerseys,22270 Bloss Ave Hilmar 95324,,,,,Andy Danbom,22778 Turner Rd Hilmar 95324,,,,,0045-0019-0054-0000,,,,,,,,2-16-2024,,2024-02-16,False,UNSURE,,,,,1440000.0,,,,,,,,,,Im,R5-2007-0035_general_order,22270 Bloss Ave Hilmar 2024 Dairy AR,76,77,15,rancho_cordova,wastewater
Sunwest Jerseys,22270 Bloss Ave Hilmar 95324,,,,,Andy Danbom,22778 Turner Rd Hilmar 95324,,,,,0045-0019-0054-0000,,,,,,,,4-12-2024,,2024-04-12,False,UNSURE,,,,,1200000.0,,,,,,,,,,Im,R5-2007-0035_general_order,22270 Bloss Ave Hilmar 2024 Dairy AR,78,79,16,rancho_cordova,wastewater
Sunwest Jerseys,22270 Bloss Ave Hilmar 95324,,,,,Andy Danbom,22778 Turner Rd Hilmar 95324,,,,,0045-0019-0054-0000,,,,,,,,8-19-24,,2024-08-19,False,UNSURE,,,,,720000.0,,,,,,,,,,Im,R5-2007-0035_general_order,22270 Bloss Ave Hilmar 2024 Dairy AR,80,81,17,rancho_cordova,wastewater
Sunwest Jerseys,22270 Bloss Ave Hilmar 95324,,,,,Jim Babelle,9374 Columbus Ave Hilmar 95324,,,,,0045-0019-0018-0000,,,,,,,,2/5/2024,,2024-02-05,False,UNSURE,,,,,1440000.0,,,,,,,,,,Fm,R5-2007-0035_general_order,22270 Bloss Ave Hilmar 2024 Dairy AR,82,83,18,rancho_cordova,wastewater
Sunwest Jerseys,22270 Bloss Ave Hilmar 95324,,,,,Jim Babelle,9374 Columbus Ave Hilmar 95324,,,,,0045-0019-0018-0000,,,,,,,,3/9/2024,,2024-03-09,False,UNSURE,,,,,1560000.0,,,,,,,,,,Im,R5-2007-0035_general_order,22270 Bloss Ave Hilmar 2024 Dairy AR,84,85,19,rancho_cordova,wastewater
Sunwest Jerseys,22270 Bloss Ave Hilmar 95324,,,,,Jim Babelle,9374 Columbus Ave Hilmar 95324,,,,,0045-0019-0018-0000,,,,,,,,4/2/24,,2024-04-02,False,UNSURE,,,,,1320000.0,,,,,,,,,,Im,R5-2007-0035_general_order,22270 Bloss Ave Hilmar 2024 Dairy AR,86,87,20,rancho_cordova,wastewater
Sunwest Jerseys,22270 Bloss Ave Hilmar 95324,,,,,Jim Babelle,9374 Columbus Ave Hilmar 95324,,,,,0045-0019-0018-0000,,,,,,,,9/1/24,,2024-09-01,False,UNSURE,,,,,960000.0,,,,,,,,,,Im,R5-2007-0035_general_order,22270 Bloss Ave Hilmar 2024 Dairy AR,88,89,21,rancho_cordova,wastewater
Sunwest Jerseys,22270 Bloss Ave Hilmar 95324,,,,,Clauss Dairy Farms,21670 Bloss Ave Hilmar 95324 209-668-,,,,,0045-0190-0044-0000,,,,,,,,10-15-24,,2024-10-15,False,UNSURE,,,,,960000.0,,,,,,,,,,Fm,R5-2007-0035_general_order,22270 Bloss Ave Hilmar 2024 Dairy AR,91,92,22,rancho_cordova,wastewater
Ken Van Foeken Dairy #1,22338 Short Road Hilmar CA 95324,,,Silva & Sons LLC,23616 Williams Avenue Hilmar CA 95324,Silva & Sons LLC,23616 Williams Avenue Hilmar 95324,23616 Williams Avenue Hilmar 95324,,Broker,,,,,,,,,,5/19/24,,2024-05-19,False,UNSURE,,,,,,,,,1500.0,,,70.7,,Number Of Truckloads X Average Truck Weight,,R5-2007-0035_general_order,"22338 Short Rd, Hilmar 2024 Dairy AR",39,40,1,rancho_cordova,manure
Sierra Vista Dairy,22426 E. Monte Vista Ave. Denaiir 95316,,,Fta Lagoon Management,P.O. Box 1001 Turlock 95381,Brule Burroughs,22427 E Monte Vista Denair 95316,,,,,042-150-062,,,,,,,,11/12/24,,2024-11-12,False,True,9500.0,247,,,3346500.0,,,,,,,,,,247 Loads @ 9500 Gallons Per Load.,R5-2007-0035_general_order,22426 E Monte Vista Ave Denair 2024 Dairy AR,41,42,1,rancho_cordova,wastewater
Sierra Vista Dairy,22426 E. Monte Vista Ave. Denaiir 95316,,,Fta Lagoon Management,,Mike Mccauley,4032 Bledsoe Rd. Denair 95316,,,,,042-020-025,,,,,,,,11/12/24,,2024-11-12,False,True,9500.0,55,,,522500.0,,,,,,,,,,55 Loads @ 9500 Gallons Per Load.,R5-2007-0035_general_order,22426 E Monte Vista Ave Denair 2024 Dairy AR,43,44,2,rancho_cordova,wastewater
Sierra Vista Dairy,22426 E. Monte Vista Ave. Denaiir 95316,,,Fta Lagoon Management,P.O. Box 1001 Turlock 95381,Ward Burroughs,22323 E. Monte Vista Denair 95316,,,,,042-150-068,,,,,,,,11/12/24,,2024-11-12,False,True,9500.0,41,,,389500.0,,,,,,,,,,41 Loads @ 9500 Gallons Per Load.,R5-2007-0035_general_order,22426 E Monte Vista Ave Denair 2024 Dairy AR,45,46,3,rancho_cordova,wastewater
Borba & Sons,2248 W. Service Road Modesto CA 95358,,,J & F Fertilizer,1275 North Ave. Gustine CA 95322,Mb Lucky Lady,2323 W. Keyes Road Modesto CA 95358,2323 W. Hatch Road Modesto CA,,,,017-041-015,,,,,,,,10/14/2024,,2024-10-14,False,UNSURE,,,,,,10.0,,75.0,750.0,,,,4.3,75 Loads At 10 Ton Per Load,,R5-2007-0035_general_order,2248 W Service Rd Modesto 2024 Dairy AR,18,19,1,rancho_cordova,manure
D.V. Silveira & Son Dairy,22578 Henry Miller Rd Los Banos CA 93635,,,Silva & Sons LLC,23616 Williams Avenue Hilmar CA 95324,Silva & Sons LLC,23616 Williams Avenue Hilmar 95324,23616 Williams Avenue Hilmar 95324,,Broker,,,,,,,,,,10/24/24,,2024-10-24,False,UNSURE,,,,,,,,,1800.0,,,90.1,,Number Of Truckloads X Average Truck Weight,,R5-2007-0035_general_order,22578 W Henry Miller Rd Los Banos 2024 Dairy AR,25,26,1,rancho_cordova,manure
Vierra Dairy Farms #2,22682 Williams Ave Hilmar 95324,,,Silva & Sons Custom Spreading,P.O Box 1350 Hilmar 95324,Vierra Dairy Farms,23160 Williams Ave Hilmar 95324,Same As Above,,,,,,,,,,,,4/3/24,,2024-04-03,False,UNSURE,,,,,,,,,,,,,,@ 12 Tons Der Load,,R5-2007-0035_general_order,"22682 W. Williams Ave, Hilmar 2024 Dairy AR",24,25,1,rancho_cordova,unknown
Vierra Dairy Farms #2,22682 Williams Ave Hilmar 95324,,,Silva & Sons Custom Spreading,P.O Box 1350 Hilmar 95324,Crane Dairy,20633 W. Crane Ave Hilmar 95324,Same As Above,,,,,,,,,,,,5/3-5/4,2024-05-03,2024-05-04,False,UNSURE,,,,,,,,,,,,,,@ 12 Tons Dcr Load,,R5-2007-0035_general_order,"22682 W. Williams Ave, Hilmar 2024 Dairy AR",26,27,2,rancho_cordova,unknown
Azevedo Dairy #3,227 W El Nido Rd El Nido Merced 95317,,,Gomes Farms LLC,P.O. Box 149 El Nido CA 95317,Gomes Farms LLC,149 El Nido CA 95317,El Nido 95317,Coyote Rd Merced,Broker,,,,,,,,,,07/11/2024,,2024-07-11,False,UNSURE,,,,,,24.0,,335.0,8040.0,,,63.5,,335 Loads X 24 Tons,,R5-2007-0035_software,227 W El Nido Rd El Nido 2024 Dairy AR,41,42,1,rancho_cordova,manure
Azevedo Dairy #3,227 W El Nido Rd El Nido Merced 95317,,,Gomes Farms LLC,P.O. Box 149 El Nido CA 95317,Gomes Farms LLC,149 El Nido CA 95317,El Nido 95317,Coyote Rd Merced,Broker,,,,,,,,,,11/20/2024,,2024-11-20,False,UNSURE,,,,,,24.0,,109.0,2616.0,,,63.5,,109 Loads X 24 Tons,,R5-2007-0035_software,227 W El Nido Rd El Nido 2024 Dairy AR,43,44,2,rancho_cordova,manure
Teixeira & Sons (Formerly John & Nicole Santos Dairy),22759 S Mercey Springs Rd Los Banos Merced 93635,,,F And Alagoon Management,2930 Geer Rd Turlock CA 95382,Teixeira & Sons,22759 Mercy Springs Rd Los Banos CA 93635,Los Banos 93635,Mercy Springs Merced,Farmer,,,,,,,,,,01/01/2024,,2024-01-01,False,True,10000.0,370,,,3700000.0,,,,,,,,,,370 Loads X 10000 Gallons,R5-2007-0035_software,22759 S Mercy Springs Rd Los Banos 2024 Dairy AR,59,60,1,rancho_cordova,wastewater
Teixeira & Sons (Formerly John & Nicole Santos Dairy),22759 S Mercey Springs Rd Los Banos Merced 93635,,,Azevedo Trucking,6465 W Hwy 152 Dos Palos CA 93620,Teixeira & Sons,22759 Mercy Springs Rd Los Banos CA 93635,Los Banos 93635,Mercy Springs Merced,Farmer,,,,,,,,,,08/16/2024,,2024-08-16,False,UNSURE,,,,,,26.0,,193.0,5018.0,,,80.1,,193 Loads X 26 Tons,,R5-2007-0035_software,22759 S Mercy Springs Rd Los Banos 2024 Dairy AR,61,62,2,rancho_cordova,manure
California Dairy Farms-Stevinson,22846 W. Second Ave Stevinson CA 95374,,,Hinds Manure Spreading,19075 3Rd Ave Stevinson CA 95374,Souza Brothers Dairy,3887 Mccullagh Rd Stevinson 95374 (209) 632-,3887 Mccullagh Rd Stevinson 95374,,Farmer,,,,,,,,,,5/11/2024,,2024-05-11,False,UNSURE,,,,,,,,,1600.0,,,88.7,,Number Of Truckloads X Average Truck Weight,,R5-2007-0035_general_order,"22846 Second Ave, Stevinson 2024 Dairy AR",58,59,1,rancho_cordova,manure
,22748 Kilburn Road Crows Landing CA 95313 Zip Code,,,Al P Custom Spreading INC,P O Box 218 Newman CA 95360,A J. Borba Holsteins P.O.Box,670 Hilmar CA 95360,River Road Newman CA 95360,,,,,,,,,,,,5/8/24,,2024-05-08,False,UNSURE,,,,,,12.0,,284.0,,,,,,284 Loads X 12 Tons Each 3408 Total,,R5-2007-0035_general_order,22922 Kilburn Rd Crows Landing 2024 Dairy AR,110,111,1,rancho_cordova,unknown
Moonshine Dairy,22748 Kilburn Road Crows Landing CA 95313,,,A.L.P. Custom Spreading INC,P.O. Box 218 Newman CA 95360,Joe Oliveira Dairy,Name Phone Number,Joe Oliveira Dairy 19104 W Crane Ave Hilmar CA 95324,,,,,,,,,,,,7/25/24,,2024-07-25,False,UNSURE,,,,,,,,,,,,,,Hauled In Tons The Manure Solids Content And The Method Used To Calculate The Amount,,R5-2017-0000_general_order,22922 Kilburn Rd Crows Landing 2024 Dairy AR,112,113,2,rancho_cordova,unknown
Moonshine Dairy,22748 Kilburn Road Crows Landing CA 95313,,,A.L.P. Custom Spreading INC,P.O. Box 218 Newman CA 95360,Machado Dairy,Name Phone Number,Machado Dairy 7413 S. Mitchell Road Turlock CA 95380,,,,,,,,,,,,7/25/24,,2024-07-25,False,UNSURE,,,,,,,,,,,,,,Hauled In Tons The Manure Solids Content And The Method Used To Calculate The Amount,,R5-2017-0000_general_order,22922 Kilburn Rd Crows Landing 2024 Dairy AR,114,115,3,rancho_cordova,unknown
Moonshine Dairy,22748 Kilburn Road Crows Landing CA 95313,,,A.L.P. Custom Spreading INC,; P.O. Box 218 Newman CA 95360,David Alves,Name Phone Number,David Alves 19590 Johnson Ave Hilmar CA 95324,,,,,,,,,,,,9/14/24,,2024-09-14,False,UNSURE,,,,,,,,,,,,,,Hauled In Tons The Manure Solids Content And The Method Used To Calculate The Amount,,R5-2017-0000_general_order,22922 Kilburn Rd Crows Landing 2024 Dairy AR,116,117,4,rancho_cordova,unknown
Moonshine Dairy,22748 Kilburn Road Crows Landing CA 95313,,,A.L.P. Custom Spreading INC,P.O. Box 218 Newman CA 95360,A. J. Borba Holsteins P.O. Box,Name Phone Number,River Road Newman CA 95360,,,,,,,,,,,,10/16/2024,,2024-10-16,False,UNSURE,,,,,,,,,,,,,,Hauled In Tons The Manure Solids Content And The Method Used To Calculate The Amount,,R5-2017-0000_general_order,22922 Kilburn Rd Crows Landing 2024 Dairy AR,118,119,5,rancho_cordova,unknown
Edelweiss Dairy,2306 W. Fulkerth Rd Crows Landing 95313,,,Jf Fertilizer,900 Meredith Ave Gustine 95322,Wendel Trinkler Jr. Po Box,10 Ceres 95307,,,,,022-001-002022-001-004022-001-005022-003-002022-004-001022-004-002,,,,,,,,5/24/24,,2024-05-24,False,UNSURE,,,,,,,,,,,,,,0.12 Tons Per Load,,R5-2007-0035_general_order,2306 W Fulkerth Rd Crows Landing 2025 Dairy AR,34,35,1,rancho_cordova,unknown
Edelweiss Dairy,2306 W. Fulkerth Rd Crows Landing 95313,,,,,Wendel Trinkler Jr. Po Box,10 Ceres 95307,,,,,022-003-007,,,,,,,,1/9/24,,2024-01-09,False,UNSURE,,,,,2751800.0,,,,,,,,,,Fm,R5-2007-0035_general_order,2306 W Fulkerth Rd Crows Landing 2025 Dairy AR,36,37,2,rancho_cordova,wastewater
Edelweiss Dairy,2306 W. Fulkerth Rd Crows Landing 95313,,,,,Wendel Trinkler Jr. Po Box,10 Ceres 95307,,,,,022-003-007,,,,,,,,2/28/24,,2024-02-28,False,UNSURE,,,,,748000.0,,,,,,,,,,Fm,R5-2007-0035_general_order,2306 W Fulkerth Rd Crows Landing 2025 Dairy AR,38,39,3,rancho_cordova,wastewater
Edelweiss Dairy,2306 W. Fulkerth Rd Crows Landing 95313,,,,,Wendel Trinkler Jr. Po Box,10 Ceres 95307,,,,,022-003-007,,,,,,,,11/7/24,,2024-11-07,False,UNSURE,,,,,1890750.0,,,,,,,,,,Fm,R5-2007-0035_general_order,2306 W Fulkerth Rd Crows Landing 2025 Dairy AR,40,41,4,rancho_cordova,wastewater
Edelweiss Dairy,2306 W. Fulkerth Rd Crows Landing 95313,,,,,Wendel Trinkler Jr. Po Box,10 Ceres 95307,,,,,022-003-007,,,,,,,,12/9/24,,2024-12-09,False,UNSURE,,,,,2020400.0,,,,,,,,,,Fm,R5-2007-0035_general_order,2306 W Fulkerth Rd Crows Landing 2025 Dairy AR,42,43,5,rancho_cordova,wastewater
Crupside Duris,23234 Lone Tree Ed Escalar 95320,,,Brasil & Sons,21768 E Lone Rd Exala 95320,Skiff Ranch,24323 6 Skir Rol Escala 95320 838-180,,,,,,,,,,,,,5/10/24,,2024-05-10,False,UNSURE,,,,,,,,,770.0,,,,69.1,77 Loads @10Tl Lood,,R5-2007-0035_general_order,23234 Lone Tree Rd Escalon 2024 Dairy AR,79,80,1,rancho_cordova,manure
Double Cross,7025 S. Central Ave Turlock 95380,,,Silva-Sons Spreading,23616 Williams Ave Tinak,Double Cross #4,6006 Central Ave Turlock 95380,Same As Above,,,,,,,,,,,,5/25/24,,2024-05-25,False,UNSURE,,,,,,,,,,,,,,@12 Tons Pck Load,,R5-2007-0035_general_order,"23546 W. American Ave, Hilmar 2024 Dairy AR",93,94,1,rancho_cordova,unknown
Charles Ahlem Ranches,23546 W. American Ave Hilmar CA 95324,,,,,Cmc Jerseys,23204 Bloss Ave Hilmar CA 95324,Same As Above,,,,,,,,,,,,6/3/24,,2024-06-03,False,UNSURE,,,,,1240000.0,,,,,,,,,,Fm,R5-2007-0035_general_order,"23546 W. American Ave, Hilmar 2024 Dairy AR",95,96,2,rancho_cordova,wastewater
Charles Ahlem Ranches,23546 W. American Ave Hilmar CA 95324,,,,,Cmc Jerseys,23204 Bloss Ave Hilmar CA 95324,Same As Above,,,,,,,,,,,,7/25/24,,2024-07-25,False,UNSURE,,,,,990000.0,,,,,,,,,,Fm,R5-2007-0035_general_order,"23546 W. American Ave, Hilmar 2024 Dairy AR",97,98,3,rancho_cordova,wastewater
Charles Ahlem Ranches,23546 W. American Ave Hilmar CA 95324,,,,,Cmc Jerseys,23204 Bloss Ave Hilmar CA 95324,Same As Above,,,,,,,,,,,,0/3/24,,,False,UNSURE,,,,,916000.0,,,,,,,,,,Fm,R5-2007-0035_general_order,"23546 W. American Ave, Hilmar 2024 Dairy AR",99,100,4,rancho_cordova,wastewater
Charles Ahlem Ranches,23546 W. American Ave Hilmar CA 95324,,,,,Cmc Jerseys,23204 Bloss Ave Hilmar CA 95324,Same As Above,,,,,,,,,,,,0/14/25,,,False,UNSURE,,,,,744000.0,,,,,,,,,,Fm,R5-2007-0035_general_order,"23546 W. American Ave, Hilmar 2024 Dairy AR",101,102,5,rancho_cordova,wastewater
Charles Ahlem Ranches,23546 W. American Ave Hilmar CA 95324,,,,,Cmc Jerseys,23204 Bloss Ave Hilmar CA 95324,Same As Above,,,,,,,,,,,,0/23/24,,,False,UNSURE,,,,,440000.0,,,,,,,,,,Fm,R5-2007-0035_general_order,"23546 W. American Ave, Hilmar 2024 Dairy AR",103,104,6,rancho_cordova,wastewater
Charles Ahlem Ranches,23546 W. American Ave Hilmar CA 95324,,,,,Cmc Jerseys,23204 Bloss Ave Hilmar CA 95324,Same As Above,,,,,,,,,,,,9/3/24,,2024-09-03,False,UNSURE,,,,,645000.0,,,,,,,,,,Fm,R5-2007-0035_general_order,"23546 W. American Ave, Hilmar 2024 Dairy AR",105,106,7,rancho_cordova,wastewater
R&S Dairy,24065 E. Arthur Road Escalon CA 95320,,,Silva Liquid Injection,22600 N. Pearl Road Acampo CA 95220,Reid Ranch,15885 S. Escalon Bellota Rd. Escalon CA 95320,15885 S. Escalon Bellota Rd. Escalon CA,,,,229-070-09,,,,,,,,5/1/24 To 5/5/24,2024-05-01,2024-05-05,False,True,,,,,2400000.0,,,,,,,,,,Hauler's Calculations,R5-2013-0122_general_order,24065 E Arthur Rd Escalon 2024 Dairy AR,48,49,1,rancho_cordova,wastewater
,10507 Lander Ave Turlock 95380,,,Joshua Holsapple Fertilizer Spreading INC,4101 Berkely Ave Turlock 95380,Jhes INC,4101 N. Berkely Ave Turlock 95380,Same As Above,,,,,,,,,,,,9/20-1214,2024-09-20,2024-12-14,False,UNSURE,,,,,,,,,,,,,,Box-Sereacting Div,,R5-2007-0035_general_order,"24093 W. American Ave, Hilmar 2024 Dairy AR",90,91,1,rancho_cordova,unknown
Kool Haas #2,24544 Lone Tree Road Escalon 95320,,,Van Ruter Farms,22339 River Rd. Escalan 95320,Sken Van Ruter,22339 River Rd Escalon 95320 209652-682,22339 River Rd Escalon 95320 0245 0250 0009 0600,,,,,,,,,,,,7/24/24,,2024-07-24,False,UNSURE,,,,,,,,,1173.0,,,,,Hauler's Calculations.,,R5-2007-0035_general_order,24586 E Lone Tree Rd Escalon 2024 Dairy AR,46,47,1,rancho_cordova,manure
Kool Haas #2,24544 Lone Tree Road Escalar 95320 Zip Code,,,Van Ruter Farms,22339,Glen Van Ruler,22389 River Rd Escalon 95320 209652-682,22339 River Rd Escalon 95320 0245 0250 0009 0000,,,,,,,,,,,,10/15,,2024-10-15,False,UNSURE,,,,,,,,,373.0,,,,,Hauler's Calculations.,,R5-2007-0035_general_order,24586 E Lone Tree Rd Escalon 2024 Dairy AR,48,49,2,rancho_cordova,manure
Roest Family Dairy,2472 Gates Road Modesto CA 95358,,,Avila Spreading Service,P.O. Box 580742 Modesto CA 95358,Avila Spreading Service P.O. Box,580742 Modesto 95358,Paradise & Baker Road Stanislaus County,,Broker,,,,,,,,,,5/25/2024,,2024-05-25,False,UNSURE,,,,,,,,,1200.0,,,74.6,,Number Of Truckloads X Average Truck Weight,,R5-2007-0035_general_order,"2472 Gates Rd, Modesto 2024 Dairy AR",23,24,1,rancho_cordova,manure
Roest Family Dairy,2472 Gates Road Modesto CA 95358,,,Avila Spreading Service,P.O. Box 580742 Modesto CA 95358,Melvin Wheeler & Sons,5301 Woodland Ave Modesto 95358,Apn# 0012-0047-0005-0000;,,Farmer,,0017-0021-0026-000,,,,,,,,7/27/24,,2024-07-27,False,UNSURE,,,,,,,,,1300.0,,,74.6,,Number Of Truckloads X Average Truck Weight,,R5-2007-0035_general_order,"2472 Gates Rd, Modesto 2024 Dairy AR",25,26,2,rancho_cordova,manure
Roest Family Dairy,2472 Gates Road Modesto CA 95358,,,Avila Spreading Service,P.O. Box 580742 Modesto CA 95358,Melvin Wheeler & Sons,5301 Woodland Ave Modesto 95358,Apn# 0012-0048-0003-0000; ; Stanislaus County,,Farmer,,0012-0048-0004-000,,,,,,,,8/10/24,,2024-08-10,False,UNSURE,,,,,,,,,1300.0,,,74.6,,Number Of Truckloads X Average Truck Weight,,R5-2007-0035_general_order,"2472 Gates Rd, Modesto 2024 Dairy AR",27,28,3,rancho_cordova,manure
Roest Family Dairy,2472 Gates Road Modesto CA 95358,,,Avila Spreading Service,P.O. Box 580742 Modesto CA 95358,Melvin Wheeler & Sons,5301 Woodland Ave Modesto 95358,Apn# Stanislaus County,,Farmer,,0012-0001-0001-0000,,,,,,,,10/25/24,,2024-10-25,False,UNSURE,,,,,,,,,1300.0,,,74.6,,Number Of Truckloads X Average Truck Weight,,R5-2007-0035_general_order,"2472 Gates Rd, Modesto 2024 Dairy AR",29,30,4,rancho_cordova,manure
Roest Family Dairy,2472 Gates Road Modesto CA 95358,,,Avila Spreading Service,P.O. Box 580742 Modesto CA 95358,Melvin Wheeler & Sons,5301 Woodland Ave Modesto 95358,Apn# Stanislaus County,,Farmer,,0012-0044-0027-0000,,,,,,,,11/20/24,,2024-11-20,False,UNSURE,,,,,,,,,1800.0,,,74.6,,Number Of Truckloads X Average Truck Weight,,R5-2007-0035_general_order,"2472 Gates Rd, Modesto 2024 Dairy AR",31,32,5,rancho_cordova,manure
Fagundes Brothers Dairy #1,2510 Turlock Road Snelling CA 95369,,,Kenneth Stone & Family Spreading LLC,5175 W. Shaw Ave Winton CA 95388,Fagundes Dairy Po Box,2717 Merced 95344,14478 Cox Ferry Road Snelling 95369 Merced County,,Farmer,,,,,,,,,,5/15/2024,,2024-05-15,False,UNSURE,,,,,,,,,6200.0,,,25.9,,Number Of Truckloads X Average Truck Weight,,R5-2007-0035_general_order,2510 W Turlock Rd Snelling 2024 Dairy AR,48,49,1,rancho_cordova,manure
Fdb Dairy,25381 E Doods Rd Escalon 95320,,,Brasil Spreading,21768 Lone Tree Rd Escalon 95330,Victor Bravil,21768 Lime Tree Rd. Escalo -2868,Edwards/Campbell Escala 95320 0247 0150,,,,,,,,,,,,11/13-14 2024,2024-11-13,2024-11-14,False,UNSURE,,,,,,,,,935.0,,,,,Hauler's Calculations,,R5-2007-0035_general_order,25381 E Dodds Rd Escalon 2024 Dairy AR,36,37,1,rancho_cordova,manure
Fdb Dairy,25381 E. Dodds Rd Escala 95320,,,Brasil Spreading,21768 Lone Tree Rd Escala 95320,Victor Brasil,21768 Lone Tree Rd. Escalon 95 68,21768 Lime Tree Rd Escalon 95320 0247 0150 0650 000,,,,,,,,,,,,5 30-31 2024,,2024-05-30,False,UNSURE,,,,,,,,,148.0,,,,,Hauler's Calculations,,R5-2007-0035_general_order,25381 E Dodds Rd Escalon 2024 Dairy AR,38,39,2,rancho_cordova,manure
6 D Dores Dairy,25762 Turner Avenue Hilmar CA 95324,,,Dores Ag Services INC.,22846 Second Avenue Stevinson CA 95374,Dores Ag Services INC.,22846 Second Avenue Stevinson 95374,Third Avenue & Cemetery Road Merced County,,Broker,,,,,,,,,,10/16/2024,,2024-10-16,False,UNSURE,,,,,,,,,1700.0,,,,,Number Of Truckloads X Average Truck Weight,,R5-2007-0035_general_order,"25762 Turner Ave, Hilmar 2024 Dairy AR",43,44,1,rancho_cordova,manure
John Brasil Dairy #1,2613 S. Mitchell Road Turlock CA 95380,,,John Brasil Dairy #1,2613 S. Mitchell Road Turlock CA 95380,Jb Farms,8400 W. Linwood Avenue Turlock 95380,9730 Bradbury Road Turlock 95380,,Farmer,,,,,,,,,,10/22/2024,,2024-10-22,False,UNSURE,,,,,,,,,1300.0,,,91.65,,Number Of Truckloads X Average Truck Weight,,R5-2007-0035_general_order,"2613 S Mitchell Rd, Turlock 2024 Dairy AR",47,48,1,rancho_cordova,manure
John Brasil Dairy #1,2613 S. Mitchell Road Turlock CA 95380,,,John Brasil Dairy #1,2613 S. Mitchell Road Turlock CA 95380,Jb Farms,8400 W. Linwood Avenue Turlock 95380,9730 Bradbury Road Turlock 95380,,Farmer,,,,,,,,,,5/18/2024,,2024-05-18,False,UNSURE,,,,,,,,,1500.0,,,93.68,,Number Of Truckloads X Average Truck Weight,,R5-2007-0035_general_order,"2613 S Mitchell Rd, Turlock 2024 Dairy AR",49,50,2,rancho_cordova,manure
Mommie Rt Raat B,B Gch G CA Kd Mors Nhy (O Ckhasg @,,,Mom Wa Ly 1 Qa,{23% Sclua (Fo Rac Le C/Easgt.,Aml At Pact Chawthilt. Ch,NA Phone Number,Ads Wal Fe Rd Chercky I Zed,,,,,,,,,,,,,,,False,UNSURE,,,,,,,,,,,,,,Hauled In Tons The Manure Solids Content And The Method Used To Calculate The Amount,Eee,R5-2017-0000_general_order,26135 W Malta Rd Gustine 2024 Dairy AR,48,49,1,rancho_cordova,unknown
Toledo Dairy,26280 N. Elliot Rd. Galt 95632,,,Juan Jiminez,16725 Escalon-Bellota Rd. Escalon 95320,Gro-Well Brands INC .,4343 S. Mckinley Ave. Stockton 95206,Same,,,,,,,,,,,,March-April 2024,2024-03-01,2024-04-01,False,UNSURE,,,,,,,,,720.0,,,56.1,,72 Loads Hauled At Approximately Otons Per Load.,,R5-2007-0035_general_order,26222 N Elliott Rd Galt 2024 Dairy AR,75,76,1,rancho_cordova,manure
Toledo Dairy,26280 N. Elliot Rd. Galt 95632,,,Juan Jiminez,16725 Escalon-Bellota Rd. Escalon 95320,Kellog Garden Products,12686 Locke Rd. Lockeford 95237,Same,,,,,,,,,,,,March-September 2024,2024-03-01,2024-09-01,False,UNSURE,,,,,,,,,760.0,,,70.1,,76 Loads Hauled At Approximatelyidtons Per Load.,,R5-2007-0035_general_order,26222 N Elliott Rd Galt 2024 Dairy AR,77,78,2,rancho_cordova,manure
Machado Dairy,26234 S Union Rd Manteca CA 95337,,,Bill Cambra,21165 S. Airport Way Manteca 95337,Cardoza Brothers,24421 S Airport Way Manteca CA 95337,,,,,241-350-270-000,,,,,,,,September 21-30 2024,2024-09-21,2024-09-30,False,UNSURE,,,,,,,,,3930.0,,,,,393 Loads Hauled At Approximately 10 Tons Per Load.,,R5-2007-0035_general_order,26230 S Union Rd Manteca 2024 Dairy AR,50,51,1,rancho_cordova,manure
. Ray & Sue Quaresma Dairy,26290 S. Union Road Manteca CA 95337,,,Alp,P.O. Box 218 Newman CA 95360,Dustan Meredith,5400 E. Almondwood Drive Manteca CA 95337,5400 E. Almondwood Road Manteca CA,,,,226-090-01,,,,,,,,5/20/2024,,2024-05-20,False,UNSURE,,,,,,10.0,,100.0,,,,,,100 Loads At 10 Ton Per Load,,R5-2007-0035_general_order,26290 S Union Rd Manteca 2024 Dairy AR,101,102,1,rancho_cordova,unknown
( Ray & Sue Quaresma Dairy,26290 S. Union Road Manteca CA 95337,,,Ray & Sue Quaresma Dairy-Via Pipeline,26290 S. Union Road Manteca CA 95337,Cardoza Brothers,24412 S. Airport Way Manteca CA 95337,24412 S. Airport Way Manteca CA 95337 241-350-26,,,,241-350-27,,,,,,,,5/18/2024 To 5/22/24,2024-05-18,2024-05-22,True,False,,,,,6468000.0,,,,,,,,,,Flowmeter,R5-2007-0035_general_order,26290 S Union Rd Manteca 2024 Dairy AR,103,104,2,rancho_cordova,wastewater
Ray & Sue Quaresma Dairy,26290 S. Union Road Manteca CA 95337,,,Ray & Sue Quaresma Dairy-Via Pipeline,26290 S. Union Road Manteca CA 95337,Cardoza Brothers,24412 S. Airport Way Manteca CA 95337,24412 S. Airport Way Manteca CA 95337 241-350-26,,,,241-350-27,,,,,,,,10/09/2024 To 10/14/24,2024-10-09,2024-10-14,True,False,,,,,7234320.0,,,,,,,,,,Flowmeter,R5-2007-0035_general_order,26290 S Union Rd Manteca 2024 Dairy AR,105,106,3,rancho_cordova,wastewater
. Ray & Sue Quaresma Dairy,26290 S. Union Road Manteca CA 95337,,,Alp,P.O. Box 218 Newman CA 95360,Dustan Meredith,5400 E. Almondwood Drive Manteca CA 95337,5400 E. Almondwood Road Manteca CA,,,,226-090-01,,,,,,,,5/20/2024,,2024-05-20,False,UNSURE,,,,,,10.0,,100.0,,,,,,100 Loads At 10 Ton Per Load,,R5-2007-0035_general_order,"26290 SOuth Union Road, Manteca 2024 Dairy AR",101,102,1,rancho_cordova,unknown
( Ray & Sue Quaresma Dairy,26290 S. Union Road Manteca CA 95337,,,Ray & Sue Quaresma Dairy-Via Pipeline,26290 S. Union Road Manteca CA 95337,Cardoza Brothers,24412 S. Airport Way Manteca CA 95337,24412 S. Airport Way Manteca CA 95337 241-350-26,,,,241-350-27,,,,,,,,5/18/2024 To 5/22/24,2024-05-18,2024-05-22,True,False,,,,,6468000.0,,,,,,,,,,Flowmeter,R5-2007-0035_general_order,"26290 SOuth Union Road, Manteca 2024 Dairy AR",103,104,2,rancho_cordova,wastewater
Ray & Sue Quaresma Dairy,26290 S. Union Road Manteca CA 95337,,,Ray & Sue Quaresma Dairy-Via Pipeline,26290 S. Union Road Manteca CA 95337,Cardoza Brothers,24412 S. Airport Way Manteca CA 95337,24412 S. Airport Way Manteca CA 95337 241-350-26,,,,241-350-27,,,,,,,,10/09/2024 To 10/14/24,2024-10-09,2024-10-14,True,False,,,,,7234320.0,,,,,,,,,,Flowmeter,R5-2007-0035_general_order,"26290 SOuth Union Road, Manteca 2024 Dairy AR",105,106,3,rancho_cordova,wastewater
,26298 Groves Road,,,Machado Dairy Farms,,Tony Borba Dairy,23844 Dodds Road Escalon CA 95320,23844 Dodds Road Escalon CA 95320 207-170-02,,,,207-180-01,,,,,,,,10/15/2024,,2024-10-15,False,UNSURE,,,,,,20.0,,85.5,1650.0,,,,72.3,85.5 Loads At 20 Ton Per Load,,R5-2007-0035_general_order,26298 Groves Rd Farmington 2024 Dairy AR,26,27,1,rancho_cordova,manure
,26298 Groves Road,,,Machado Dairy Farms,,Tony Borba Dairy,23844 Dodds Road Escalon CA 95320,23844 Dodds Road Escalon CA 95320 207-170-02,,,,207-180-01,,,,,,,,5/10/2024,,2024-05-10,False,UNSURE,,,,,,20.0,,53.0,1060.0,,,,60.9,53 Loads At 20 Ton Per Load,,R5-2007-0035_general_order,26298 Groves Rd Farmington 2024 Dairy AR,28,29,2,rancho_cordova,manure
Sited Oak Dairy,26972 N. Dustin Rd. Acampo 95220,,,Jagjwan Dhaliwal,217 Saint Andrews Rd. Valley Springs 95252,Same,Same,Same,,Garden,,,,,,,,,,9/7/24,,2024-09-07,False,UNSURE,,,,,,,,,3.68,,,52.4,,Loader Bucket Weighed,,R5-2007-0035_general_order,26972 N Dustin Rd Acampo 2024 Dairy AR,28,29,1,rancho_cordova,manure
Sited Oak Dairy,26972 N. Dustin Rd. Acampo 95220,,,Bill Roper,12631 Pratton Ln. Galt 95632,Same,Same,Same,,Garden,,,,,,,,,,9/1/24,,2024-09-01,False,UNSURE,,,,,,,,,5.52,,,52.4,,Loader Bucket Weighed @ 1 Scoop,,R5-2007-0035_general_order,26972 N Dustin Rd Acampo 2024 Dairy AR,30,31,2,rancho_cordova,manure
Sited Oak Dairy,26972 N. Dustin Rd. Acampo 95220,,,Aaron Roper,12959 Herald Rd. Herald 95638,Same,Same,Same,,Garden,,,,,,,,,,8/31/24,,2024-08-31,False,UNSURE,,,,,,,,,5.52,,,52.4,,Loader Bucket @ 1 Scoop,,R5-2007-0035_general_order,26972 N Dustin Rd Acampo 2024 Dairy AR,32,33,3,rancho_cordova,manure
Mello Ranch-Carter,27181 Carter Road Escalon CA 95320,,,Alp,Po Box 218 Newman CA 95360,Richard Wagner,26355 E. Carter Road Escalon CA 95320,26355 E. Carter Road Escalon CA,,,,187-250-08,,,,,,,,11/01/2024,,2024-11-01,False,UNSURE,,,,,,12.0,,70.0,,,,,52.2,70 Loads At 12 Ton Per Load,,R5-2007-0035_general_order,27181 E Carter Rd Escalon 2024 Dairy AR,28,29,1,rancho_cordova,unknown
Antonio Cardoso Dairy,2720 Kenney Ave. Winton 95388,,,Stone Spreading,5175 Shaw Ave. Winton 95388,Same,Same,Same,,,,,,,,,,,,Jan 16-May 23Rd 2024,2024-01-16,2024-05-23,False,UNSURE,,,,,,,,,9392.0,,,9.5,,Hauler's Estimation,,R5-2007-0035_general_order,2720 Kenney Ave Winton 2024 Dairy AR,19,20,1,rancho_cordova,manure
Diamond O Dairy,2743 Baker Road Modesto CA 95358,,,Avila Spreading Service,Po Box 580742 Modesto CA 95358,Bizzini Ranch,7519 Paradise Road Modesto CA 95358,7519 Paradise Road Modesto CA,,,,017-001-012,,,,,,,,3/22/2024,,2024-03-22,False,UNSURE,,,,,,10.0,,46.0,460.0,,,,61.1,46 Loads At 10 Ton Per Load,,R5-2013-0122_general_order,2743 Baker Rd Modesto 2024 Dairy AR,67,68,1,rancho_cordova,manure
Diamond O Dairy,2743 Baker Road Modesto CA 95358,,,Avila Spreading Service,Po Box 580742 Modesto CA 95358,Avila Spreading Service Po Box,580742 Modesto CA 95358,7243 Paradise Road Modesto CA,,,,017-002-007,,,,,,,,3/22/2024,,2024-03-22,False,UNSURE,,,,,,10.0,,74.0,740.0,,,,61.1,74 Loads At 10 Ton Per Load,,R5-2013-0122_general_order,2743 Baker Rd Modesto 2024 Dairy AR,70,71,2,rancho_cordova,manure
,,,,Vierra Bros. Liquid Spreading,6960 Crane Road Oakdale CA 95361,Carl Ott & Sons,2437 Baker Road Modesto 95358,2437 Baker Road Modesto CA 95358 Stanislaus County,,,,017-037-005,,,,,,,,9/25/2024,,2024-09-25,False,True,9500.0,17,,,161500.0,,,,,,,,,,Haulers Load Count-17 Loads At 9500 Gallons Per Load.,R5-2007-0035_general_order,2743 Baker Rd Modesto 2024 Dairy AR,73,74,3,rancho_cordova,wastewater
Tony Lopes Dairy Lp,27500 W Bunker Rd Gustine Merced 95322,,,J&F Fertilizer,900 Meredith Ave Gustine CA 95322,P&D Dairy North,28366 W Husman Rd Gustine CA 95322,28366 W Husman Rd Gustine 95322,Field 18 Merced,Farmer,,,,,,,,,,04/30/2024,,2024-04-30,False,UNSURE,,,,,,,,,1475.0,,,32.2,,Hauler's Calculations,,R5-2007-0035_software,27500 W Bunker Rd Gustine 2024 Dairy AR,67,68,1,rancho_cordova,manure
Tony Lopes Dairy Lp,27500 W Bunker Rd Gustine Merced 95322,,,J&F Fertilizer,900 Meredith Ave Gustine CA 95322,P&D Dairy North,28366 W Husman Rd Gustine CA 95322,28366 W Husman Rd Gustine 95322,Field 23 Merced,Farmer,,,,,,,,,,05/10/2024,,2024-05-10,False,UNSURE,,,,,,,,,950.0,,,32.2,,Haulers Calc,,R5-2007-0035_software,27500 W Bunker Rd Gustine 2024 Dairy AR,69,70,2,rancho_cordova,manure
Tony Lopes Dairy Lp,27500 W Bunker Rd Gustine Merced 95322,,,J&F Fertilizer,900 Meredith Ave Gustine CA 95322,P&D Dairy North,28366 W Husman Rd Gustine CA 95322,28366 W Husman Rd Gustine 95322,Field 19 Merced,Farmer,,,,,,,,,,05/14/2024,,2024-05-14,False,UNSURE,,,,,,,,,1050.0,,,32.2,,Hauler's Calculations,,R5-2007-0035_software,27500 W Bunker Rd Gustine 2024 Dairy AR,71,72,3,rancho_cordova,manure
Tony Lopes Dairy Lp,27500 W Bunker Rd Gustine Merced 95322,,,J&F Fertilizer,900 Meredith Ave Gustine CA 95322,P&D Dairy North,28366 W Husman Rd Gustine CA 95322,28366 W Husman Rd Gustine 95322,Field24 Merced,Farmer,,,,,,,,,,05/16/2024,,2024-05-16,False,UNSURE,,,,,,,,,1050.0,,,32.2,,Hauler's Calculations,,R5-2007-0035_software,27500 W Bunker Rd Gustine 2024 Dairy AR,73,74,4,rancho_cordova,manure
Tony Lopes Dairy Lp,27500 W Bunker Rd Gustine Merced 95322,,,J&F Fertilizer,900 Meredith Ave Gustine CA 95322,P&D Dairy North,28366 W Husman Rd Gustine CA 95322,28366 W Husman Rd Gustine 95322,Field‘ Merced,Farmer,,,,,,,,,,05/23/2024,,2024-05-23,False,UNSURE,,,,,,,,,250.0,,,32.2,,Hauler's Calculations,,R5-2007-0035_software,27500 W Bunker Rd Gustine 2024 Dairy AR,75,76,5,rancho_cordova,manure
Tony Lopes Dairy Lp,27500 W Bunker Rd Gustine Merced 95322,,,J&F Fertilizer,900 Meredith Ave Gustine CA 95322,P&D Dairy North,28366 W Husman Rd Gustine CA 95322,28366 W Husman Rd Gustine 95322,Field18 Merced,Farmer,,,,,,,,,,09/13/2024,,2024-09-13,False,UNSURE,,,,,,,,,980.0,,,40.9,,Hauler's Calculations,,R5-2007-0035_software,27500 W Bunker Rd Gustine 2024 Dairy AR,77,78,6,rancho_cordova,manure
Tony Lopes Dairy Lp,27500 W Bunker Rd Gustine Merced 95322,,,J&F Fertilizer,900 Meredith Ave Gustine CA 95322,P&D Dairy North,28366 W Husman Rd Gustine CA 95322,28366 W Husman Rd Gustine 95322,Field 21 Merced,Farmer,,,,,,,,,,09/13/2024,,2024-09-13,False,UNSURE,,,,,,,,,500.0,,,29.9,,Hauler's Calculations,,R5-2007-0035_software,27500 W Bunker Rd Gustine 2024 Dairy AR,79,80,7,rancho_cordova,manure
Tony Lopes Dairy Lp,27500 W Bunker Rd Gustine Merced 95322,,,J&F Fertilizer,900 Meredith Ave Gustine CA 95322,P&D Dairy North,28366 W Husman Rd Gustine CA 95322,28366 W Husman Rd Gustine 95322,Field 20 Merced,Farmer,,,,,,,,,,09/23/2024,,2024-09-23,False,UNSURE,,,,,,,,,520.0,,,29.9,,Hauler's Calculations,,R5-2007-0035_software,27500 W Bunker Rd Gustine 2024 Dairy AR,81,82,8,rancho_cordova,manure
Tony Lopes Dairy Lp,27500 W Bunker Rd Gustine Merced 95322,,,J&F Fertilizer,900 Meredith Ave Gustine CA 95322,P&D Dairy North,28366 W Husman Rd Gustine CA 95322,28366 W Husman Rd Gustine 95322,Field 23 Merced,Farmer,,,,,,,,,,09/23/2024,,2024-09-23,False,UNSURE,,,,,,,,,520.0,,,29.9,,Hauler's Calculations,,R5-2007-0035_software,27500 W Bunker Rd Gustine 2024 Dairy AR,83,84,9,rancho_cordova,manure
John Silveira Dairy,27890 W Brazo Rd Newman Merced 95360,,,Alp Custom Spreading,P.O. Box 218 Newman CA 95360,John Silveira,400 Gustine CA 95322,Gustine 95322,Fentem Road Hwy 33 Bizzini Merced,Farmer,,,,,,,,,,05/01/2024,,2024-05-01,False,UNSURE,,,,,,,,,3900.0,,,44.1,,Tons Per Load,,R5-2007-0035_software,27890 W Brazo Rd Newman 2024 Dairy AR,43,44,1,,manure
John Silveira Dairy,27890 W Brazo Rd Newman Merced 95360,,,Alp Custom Spreading,P.O. Box 218 Newman CA 95360,John Silveira,400 Gustine CA 95322,Gustine 95322,Fentem Road Merced,Farmer,,,,,,,,,,05/08/2024,,2024-05-08,False,UNSURE,,,,,,,,,931.0,,,44.1,,Tons Per Load,,R5-2007-0035_software,27890 W Brazo Rd Newman 2024 Dairy AR,45,46,2,,manure
John Silveira Dairy,27890 W Brazo Rd Newman Merced 95360,,,Alp Custom Spreading,P.O. Box 218 Newman CA 95360,John Silveira,400 Gustine CA 95322,Gustine 95322,Fentem Road Hwy 33 Bizzini Merced,Farmer,,,,,,,,,,10/01/2024,,2024-10-01,False,UNSURE,,,,,,,,,2070.0,,,924.0,,Tons Per Load,,R5-2007-0035_software,27890 W Brazo Rd Newman 2024 Dairy AR,47,48,3,,manure
Manuel & Maria Silva Dairy #2,2800 White Rd. Turlock 95380,,,Holsapple's Manure Spreading,19085 Bradbury Rd. Turlock 95380,John Alameda P.O. Box,862 Hilmar 95324,West Of Lander Ave. On Fowler Rd. Turlock 95380,,,,,,,,,,,,September 24-25 2024,2024-09-24,2024-09-25,False,UNSURE,,,,,,24.0,,60.0,1440.0,,,15.2,,60 Loads Hauled @ 24 Tons Per Load,,R5-2007-0035_general_order,"2800 White Rd, Turlock 2024 Dairy AR",41,42,1,rancho_cordova,manure
5N Cattle,28470 W Cottonwood Rd Gustine Merced 95322,,,J&F Fertilizer,900 Meredith Ave Gustine CA 95322,J&F Fertilizer,900 Meredith Ave Gustine CA 95322,900 Meredith Ave Gustine 95322,Merced,Composting Facility,,,,,,,,,,10/08/2024,,2024-10-08,False,UNSURE,,,,,,,,,1216.0,,,47.7,,Number Of Loads Multiplied By Load Weight,,R5-2007-0035_software,28470 W Cottonwood Rd Gustine 2024 Dairy AR,52,53,1,rancho_cordova,manure
Douma Dairy,28524 Kasson Rd Tracy CA 95376,,,Bruce Mellor INC.,18119 E. Avena Rd Escalon CA 95320,Raul,Raul,Po Box 479 Linden CA 95236,,Other Hyponex,,,,,,,,,,1/1/2024-12/31/2024,2024-01-01,2024-12-31,False,UNSURE,,,,,,,,,413.0,,,,,,,R5-2007-0035_general_order,28524 S Kasson Rd Tracy 2024 Dairy AR,95,96,1,rancho_cordova,manure
D Barcellos Dairy,2892 N Gurr Rd Atwater Merced 95301,,,Dallas Barcellos,2892 N Gurr Rd Atwater CA 95301,Albert Barcellos,3026 Gurr Rd Atwater CA 95301,Atwater 95301,Gurr Rd Keith Moss Land Merced,Farmer,,,,,,,,,,10/27/2024,,2024-10-27,False,UNSURE,,,,1200.0,576000.0,,,,,,,,,,Hours Pumped X 1200 GPM,R5-2007-0035_software,2892 N Gurr Rd Atwater 2024 Dairy AR,25,26,1,rancho_cordova,wastewater
Luis C Nunes & Sons Dairy #1,29191 Husman Rd Gustine Merced 95322,,,Luis Nunes Dairy 1,29191 Husman Rd Gustine CA 95322,Luis Nunes Dairy #2,10268 Hwy 33 Gustine CA 95322,Gustine 95322,Hwy 33 Merced,Farmer,,,,,,,,,,05/10/2024,,2024-05-10,False,UNSURE,,,,,,,,,2652.0,,,58.0,,Tons X Loads,,R5-2007-0035_software,29191 W Husman Rd Gustine 2024 Dairy AR,40,41,1,rancho_cordova,manure
Luis C Nunes & Sons Dairy #1,29191 Husman Rd Gustine Merced 95322,,,Luis Nunes Dairy 1,29191 Husman Rd Gustine CA 95322,Luis Nunes Dairy #2,10268 Hwy 33 Gustine CA 95322,Gustine 95322,Hwy 33 Merced,Farmer,,,,,,,,,,10/30/2024,,2024-10-30,False,UNSURE,,,,,,,,,608.0,,,31.0,,Tons X Loads,,R5-2007-0035_software,29191 W Husman Rd Gustine 2024 Dairy AR,42,43,2,rancho_cordova,manure
Manuel Mendes Dairy,29744 Cottonwood Rd Gustine 95322,,,Mendes Pipeline,,Frank Rebelo,1648 Via Milano Gustine 95322,,,,,063-250-029,,,,,,,,6/21/24,,2024-06-21,True,False,,,,,780000.0,,,,,,,,,,Pump GPM X Run Time,R5-2007-0035_general_order,29744 Cottonwood Rd Gustine 2024 Dairy AR,46,47,1,rancho_cordova,wastewater
Manuel Mendes Dairy,29744 Cottonwood Rd Gustine 95322,,,Jf Fertilizer,900 Meredith Ave. Gustine 95322,John Nunes,900 Meredith Ave Gustine 95322,900 Meredith Aux. Gustine 95322,,,,,,,,,,,,11/17/24,,2024-11-17,False,UNSURE,,,,,,10.0,,40.0,400.0,,,,62.6,40 Loads @ 10 Tons Per Load.,,R5-2007-0035_general_order,29744 Cottonwood Rd Gustine 2024 Dairy AR,48,49,2,rancho_cordova,manure
River Oak Dairy,; 29770 E. Hwy 4 Farmington CA 95230,,,Caton Ag INC.,14303 S. Campbell Road Escalon CA 95230,Caton Ag INC.,14303 S Campbell Road Escalon CA 95320,14303 S. Campbell Road Escalon CA,,,,207-320-20,,,,,,,,8/22/2024,,2024-08-22,False,UNSURE,,,,,,10.0,,380.0,,,,,,380 Loads At 10 Ton Per Load,,R5-2013-0122_general_order,29770 E Hwy 4 Farmington 2024 Dairy AR,29,30,1,rancho_cordova,unknown
G.J. Silva Dairy INC.,3107 S Prairie Flower Rd Turlock Stanislaus 95380,,,Joshua Holsapple Fertilizer Spreading,400 N Central Ave Turlock CA 95380,Joshua Holsapple,400 N Central Ave Turlock CA 95380,400 N Central Ave Turlock 95380,Stanislaus,Farmer,,,,,,,,,,01/11/2024,,2024-01-11,False,UNSURE,,,,,,,,,47.3,,,64.9,,Hauler's Calculations,,R5-2007-0035_software,"3107 S Prairie Flower Rd, Turlock 2024 Dairy AR",142,143,1,rancho_cordova,manure
G.J. Silva Dairy INC.,3107 S Prairie Flower Rd Turlock Stanislaus 95380,,,Joshua Holsapple Fertilizer Spreading,400 N Central Ave Turlock CA 95380,Joshua Holsapple,400 N Central Ave Turlock CA 95380,400 N Central Ave Turlock 95382,Stanislaus,Farmer,,,,,,,,,,03/12/2024,,2024-03-12,False,UNSURE,,,,,,,,,721.6,,,64.9,,Hauler's Calculations,,R5-2007-0035_software,"3107 S Prairie Flower Rd, Turlock 2024 Dairy AR",144,145,2,rancho_cordova,manure
G.J. Silva Dairy INC.,3107 S Prairie Flower Rd Turlock Stanislaus 95380,,,Joshua Holsapple Fertilizer Spreading,400 N Central Ave Turlock CA 95380,Joshua Holsapple,400 N Central Ave Turlock CA 95380,400 N Central Ave Turlock 95380,Stanislaus,Farmer,,,,,,,,,,04/01/2024,,2024-04-01,False,UNSURE,,,,,,,,,883.9,,,64.9,,Hauler's Calculations,,R5-2007-0035_software,"3107 S Prairie Flower Rd, Turlock 2024 Dairy AR",146,147,3,rancho_cordova,manure
G.J. Silva Dairy INC.,3107 S Prairie Flower Rd Turlock Stanislaus 95380,,,Joshua Holsapple Fertilizer Spreading,400 N Central Ave Turlock CA 95380,Joshua Holsapple,400 N Central Ave Turlock CA 95380,400 N Central Ave Turlock 95380,Stanislaus,Farmer,,,,,,,,,,05/17/2024,,2024-05-17,False,UNSURE,,,,,,,,,99.8,,,64.9,,Hauler's Calculations,,R5-2007-0035_software,"3107 S Prairie Flower Rd, Turlock 2024 Dairy AR",148,149,4,rancho_cordova,manure
G.J. Silva Dairy INC.,3107 S Prairie Flower Rd Turlock Stanislaus 95380,,,Joshua Holsapple Fertilizer Spreading,400 N Central Ave Turlock CA 95380,Joshua Holsapple,400 N Central Ave Turlock CA 95380,400 N Central Ave Turlock 95380,Stanislaus,Farmer,,,,,,,,,,06/28/2024,,2024-06-28,False,UNSURE,,,,,,,,,26.1,,,27.2,,Hauler's Calculations,,R5-2007-0035_software,"3107 S Prairie Flower Rd, Turlock 2024 Dairy AR",150,151,5,rancho_cordova,manure
G.J. Silva Dairy INC.,3107 S Prairie Flower Rd Turlock Stanislaus 95380,,,Joshua Holsapple Fertilizer Spreading,400 N Central Ave Turlock CA 95380,Joshua Holsapple,400 N Central Ave Turlock CA 95380,400 N Central Ave Turlock 95380,Stanislaus,Farmer,,,,,,,,,,07/02/2024,,2024-07-02,False,UNSURE,,,,,,,,,460.2,,,27.2,,Hauler's Calculations,,R5-2007-0035_software,"3107 S Prairie Flower Rd, Turlock 2024 Dairy AR",152,153,6,rancho_cordova,manure
G.J. Silva Dairy INC.,3107 S Prairie Flower Rd Turlock Stanislaus 95380,,,Joshua Holsapple Fertilizer Spreading,400 N Central Ave Turlock CA 95380,Joshua Holsapple,400 N Central Ave Turlock CA 95380,400 N Central Ave Turlock 95380,Stanislaus,Farmer,,,,,,,,,,08/01/2024,,2024-08-01,False,UNSURE,,,,,,,,,49.0,,,91.1,,Hauler's Calculations,,R5-2007-0035_software,"3107 S Prairie Flower Rd, Turlock 2024 Dairy AR",154,155,7,rancho_cordova,manure
G.J. Silva Dairy INC.,3107 S Prairie Flower Rd Turlock Stanislaus 95380,,,Joshua Holsapple Fertilizer Spreading,400 N Central Ave Turlock CA 95380,Joshua Holsapple,400 N Central Ave Turlock CA 95380,400 N Central Ave Turlock 95380,Stanislaus,Farmer,,,,,,,,,,09/12/2024,,2024-09-12,False,UNSURE,,,,,,,,,169.9,,,91.1,,Hauler's Calculations,,R5-2007-0035_software,"3107 S Prairie Flower Rd, Turlock 2024 Dairy AR",156,157,8,rancho_cordova,manure
G.J. Silva Dairy INC.,3107 S Prairie Flower Rd Turlock Stanislaus 95380,,,Joshua Holsapple Fertilizer Spreading,400 N Central Ave Turlock CA 95380,Joshua Holsapple,400 N Central Ave Turlock CA 95380,400 N Central Ave Turlock 95380,Stanislaus,Farmer,,,,,,,,,,10/05/2024,,2024-10-05,False,UNSURE,,,,,,,,,1469.8,,,91.1,,Hauler's Calculations,,R5-2007-0035_software,"3107 S Prairie Flower Rd, Turlock 2024 Dairy AR",158,159,9,rancho_cordova,manure
G.J. Silva Dairy INC.,3107 S Prairie Flower Rd Turlock Stanislaus 95380,,,Joshua Holsapple Fertilizer Spreading,400 N Central Ave Turlock CA 95380,Joshua Holsapple,400 N Central Ave Turlock CA 95380,400 N Central Ave Turlock 95380,Stanislaus,Farmer,,,,,,,,,,11/01/2024,,2024-11-01,False,UNSURE,,,,,,,,,697.4,,,91.1,,Hauler's Calculations,,R5-2007-0035_software,"3107 S Prairie Flower Rd, Turlock 2024 Dairy AR",160,161,10,rancho_cordova,manure
G.J. Silva Dairy INC.,3107 S Prairie Flower Rd Turlock Stanislaus 95380,,,Joshua Holsapple Fertilizer Spreading,400 N Central Ave Turlock CA 95380,Joshua Holsapple,400 N Central Ave Turlock CA 95380,400 N Central Ave Turlock 95380,Stanislaus,Farmer,,,,,,,,,,12/13/2024,,2024-12-13,False,UNSURE,,,,,,,,,21.5,,,91.1,,Hauler's Calculations,,R5-2007-0035_software,"3107 S Prairie Flower Rd, Turlock 2024 Dairy AR",162,163,11,rancho_cordova,manure
Art Silva Dairy #3,3130 Dewitt Rd Modesto Stanislaus 95357,,,Dores Ag Services,22846 2Nd Ave Stevinson CA 95374,Dores Ag Services,22846 2Nd Ave Stevinson CA 95374,Stevinson 95374,2Nd Ave Merced,Broker,,,,,,,,,,09/30/2024,,2024-09-30,False,UNSURE,,,,,,,,,2236.0,,,95.1,,Tons X Loads,,R5-2007-0035_software,3130 De Witt Rd Modesto 2024 Dairy AR,20,21,1,,manure
T&L Family Dairy LLC,3137 E. Tuolumne Road Ceres CA 95307,,,Five Star Custom Spreading,P.O. Box 488 Gustine CA 95322,Five Star Custom Spreading P.O. Box,488 Gustine 95322,750 East Ave Gustine 95322,,Broker,,,,,,,,,,10/16/2024,,2024-10-16,False,UNSURE,,,,,,,,,500.0,,,83.8,,Number Of Truckloads X Average Truck Weight,,R5-2007-0035_general_order,"3137 E Tuolumne Rd, Ceres 2024 Dairy AR",26,27,1,rancho_cordova,manure
Willem Postma Dairy #2,3250 Santa Fe Avenue Modesto CA 95357,,,Dores Ag,Po Box 65 Stevinson CA 95374,Willem Postma Dairy #1 Po Box,576529 Modesto Ca95357,0000 Milnes Road Modesto CA,,,,014-024-009,,,,,,,,9/3/2024,,2024-09-03,False,UNSURE,,,,,,,,,,,,,,,,R5-2007-0035_general_order,3250 Santa Fe Ave Modesto 2024 Dairy AR,29,29,1,rancho_cordova,unknown
Couco Creek Dairy INC.,3303 Washington Rd. Jurlock 95380,,,Couco Creek Dairy,3303 S. Washington Rd. Turlock 95380,Cc Delta,3303 S. Washington Rd. Jurlock 95380,,,,,191-180-002,,,,,,,,2/1/24,,2024-02-01,False,UNSURE,,,,,,,,,,,,,,Scale Weights,,R5-2007-0035_general_order,"3303 S. Washington Rd, Turlock 2024 Dairy AR",35,36,1,rancho_cordova,unknown
Couco Creek Dairy INC.,3303 S. Washington Rd. Jurlock 95380,,,Couco Creek Dairy,3303 S. Washington Rd. Turlock 95380,Dan Mendenhall,9605 Eucalyptus Ave. Winton 95388,9605 Eucalyptus Ave. Winton 95388,,,,,,,,,,,,1/16/24,,2024-01-16,False,UNSURE,,,,,,,,,,,,,,Scale Weights,,R5-2007-0035_general_order,"3303 S. Washington Rd, Turlock 2024 Dairy AR",37,38,2,rancho_cordova,unknown
Couco Creek Dairy INC.,3303,,,Couco Creek Dairy,3303 S. Washington Rd. Turlock 95380,Clarence Oliveira,8442 Alderson Ave. Hughson 95326,8442 Alderson Ave. Hughson 95326,,,,,,,,,,,,1/30/24,,2024-01-30,False,UNSURE,,,,,,,,,,,,,,Scale Weights,,R5-2007-0035_general_order,"3303 S. Washington Rd, Turlock 2024 Dairy AR",39,40,3,rancho_cordova,unknown
Couco Creek Dairy INC.,3303 S. Washington Rd. Turlock 95380,,,Couco Creek Dairy,3303 S. Washington Rd. Jurlock 95380,Cc Delta,3303 S. Washington Rd. Jurlock 95380.,,,,,191-180-002,,,,,,,,4/1/24,,2024-04-01,False,UNSURE,,,,,,,,,,,,,,Scale Weights,,R5-2007-0035_general_order,"3303 S. Washington Rd, Turlock 2024 Dairy AR",41,42,4,rancho_cordova,unknown
Couco Creek Dairy INC.,3303 S. Washington Rd. Turlock 95380,,,Couco Creek Dairy,3303 S. Washington Rd. Turlock 95380,Cc Delta,3303 S. Washington Rd. Jurlock 95380,,,,,191-180-002,,,,,,,,,,,False,UNSURE,,,,,,,,,,,,,,Scale Weights,,R5-2007-0035_general_order,"3303 S. Washington Rd, Turlock 2024 Dairy AR",43,44,5,rancho_cordova,unknown
Couco Creek Dairy INC.,3303 S. Washington Rd. Turlock 95380,,,Couco Creek Dairy,3303 Washington Rd. Turlock 95380,Cc Delta,3303 S. Washington Rd. Turlock 95380.,,,,,191-180-002,,,,,,,,6/1/24,,2024-06-01,False,UNSURE,,,,,,,,,,,,,,Scale Weights,,R5-2007-0035_general_order,"3303 S. Washington Rd, Turlock 2024 Dairy AR",45,46,6,rancho_cordova,unknown
Couco Creek Dairy INC.,3303 S. Washington Rd. Turlock 95380,,,Couco Creek Dairy,3303 Washington Rd. Turlock 95380,Cc Delta,3303 S. Washington Rd. Jurlock 95380.,,,,,191-180-002,,,,,,,,7/1/24,,2024-07-01,False,UNSURE,,,,,,,,,,,,,,Scale Weights,,R5-2007-0035_general_order,"3303 S. Washington Rd, Turlock 2024 Dairy AR",47,48,7,rancho_cordova,unknown
Couco Creek Dairy INC.,3303 S. Washington Rd. Turlock 95380,,,Couco Creek Dairy,3303 Washington Rd. Turlock 95380,Cc Delta,3303 S. Washington Rd. Jurlock 95380,,,,,191-180-002,,,,,,,,8/1/24,,2024-08-01,False,UNSURE,,,,,,,,,,,,,,Scale Weights,,R5-2007-0035_general_order,"3303 S. Washington Rd, Turlock 2024 Dairy AR",49,50,8,rancho_cordova,unknown
Couco Creek Dairy INC.,3303 S. Washington Rd. Turlock 95380,,,Couco Creek Dairy,3303 S. Washington Rd. Turlock 95380,Cc Delta,3303 S. Washington Rd. Jurlock 95380,,,,,191-180-002,,,,,,,,,,,False,UNSURE,,,,,,,,,,,,,,Scale Weights,,R5-2007-0035_general_order,"3303 S. Washington Rd, Turlock 2024 Dairy AR",51,52,9,rancho_cordova,unknown
Couco Creek Dairy INC.,3303 S. Washington Rd. Turlock 95380,,,Couco Creek Dairy,3303,Cc Delta,3303 S. Washington Rd. Jurlock 95380,,,,,191-180-002,,,,,,,,,,,False,UNSURE,,,,,,,,,,,,,,Scale Weights,,R5-2007-0035_general_order,"3303 S. Washington Rd, Turlock 2024 Dairy AR",53,54,10,rancho_cordova,unknown
Couco Creek Dairy INC.,3303,,,Couco Creek Dairy,3303,Cc Delta,3303 S. Washington Rd. Jurlock 95380,,,,,191-180-002,,,,,,,,11/1/24,,2024-11-01,False,UNSURE,,,,,,,,,,,,,,Scale Weights,,R5-2007-0035_general_order,"3303 S. Washington Rd, Turlock 2024 Dairy AR",55,56,11,rancho_cordova,unknown
Couco Creek Dairy INC.,3303,,,Coulo Creek Dairy,3303,Cc Delta,3303 S. Washington Rd. Jurlock 95380,,,,,191-180-002,,,,,,,,12/1/24,,2024-12-01,False,UNSURE,,,,,,,,,,,,,,Scale Weights,,R5-2007-0035_general_order,"3303 S. Washington Rd, Turlock 2024 Dairy AR",57,58,12,rancho_cordova,unknown
Couco Creek Dairy INC.,3303 Washington Rd. Turlock 95380,,,Couco Creek Dairy,3303 5. Washington Rd. Turlock 95380,Merl Fountain,1148 Meikle Rd. Hickman 95323,1148 Meikle Rd. Hickman 95323,,,,,,,,,,,,12/16/24,,2024-12-16,False,UNSURE,,,,,,,,,,,,,,Scale Weights,,R5-2007-0035_general_order,"3303 S. Washington Rd, Turlock 2024 Dairy AR",59,60,13,rancho_cordova,unknown
Joe Meirinho And Son Dairy,3354 W Whitmore Ave Modesto 95358,,,Avila Spreading Service,Po Box 58005,Skittene,Skittene,3324 S. Carpenter Modeste 95358,,,,,,,,,,,,11-21-24,,2024-11-21,False,UNSURE,,,,,,,,,360.0,,,,,Load Count/Truck Weight.,,R5-2007-0035_general_order,3354 W Whitmore Ave Modesto 2024 Dairy AR,61,62,1,rancho_cordova,manure
Tollcrest Dairy,3355 Virginia Rd. Wheatland 95692,,,Beebe Industries,P.O. Box 665 Lincoln 95648,,,,,Broker,,,,,,,,,,01-01-2024 Through 01-31-2024,2024-01-01,2024-01-31,False,UNSURE,,,,,,,,,15200.0,,,15200.0,,Truck Count And Scale Weight,,R5-2007-0035_general_order,3355 Virginia Rd Wheatland 2024 Dairy AR,126,127,1,,manure
Tollcrest Dairy,3355 Virginia Rd. Wheatland 95692,,,Beebe Industries,P.O. Box 665 Lincoln 95648,,,,,Broker,,,,,,,,,,01-01-2024 Through 01-31-2024,2024-01-01,2024-01-31,False,UNSURE,,,,,,,,,15200.0,,,15200.0,,Truck Count And Scale Weight,,R5-2007-0035_general_order,3355 Virginia Rd Wheatland 2024 Dairy AR,128,129,2,,manure
Tollcrest Dairy,3355 Virginia Rd. Wheatland 95692,,,Beebe Industries,P.O. Box 665 Lincoln 95648,,,,,Broker,,,,,,,,,,01-01-2024 Through 01-31-2024,2024-01-01,2024-01-31,False,UNSURE,,,,,,,,,15200.0,,,15200.0,,Truck Count And Scale Weight,,R5-2007-0035_general_order,3355 Virginia Rd Wheatland 2024 Dairy AR,130,131,3,,manure
Tollcrest Dairy,3355 Virginia Rd. Wheatland 95692,,,Beebe Industries,P.O. Box 665 Lincoln 95648,,,,,Broker,,,,,,,,,,01-01-2024 Through 01-31-2024,2024-01-01,2024-01-31,False,UNSURE,,,,,,,,,15200.0,,,15200.0,,Truck Count And Scale Weight,,R5-2007-0035_general_order,3355 Virginia Rd Wheatland 2024 Dairy AR,132,133,4,,manure
Tollcrest Dairy,3355 Virginia Rd. Wheatland 95692,,,Beebe Industries,P.O. Box 665 Lincoln 95648,,,,,Broker,,,,,,,,,,01-01-2024 Through 01-31-2024,2024-01-01,2024-01-31,False,UNSURE,,,,,,,,,15200.0,,,15200.0,,Truck Count And Scale Weight,,R5-2007-0035_general_order,3355 Virginia Rd Wheatland 2024 Dairy AR,134,135,5,,manure
Tollcrest Dairy,3355 Virginia Rd. Wheatland 95692,,,Beebe Industries,P.O. Box 665 Lincoln 95648,,,,,Broker,,,,,,,,,,01-01-2024 Through 01-31-2024,2024-01-01,2024-01-31,False,UNSURE,,,,,,,,,15200.0,,,15200.0,,Truck Count And Scale Weight,,R5-2007-0035_general_order,3355 Virginia Rd Wheatland 2024 Dairy AR,136,137,6,,manure
Tollcrest Dairy,3355 Virginia Rd. Wheatland 95692,,,Beebe Industries,P.O. Box 665 Lincoln 95648,,,,,Broker,,,,,,,,,,01-01-2024 Through 01-31-2024,2024-01-01,2024-01-31,False,UNSURE,,,,,,,,,15200.0,,,15200.0,,Truck Count And Scale Weight,,R5-2007-0035_general_order,3355 Virginia Rd Wheatland 2024 Dairy AR,138,139,7,,manure
Tollcrest Dairy,3355 Virginia Rd. Wheatland 95692,,,Beebe Industries,P.O. Box 665 Lincoln 95648,,,,,Broker,,,,,,,,,,01-01-2024 Through 01-31-2024,2024-01-01,2024-01-31,False,UNSURE,,,,,,,,,15200.0,,,15200.0,,Truck Count And Scale Weight,,R5-2007-0035_general_order,3355 Virginia Rd Wheatland 2024 Dairy AR,140,141,8,,manure
Tollcrest Dairy,3355 Virginia Rd. Wheatland 95692,,,Beebe Industries,P.O. Box 665 Lincoln 95648,,,,,Broker,,,,,,,,,,01-01-2024 Through 01-31-2024,2024-01-01,2024-01-31,False,UNSURE,,,,,,,,,15200.0,,,15200.0,,Truck Count And Scale Weight,,R5-2007-0035_general_order,3355 Virginia Rd Wheatland 2024 Dairy AR,142,143,9,,manure
Tollcrest Dairy,3355 Virginia Rd. Wheatland 95692,,,Beebe Industries,P.O. Box 665 Lincoln 95648,,,,,Broker,,,,,,,,,,01-01-2024 Through 01-31-2024,2024-01-01,2024-01-31,False,UNSURE,,,,,,,,,15200.0,,,15200.0,,Truck Count And Scale Weight,,R5-2007-0035_general_order,3355 Virginia Rd Wheatland 2024 Dairy AR,144,145,10,,manure
Tollcrest Dairy,3355 Virginia Rd. Wheatland 95692,,,Beebe Industries,P.O. Box 665 Lincoln 95648,,,,,Broker,,,,,,,,,,01-01-2024 Through 01-31-2024,2024-01-01,2024-01-31,False,UNSURE,,,,,,,,,15200.0,,,15200.0,,Truck Count And Scale Weight,,R5-2007-0035_general_order,3355 Virginia Rd Wheatland 2024 Dairy AR,146,147,11,,manure
Tollcrest Dairy,3355 Virginia Rd. Wheatland 95692,,,Beebe Industries,P.O. Box 665 Lincoln 95648,,,,,Broker,,,,,,,,,,01-01-2024 Through 01-31-2024,2024-01-01,2024-01-31,False,UNSURE,,,,,,,,,15200.0,,,15200.0,,Truck Count And Scale Weight,,R5-2007-0035_general_order,3355 Virginia Rd Wheatland 2024 Dairy AR,148,149,12,,manure
Jelle Van Der Hoek,337 Gates Rd Modesto Stanislaus 95358,,,Pipeline,337 Gates Rd Modesto CA 95358,Dave Wheeler,5301 Woodland Ave Modesto CA 95358,,,Farmer,,0012-0025-0013-0000,Stanislaus,,,,,,,08/25/2024,,2024-08-25,True,False,,,71.0,1000.0,4260000.0,,,,,,,,,,71 Hours @ 1000 GPM,R5-2007-0035_software,337 N Gates Rd MOdesto 2024 Dairy AR,33,34,1,rancho_cordova,wastewater
Jelle Van Der Hoek,337 Gates Rd Modesto Stanislaus 95358,,,Avila Spreading Service,P.O. Box 580742 Modesto CA 95358,Mike Van Der Hoek,337 Gates Rd Modesto CA 95358,,,Farmer,,0012-0044-0006-0000,Stanislaus,,,,,,,06/28/2024,,2024-06-28,False,UNSURE,,,,,,10.0,,21.0,210.0,,,62.1,,21 Loads @ 10 Tons Per Load,,R5-2007-0035_software,337 N Gates Rd MOdesto 2024 Dairy AR,35,36,2,rancho_cordova,manure
Jelle Van Der Hoek,337 Gates Rd Modesto Stanislaus 95358,,,Pipeline,337 Gates Rd Modesto CA 95358,Dave Wheeler,5301 Woodland Ave Modesto CA 95358,,,Farmer,,0012-0025-0013-0000,Stanislaus,,,,,,,06/02/2024,,2024-06-02,True,False,,,76.0,1000.0,4560000.0,,,,,,,,,,76 Hours @ 1000 GPM,R5-2007-0035_software,337 N Gates Rd MOdesto 2024 Dairy AR,38,39,3,rancho_cordova,wastewater
Jelle Van Der Hoek,337 Gates Rd Modesto Stanislaus 95358,,,Jf Fertilizer,900 Meredith Ave Gustine CA 95322,Jf Fertilizer,900 Meredith Ave Gustine CA 95322,900 Meredith Ave Gustine 95322,Merced,Broker,,,,,,,,,,05/07/2024,,2024-05-07,False,UNSURE,,,,,,10.0,,48.0,480.0,,,83.3,,48 Loads @ 10 Tons Per Load.,,R5-2007-0035_software,337 N Gates Rd MOdesto 2024 Dairy AR,40,41,4,rancho_cordova,manure
Furtado Farms,3449 Paradise Road Modesto CA 95358,,,Avila Spreading Service,Po Box 580742 Modesto CA 95358,Inderbitzen Dairy,6930 Paradise Road Modesto CA 95358,4548 Paradise Road Modesto CA 95358 017-054-026,,,,017-054-045,,,,,,,,5/28/2024,,2024-05-28,False,UNSURE,,,,,,10.0,,100.0,1000.0,,,,27.9,100 Loads At 10 Ton Per Load,,R5-2013-0122_general_order,3449 Paradise Rd Modesto 2024 Dairy AR,52,53,1,rancho_cordova,manure
Furtado Farms,3449 Paradise Road Modesto CA 95358,,,D & V Spreading,Po Box 362 Escalon CA 95320,Inderbitzen Dairy,6930 Paradise Road Modesto CA 95358,4548 Paradise Road Modesto CA 95358 017-054-026,,,,017-054-45,,,,,,,,11/4/24,,2024-11-04,False,True,,150,,,1425000.0,,,,,,,,,,150 Loads At 9500 Gals/Load,R5-2013-0122_general_order,3449 Paradise Rd Modesto 2024 Dairy AR,54,55,2,rancho_cordova,wastewater
S & S Dairy INC.,384 E. Monte Vista Ave. Ceres CA. 95307,,,S & S Dairy INC.,384 E. Monte Vista Ave. Ceres CA. 95307,Oliveira Holsteins,730 W. Monte Vista Ave. Ceres 95307,730 W. Monte Vista Ave Ceres 95307,,Farmer,,,,,,,,,,5/8/24,,2024-05-08,False,UNSURE,,,,,924000.0,,,,,,,,,,Pump Run Time X Average Pump GPM,R5-2007-0035_general_order,348 E Monte Vista Rd Ceres 2024 Dairy AR,107,108,1,rancho_cordova,wastewater
S & S Dairy INC.,384 E. Monte Vista Ave. Ceres CA. 95307,,,S & S Dairy INC.,384 E. Monte Vista Ave. Ceres CA. 95307,Oliveira Holsteins,730 W. Monte Vista Ave. Ceres 95307,730 W. Monte Vista Ave Ceres 95307,,Farmer,,,,,,,,,,7/4/24 7/15/24 7/24/24 8/16/24 9/23/24,2024-07-04,2024-09-23,False,UNSURE,,,,,2797200.0,,,,,,,,,,Pump Run Time X Average Pump GPM,R5-2007-0035_general_order,348 E Monte Vista Rd Ceres 2024 Dairy AR,109,110,2,rancho_cordova,wastewater
S & S Dairy INC.,384 E. Monte Vista Ave. Ceres CA. 95307,,,S & S Dairy INC.,384 E. Monte Vista Ave. Ceres CA. 95307,Oliveira Holsteins,730 W. Monte Vista Ave. Ceres 95307,730 W. Monte Vista Ave Ceres 95307,,Farmer,,,,,,,,,,10/8/24 10/13/24,2024-10-08,2024-10-13,False,UNSURE,,,,,1428000.0,,,,,,,,,,Pump Run Time X Average Pump GPM,R5-2007-0035_general_order,348 E Monte Vista Rd Ceres 2024 Dairy AR,111,112,3,rancho_cordova,wastewater
Dutch Door Dairy,3493 Bvd Rd Merced Merced 95341,,,Richie Lest Farms INC,14676 Avenue 14 Madera CA 93637,Green Valley Soils,24341 Avenue 14 Madera CA 93637,24341 Avenue 14 Madera 93637,Madera,Farmer,,,,,,,,,,08/22/2024,,2024-08-22,False,UNSURE,,,,,,,,,946.18,,,97.6,,Number Of Loads Multiplied By Load Weight,,R5-2007-0035_software,3493 BVD Ave Merced 2024 Dairy AR,34,35,1,rancho_cordova,manure
Dutch Door Dairy,3493 Bvd Rd Merced Merced 95341,,,Shuteye Transco LLC,24662 Road 9 Chowchilla CA 93610,Delta Ranch,16510 Bacon Island Rd Stockton CA 95234,,,Farmer,,0129-0200-0150-0000,San Joaquin,,,,,,,10/17/2024,,2024-10-17,False,UNSURE,,,,,,,,,1650.0,,,57.5,,Number Of Loads Multiplied By Load Weight,,R5-2007-0035_software,3493 BVD Ave Merced 2024 Dairy AR,36,37,2,rancho_cordova,manure
Dutch Door Dairy,3493 Bvd Rd Merced Merced 95341,,,Shuteye Transco LLC,24662 Road 9 Chowchilla CA 93610,Shuteye Transco LLC,24662 Road 9 Chowchilla CA 93610,24662 Road 9 Chowchilla 93610,Madera,Farmer,,,,,,,,,,11/01/2024,,2024-11-01,False,UNSURE,,,,,,,,,1308.96,,,97.6,,Number Of Loads Multiplied By Load Weight,,R5-2007-0035_software,3493 BVD Ave Merced 2024 Dairy AR,38,39,3,rancho_cordova,manure
3 Machados Dairy,3260 W Sandy Mush Rd Merced Merced 95340,,,Cardoso Farm Services,P.O. Box 60 Hilmar CA 95324,Erickson Farming,3511 W Sandy Mush Rd Merced CA 95341,3511 W Sandy Mush Rd Merced 95341,Merced,Farmer,,,,,,,,,,11/20/2024,,2024-11-20,False,UNSURE,,,,,,,,,588.0,,,95.7,,Number Of Loads Multiplied By Load Weight,,R5-2007-0035_software,3510 W Sandy Mush Rd Merced 2024 Dairy AR,131,132,1,rancho_cordova,manure
3 Machados Dairy,3260 W Sandy Mush Rd Merced Merced 95340,,,Silva Bros Custom Chopping,5900 W Dickenson Ferry Merced CA 95341,Fred Melo Farming,1319 S Quinley Rd Merced CA 95341,1319 S Quinley Rd Merced 95341,Merced,Farmer,,,,,,,,,,11/22/2024,,2024-11-22,False,UNSURE,,,,,,,,,612.0,,,95.2,,Number Of Loads Multiplied By Load Weight,,R5-2007-0035_software,3510 W Sandy Mush Rd Merced 2024 Dairy AR,133,134,2,rancho_cordova,manure
Double D Dairy #2,3636 E. Monte Vista Ave. Ceres 95307,,,Dores Ag Services,P.O. Box 65 Sievinson 95374,Phil Dores P.O. Box,65 Stevinson 95374,23234 Second Ave. Stevinson 95374,,,,,,,,,,,,5/6/24,,2024-05-06,False,UNSURE,,,,,,10.0,,464.0,4640.0,,,,83.2,464 Loads @ 10 Tons Per Load.,,R5-2007-0035_general_order,3636 E Monte Vista Rd Ceres 2024 Dairy AR,41,42,1,rancho_cordova,manure
Double D Dairy #2,3636 E. Monte Vista Ave. Ceres 95307,,,Dores Ag Services,P.O. Box 65 Stevinson 95374,Phil Dores P.O. Box,65 Stevinson 95374,23234 Second Ave. Stevinson 95374,,,,,,,,,,,,10/9/24,,2024-10-09,False,UNSURE,,,,,,10.0,,146.0,1460.0,,,,,146 Loads @ 10 Tons Per Load.,,R5-2007-0035_general_order,3636 E Monte Vista Rd Ceres 2024 Dairy AR,43,44,2,rancho_cordova,manure
Double D Dairy #2,3636 E. Monte Vista Ave. Ceres 95307,,,Pipeline.,,Paul Azevedo,536 N. Prarie Flower Turlock 95380,,,,,022-017-001,,,,,,,,1/21/24,,2024-01-21,True,False,,,,,405000.0,,,,,,,,,,Pump Gpmx Run Time,R5-2007-0035_general_order,3636 E Monte Vista Rd Ceres 2024 Dairy AR,45,46,3,rancho_cordova,wastewater
Double D Dairy #2,,,,Pipeline.,,Paul Azevedo,536 N. Prarie Flower Turlock 95380,,,,,022-017-001,,,,,,,,4/26/24,,2024-04-26,True,False,,,,,360000.0,,,,,,,,,,Pump GPM X Run Time,R5-2007-0035_general_order,3636 E Monte Vista Rd Ceres 2024 Dairy AR,47,48,4,rancho_cordova,wastewater
Double D Dairy #2,3636 E. Monte Vista Ave. Ceres 95307,,,Pipeline.,,Paul Azevedo,536 N. Prarie Flower Turlock 95380,,,,,022-017-001,,,,,,,,,,,True,False,,,,,405000.0,,,,,,,,,,Pump GPM X Run Time,R5-2007-0035_general_order,3636 E Monte Vista Rd Ceres 2024 Dairy AR,49,50,5,rancho_cordova,wastewater
Double D Dairy #2,3636 E. Monte Vista Ave. Ceres 95307,,,Pipeline.,,Paul Azevedo,536 N. Prarie Flower Turlock 95380,,,,,022-017-001,,,,,,,,8/17/24,,2024-08-17,True,False,,,,,330000.0,,,,,,,,,,Pump GPM Run Time,R5-2007-0035_general_order,3636 E Monte Vista Rd Ceres 2024 Dairy AR,51,52,6,rancho_cordova,wastewater
Double D Dairy #2,3636 E. Monte Vista Ave. Ceres 95307,,,Pipeline.,,Paul Azevedo,536 N. Prarie Flower Turlock 95380,,,,,022-017-001,,,,,,,,9/6/24,,2024-09-06,True,False,,,,,300000.0,,,,,,,,,,Pump GPM X Run Time,R5-2007-0035_general_order,3636 E Monte Vista Rd Ceres 2024 Dairy AR,53,54,7,rancho_cordova,wastewater
Double D Dairy #2,3636 E. Monte Vista Ave. Ceres 95307,,,Pipeline.,,Paul Azevedo,536 N. Prarie Flower Turlock 95380,,,,,022-017-001,,,,,,,,10/27/24,,2024-10-27,True,False,,,,,375000.0,,,,,,,,,,Pump GPM X Run Time,R5-2007-0035_general_order,3636 E Monte Vista Rd Ceres 2024 Dairy AR,55,56,8,rancho_cordova,wastewater
Double B Dairy #2,3645 W. Bradshaw Road Atwater CA 95301,,,Stone Hauling,5175 Shaw Avenue Winton CA 95388,Stone Yard,9012 Lupin Ave Winton 95388,Stone Yard 9012 Lupin Ave 95388,,Compost Facility,,,,,,,,,,11/16/24,,2024-11-16,False,UNSURE,,,,,,,,,2200.0,,,90.8,,Number Of Truckloads X Average Truck Weight,,R5-2007-0035_general_order,3645 W Bradshaw Rd Atwater 2024 Dairy AR,53,54,1,rancho_cordova,manure
Art Silva Dairy #2,3701 Langworth Rd Modesto Stanislaus 95357,,,Dores Ag Services,22846 2Nd Ave Stevinson CA 95374,Dores Ag Services,22846 2Nd Ave Stevinson CA 95374,Stevinson 95374,2Nd Ave Merced,Broker,,,,,,,,,,06/03/2024,,2024-06-03,False,UNSURE,,,,,,,,,2158.0,,,30.2,,Tons Per Load,,R5-2007-0035_software,3701 Langworth Rd Modesto 2024 Dairy AR,49,50,1,,manure
Art Silva Dairy #2,3701 Langworth Rd Modesto Stanislaus 95357,,,Dores Ag Services,22846 2Nd Ave Stevinson CA 95374,Dores Ag Services,22846 2Nd Ave Stevinson CA 95374,Stevinson 95374,2Nd Ave Merced,Broker,,,,,,,,,,10/16/2024,,2024-10-16,False,UNSURE,,,,,,,,,1664.0,,,92.3,,Tons X Load,,R5-2007-0035_software,3701 Langworth Rd Modesto 2024 Dairy AR,51,52,2,,manure
Jimenez Dairy,3928 W. Linwood Ave Turlock CA 95380,,,Gibs Hinds Manure Spreading,19075 W Third Ave. Stevinson CA 95374,Gibs Hinds Manure Spreading,19075 W. Third Ave. Stevinson CA. 95374,19075 W. Third Ave. Stevinson CA. 95374,,Composting Facility,,,,,,,,,,10/8/24,,2024-10-08,False,UNSURE,,,,,,,,,1500.0,,,93.6,,Number Of Truckloads X Average Truck Weight,,R5-2007-0035_general_order,3928 W Linwood Turlock 2024 Dairy AR,19,20,1,rancho_cordova,manure
Cross A Davis,4125 Bentley Rd Caldale 95361,,,Deniz Bros,5230 Patterson Rd Oakdale 95361,Deniz Bros,5230 Patterson Rd Oakdale 95,5230 Patterson Rd. Oakdale CA,,,,062-025-026,,,,,,,,10/15/24,,2024-10-15,False,UNSURE,,,,,,,,,,,,,53.5,120 Loads At 10 T/Load,,R5-2007-0035_general_order,4125 Bentley Rd Oakdale 2024 Dairy AR,51,52,1,rancho_cordova,unknown
Cross A Dairy,4125 Bentley Road Oakdale CA 95361,,,Deniz Bros.,5230 Patterson Rd. Oakdale CA 95361,Bavarro Farms,24532 Clough Road Escalon 95320,24532 Clough Rd. Escalon CA,,,,247-130-24,,,,,,,,10-17-2024,,2024-10-17,False,UNSURE,,,,,,,,,1180.0,,,535.0,,118 Loads@ Hot/Load,,R5-2007-0035_general_order,4125 Bentley Rd Oakdale 2024 Dairy AR,53,54,2,rancho_cordova,manure
Blue Sky Dairy,4390 N Fox Rd Merced Merced 95340,,,Blue Sky Dairy Pipeline,4390 N Fox Rd Merced CA 95340,Blue Sky Dairy #2,4390 N Fox Rd Merced CA 95340,Merced 95340,Franklin Rd Merced,Farmer,,,,,,,,,,03/20/2024,,2024-03-20,True,False,,,,,1656000.0,,,,,,,,,,GPM X 60 X Hrs Pumped,R5-2007-0035_software,4390 N Fox Rd Merced 2024 Dairy AR,94,95,1,,wastewater
Blue Sky Dairy,4390 N Fox Rd Merced Merced 95340,,,Blue Sky Dairy Pipeline,4390 N Fox Rd Merced CA 95340,Blue Sky Dairy #2,4390 N Fox Rd Merced CA 95340,Merced 95340,Franklin Rd Merced,Farmer,,,,,,,,,,09/29/2024,,2024-09-29,True,False,,,,,1368000.0,,,,,,,,,,GPM X 60 X Hrs Pumped,R5-2007-0035_software,4390 N Fox Rd Merced 2024 Dairy AR,96,97,2,,wastewater
Gentle Breezes Dairy,4419 S. Faith Home Rd Turlock CA 95380,,,Joshua Holsapple's Fertilizer Spreading INC.,400 N. Central Avenue Turlock CA 95380,J.H.F.S. INC.,400 N. Central Avenue Turlock 95380,400 N. Central Avenue Turlock 95380,,Broker,,,,,,,,,,5/9/2024,,2024-05-09,False,UNSURE,,,,,,,,,1800.0,,,38.74,,Number Of Truckloads X Average Truck Weight,,R5-2007-0035_general_order,4419 S Faith Home Rd Turlock 2024 Dairy AR,31,32,1,rancho_cordova,manure
Gentle Breezes Dairy,4419 S. Faith Home Rd Turlock CA 95380,,,Joshua Holsapple's Fertilizer Spreading INC.,400 N. Central Avenue Turlock CA 95380,J.H.F.S. INC.,400 N. Central Avenue Turlock 95380,400 N. Central Avenue Turlock 95380,,Broker,,,,,,,,,,10/12/24,,2024-10-12,False,UNSURE,,,,,,,,,2500.0,,,57.36,,Number Of Truckloads X Average Truck Weight,,R5-2007-0035_general_order,4419 S Faith Home Rd Turlock 2024 Dairy AR,33,34,2,rancho_cordova,manure
Amaral Dairy,4715 Co Rd N Orland 95963,,,,& Hauling INC.,,,,,,,,,,,,,,,9-26-2024,,2024-09-26,False,UNSURE,,,,,,,,,750.0,,,90.0,,,,R5-2007-0035_general_order,4715 County Rd N Rd Orland 2024 Dairy AR,35,36,1,,manure
Zuppan Dairy,4740 County Road Qq Orland Glenn 95963,,,Zuppan Dairy,4740 County Road Qq Orland CA 95963,Zuppan Dairy-River Ranch,1010 River Ave. Orland CA 95963,1010 River Ave. Orland 95963,Tehama,Farmer,,0001-0001-0001-0001,Tehama,,,,,,,07/01/2024,,2024-07-01,False,UNSURE,,,,,,,,,300.0,,,36.8,,Amount Reported By Zuppan Dairy.,,R5-2007-0035_software,4740 County Rd QQ Orland 2024 Dairy AR,78,79,1,rancho_cordova,manure
Zuppan Dairy,4740 County Road Qq Orland Glenn 95963,,,Zuppan Dairy,4740 County Road Qq Orland CA 95963,Dawson Farm,7500 Cutting Ave. Orland CA 95963,7500 Cutting Ave. Orland 95963,——— Glenn,Farmer,,0001-0001-0001-0000,Glenn,,,,,,,10/01/2024,,2024-10-01,False,UNSURE,,,,,,,,,300.0,,,36.8,,Amount Reported By Zuppan Dairy.,,R5-2007-0035_software,4740 County Rd QQ Orland 2024 Dairy AR,80,81,2,rancho_cordova,manure
,,,,Gerrit Hofman Dairy,,Hofman Brothers,4820 Perrin Road Manteca 95337,29665 Kasson Road Tracy 95337 San Joaquin Co.,,,,255-027-053,,,,,,,,4/20/24 To 4/26/24,2024-04-20,2024-04-26,False,UNSURE,,,,,,20.0,,67.0,1340.0,,,,13.1,67 Loads At 20 Ton Per Load,,R5-2007-0035_general_order,4820 E Perrin Rd Manteca 2024 Dairy AR,49,50,1,rancho_cordova,manure
,,,,Gerrit Hofman Dairy,,Hofman Brothers,4820 Perrin Road Manteca 95337,29665 Kasson Road Tracy 95337 San Joaquin Co.,,,,255-027-053,,,,,,,,10/07/24 To 10/20/24,2024-10-07,2024-10-20,False,UNSURE,,,,,,20.0,,76.0,1520.0,,,,32.6,76 Loads At 20 Ton Per Load,,R5-2007-0035_general_order,4820 E Perrin Rd Manteca 2024 Dairy AR,51,52,2,rancho_cordova,manure
Meirinho Holsteins INC,4890 Healy Rd Merced Merced 95341,,,Dores Ag Services INC,P.O. Box 65 Stevinson CA 95374,Lazy J Farms,4890 Healy Rd Merced CA 95341,,,Farmer,,0066-0180-0002-0000,Merced,,,,,,,10/23/2024,,2024-10-23,False,UNSURE,,,,,,,,,1830.0,,,92.2,,Number Of Loads Multiplied By Load Weight,,R5-2007-0035_software,4890 S Healy Rd Merced 2024 Dairy AR,158,159,1,rancho_cordova,manure
Meirinho Holsteins INC,4890 Healy Rd Merced Merced 95341,,,Dores Ag Services INC,P.O. Box 65 Stevinson CA 95374,Mcmaster Fields,3639 W Mcmaster Rd Merced CA 95340,,,Farmer,,0066-0140-0018-0000,Merced,,,,,,,10/22/2024,,2024-10-22,False,UNSURE,,,,,,,,,710.0,,,92.2,,Number Of Loads Multiplied By Load Weight,,R5-2007-0035_software,4890 S Healy Rd Merced 2024 Dairy AR,160,161,2,rancho_cordova,manure
Meirinho Holsteins INC,4890 Healy Rd Merced Merced 95341,,,Dores Ag Services INC,P.O. Box 65 Stevinson CA 95374,Larry & April Meirinho Farms,4137 W Healy Rd Merced CA 95340,4137 W Healy Rd Merced 95340,Merced,Farmer,,,,,,,,,,10/22/2024,,2024-10-22,False,UNSURE,,,,,,,,,400.0,,,92.2,,Number Of Loads Multiplied By Load Weight,,R5-2007-0035_software,4890 S Healy Rd Merced 2024 Dairy AR,162,163,3,rancho_cordova,manure
Meirinho Holsteins INC,4890 Healy Rd Merced Merced 95341,,,Dores Ag Services INC,P.O. Box 65 Stevinson CA 95374,S&S Trucking,4137 W Healy Rd Merced CA 95340,4137 W Healy Rd Mer 95340,Merced,Farmer,,,,,,,,,,10/22/2024,,2024-10-22,False,UNSURE,,,,,,,,,600.0,,,92.2,,Number Of Loads Multiplied By Load Weight,,R5-2007-0035_software,4890 S Healy Rd Merced 2024 Dairy AR,164,165,4,rancho_cordova,manure
Meirinho Holsteins INC,4890 Healy Rd Merced Merced 95341,,,Silva And Sons Custom Spreading,P.O. Box 1261 Hilmar CA 95324,Mcmaster Fields,3639 W Mcmaster Rd Merced CA 95340,,,Farmer,,0066-0140-0018-0000,Merced,,,,,,,10/03/2024,,2024-10-03,False,UNSURE,,,,,,,,,2020.0,,,92.2,,Number Of Loads Multiplied By Load Weight,,R5-2007-0035_software,4890 S Healy Rd Merced 2024 Dairy AR,166,167,5,rancho_cordova,manure
Meirinho Holsteins INC,4890 Healy Rd Merced Merced 95341,,,Larry Meirinho,4890 Healy Rd Merced CA 95341,Lazy J Farms,4890 Healy Rd Merced CA 95341,,,Farmer,,0066-0180-0002-0000,Merced,,,,,,,01/01/2024,,2024-01-01,False,UNSURE,,,,,8700000.0,,,,,,,,,,Pump Rate (GPM) Multiplied By Run Time,R5-2007-0035_software,4890 S Healy Rd Merced 2024 Dairy AR,168,169,6,rancho_cordova,wastewater
Meirinho Holsteins INC,4890 Healy Rd Merced Merced 95341,,,Larry Meirinho,4890 Healy Rd Merced CA 95341,Lazy J Farms,4890 Healy Rd Merced CA 95341,,,Farmer,,0066-0180-0002-0000,Merced,,,,,,,03/05/2024,,2024-03-05,False,UNSURE,,,,,8100000.0,,,,,,,,,,Pump Rate (GPM) Multiplied By Run Time,R5-2007-0035_software,4890 S Healy Rd Merced 2024 Dairy AR,170,171,7,rancho_cordova,wastewater
Meirinho Holsteins INC,4890 Healy Rd Merced Merced 95341,,,Larry Meirinho,4890 Healy Rd Merced CA 95341,Lazy J Farms,4890 Healy Rd Merced CA 95341,,,Farmer,,0066-0180-0002-0000,Merced,,,,,,,06/11/2024,,2024-06-11,False,UNSURE,,,,,9800000.0,,,,,,,,,,Pump Rate (GPM) Multiplied By Run Time,R5-2007-0035_software,4890 S Healy Rd Merced 2024 Dairy AR,172,173,8,rancho_cordova,wastewater
Meirinho Holsteins INC,4890 Healy Rd Merced Merced 95341,,,Larry Meirinho,4890 Healy Rd Merced CA 95341,Lazy J Farms,4890 Healy Rd Merced CA 95341,,,Farmer,,0066-0180-0002-0000,Merced,,,,,,,07/21/2024,,2024-07-21,False,UNSURE,,,,,9200000.0,,,,,,,,,,Pump Rate (GPM) Multiplied By Run Time,R5-2007-0035_software,4890 S Healy Rd Merced 2024 Dairy AR,174,175,9,rancho_cordova,wastewater
Hilltop Holsteins,4900 E Dodds Rd Escalon 95361,,,Caton Ag INC.,14303 Campbell Rd Escalon 95320,Caton,Caton,,,,,,,,,,,,,1/25/2024-2/27/2025,2024-01-25,2025-02-27,False,UNSURE,,,,,,12.0,,366.0,4392.0,,,,,366 Loaps × 12 Tons 4392,,R5-2007-0035_general_order,4900 E Dodds Rd Oakdale 2024 Dairy AR,80,81,1,rancho_cordova,manure
Hilltop Holesteins,4900 Dodds Rd. Oakdale CA 95361,,,Bruce Mellor INC.,18119 E. Avena Rd. Escalon CA 95320,Raul,Raul,Po Box 479 Linden CA 95236,,Other Hyponex,,,,,,,,,,1/1/2024-12/31/2024,2024-01-01,2024-12-31,False,UNSURE,,,,,,,,,15.0,,,,,,,R5-2007-0035_general_order,4900 E Dodds Rd Oakdale 2024 Dairy AR,82,83,2,rancho_cordova,manure
Alamo Farms,5000 Keyes Rd. Modesto 95358,,,,,Ja Machado Farming,8842 Moffett Rd Ceres 95307,,,,,017-061-020017-061-009017-062-029017-061-021017-061-004017-061-007,,,,,,,,1/15-1/24,2024-01-15,2024-01-24,False,UNSURE,,,,,509293.0,,,,,,,,,,Pd,R5-2007-0035_general_order,5000 W Keyes Rd Modesto 2024 Dairy AR,15,16,1,rancho_cordova,wastewater
Alamo Farms,5000 Keyes Rd. Modesto 95358,,,,,Ja Machado Farming,8842 Moffett Rd Ceres 95307,,,,,017-061-020017-061-009017-062-029017-061-021017-061-004017-061-007,,,,,,,,2/5-2/10,2024-02-05,2024-02-10,False,UNSURE,,,,,5700478.0,,,,,,,,,,Pd,R5-2007-0035_general_order,5000 W Keyes Rd Modesto 2024 Dairy AR,17,18,2,rancho_cordova,wastewater
Alamo Farms,5000 Keyes Rd. Modesto 95358,,,,,Ja Machado Farming,8842 Moffett Rd Ceres 95307,,,,,017-061-020017-061-009017-062-029017-061-021017-061-004017-061-007,,,,,,,,3/5-3/12,2024-03-05,2024-03-12,False,UNSURE,,,,,5670466.0,,,,,,,,,,Pd,R5-2007-0035_general_order,5000 W Keyes Rd Modesto 2024 Dairy AR,19,20,3,rancho_cordova,wastewater
Alamo Farms,5000 Keves Rd. Modesto 95358,,,,,Ja Machado Farming,8842 Moffett Rd Ceres 95307,,,,,017-061-020017-061-009017-062-029017-061-021017-061-004017-061-007,,,,,,,,6/16-6/30,2024-06-16,2024-06-30,False,UNSURE,,,,,4966016.0,,,,,,,,,,Pd,R5-2007-0035_general_order,5000 W Keyes Rd Modesto 2024 Dairy AR,21,22,4,rancho_cordova,wastewater
Alamo Farms,5000 Keyes Rd. Modesto 95358,,,,,Ja Machado Farming,8842 Moffett Rd Ceres 95307,,,,,017-061-020017-061-009017-062-029017-061-021017-061-004017-061-007,,,,,,,,7/8-7/11,2024-07-08,2024-07-11,False,UNSURE,,,,,2781941.0,,,,,,,,,,Pd,R5-2007-0035_general_order,5000 W Keyes Rd Modesto 2024 Dairy AR,23,24,5,rancho_cordova,wastewater
Alamo Farms,5000 Keyes Rd. Modesto 95358,,,,,Ja Machado Farming,8842 Moffett Rd Ceres 95307,,,,,017-061-020017-061-009017-062-029017-061-021017-061-004017-061-007,,,,,,,,7122-7127,2024-07-22,2024-07-27,False,UNSURE,,,,,5670466.0,,,,,,,,,,Pd,R5-2007-0035_general_order,5000 W Keyes Rd Modesto 2024 Dairy AR,25,26,6,rancho_cordova,wastewater
Alamo Farms,5000 Keves Rd. Modesto 95358,,,,,Ja Machado Farming,8842 Moffett Rd Ceres 95307,,,,,017-061-020017-061-009017-062-029017-061-021017-061-004017-061-007,,,,,,,,8/5-0/12,,2024-08-05,False,UNSURE,,,,,,,,,,,,,,,Pd,R5-2007-0035_general_order,5000 W Keyes Rd Modesto 2024 Dairy AR,27,28,7,rancho_cordova,unknown
Alamo Farms,5000 Keves Rd. Modesto 95358,,,;,,Ja Machado Farming,8842 Moffett Rd Ceres 95307,,,,,017-061-020017-061-009017-062-029017-061-021017-061-004017-061-007,,,,,,,,0/19-8/22,,2024-08-22,False,UNSURE,,,,,4982787.0,,,,,,,,,,Pd,R5-2007-0035_general_order,5000 W Keyes Rd Modesto 2024 Dairy AR,29,30,8,rancho_cordova,wastewater
Alamo Farms,5000 Keyes Rd. Modesto 95358,,,,,Ja Machado Farming,8842 Moffett Rd Ceres 95307,,,,,017-061-020017-061-009017-062-029017-061-021017-061-004017-061-007,,,,,,,,912-98,2024-01-01,2024-09-12,False,UNSURE,,,,,5689769.0,,,,,,,,,,Pd,R5-2007-0035_general_order,5000 W Keyes Rd Modesto 2024 Dairy AR,31,32,9,rancho_cordova,wastewater
Alamo Farms,5000 Keves Rd. Modesto 95358,,,;,,Ja Machado Farming,8842 Moffett Rd Ceres 95307,,,,,017-061-020017-061-009017-062-029017-061-021017-061-004017-061-007,,,,,,,,12/5-12/12,2024-12-05,2024-12-12,False,UNSURE,,,,,5539502.0,,,,,,,,,,Pd,R5-2007-0035_general_order,5000 W Keyes Rd Modesto 2024 Dairy AR,33,34,10,rancho_cordova,wastewater
Alamo Farms,5000 Keyes Rd. Modesto 95358,,,A Lagoon Management,2930 Geek Rd Tuklock 95300,Ja Machado Farming,8842 Moffett Rd Ceres 95307,,,,,,,,,,,,,10135-1114,,2024-01-14,False,True,,,,,4700000.0,,,,,,,,,,@10000 Gallons Per Load,R5-2007-0035_general_order,5000 W Keyes Rd Modesto 2024 Dairy AR,35,36,11,rancho_cordova,wastewater
Alamo Farms,5000 Keves Rd. Modesto 95358,,,Self Hauled,5000 Keyes Rd Modesto 95350,Ja Machado Farming,8842 Moffett Rd Ceres 95307,,,,,058-001-013-058-001-014-058-001-003,,,,,,,,4/2-5/5,2024-04-02,2024-05-05,False,UNSURE,,,,,,,,,,,,,,@12 Tons Per Load,,R5-2007-0035_general_order,5000 W Keyes Rd Modesto 2024 Dairy AR,37,38,12,rancho_cordova,unknown
Alamo Farms,5000 Keyes Rd. Modesto 95358,,,Self Hauled,5000 Keyes Rd Modesto 95358,Ja Machado Farming,8842 Moffett Rd Ceres 95307,,,,,058-001-013-058-001-014-058-001-003,,,,,,,,9/4-10/21,2024-09-04,2024-10-21,False,UNSURE,,,,,,,,,,,,,,@ 12 Tons Per Load,,R5-2007-0035_general_order,5000 W Keyes Rd Modesto 2024 Dairy AR,39,40,13,rancho_cordova,unknown
Ed Machado Dairy #2,5001 Shiloh Road Modesto CA 95358,,,Rivercrest Cattle,11708 E. Moncure Road Ripon CA 95366,B & M Farms,11708 E. Moncure Road Ripon CA 95366,1221 W. Lorenzen Road Tracy CA,,,,239-14-008,,,,,,,,8/2/24 To 10/010/2024,,2024-08-02,False,UNSURE,,,,,,25.0,,26.0,650.0,,,,15.8,26 Loads At 25 Ton Per Load,,R5-2007-0035_general_order,5001 Shiloh Rd Modesto 2024 Dairy AR,32,33,1,rancho_cordova,manure
Mhf Dairy,501 S. Story Rd. Turlock 95380,,,Machado Pipeline,,Silva Bros,224 S. Roselawn Rd. Turlock 95380,,,,,024-045-027,,,,,,,,3/24/24,,2024-03-24,True,False,,,,,535000.0,,,,,,,,,,Pump GPM X Run Time,R5-2007-0035_general_order,"501 S Story Rd, Turlock 2024 Dairy AR",28,29,1,rancho_cordova,wastewater
Dairy,501 S. Story Rd. Turlock 95380,,,Machado Pipeline,,Silva Bros,224 S. Roselawn Rd. Turlock 95380,,,,,024-045-027,,,,,,,,4/12/24,,2024-04-12,True,False,,,,,812000.0,,,,,,,,,,Pump GPM Run Time,R5-2007-0035_general_order,"501 S Story Rd, Turlock 2024 Dairy AR",30,31,2,rancho_cordova,wastewater
Maf Dairy,501 S. Story Rd. Turlock 95380,,,Machado Pipeline,,Silva Bros,224 S. Roselawn Rd. Turlock 95380,,,,,024-045-026,,,,,,,,4/24/24,,2024-04-24,True,False,,,,,585000.0,,,,,,,,,,Pump GPM Run Time,R5-2007-0035_general_order,"501 S Story Rd, Turlock 2024 Dairy AR",32,33,3,rancho_cordova,wastewater
Dairy,,,,Machado Pipeline,,Silva Bros,224 S. Roselawn Rd. Turlock 95380,,,,,024-009-033,,,,,,,,4/25/24,,2024-04-25,True,False,,,,,520000.0,,,,,,,,,,Pump GPM Run Time,R5-2007-0035_general_order,"501 S Story Rd, Turlock 2024 Dairy AR",34,35,4,rancho_cordova,wastewater
Maf Dairy,501 S. Story Rd. Turlock 95380,,,Machado Pipeline,,Silva Bros,224 S. Roselawn Rd. Turlock 95380,,,,,024-045-027,,,,,,,,7/25/24,,2024-07-25,True,False,,,,,690000.0,,,,,,,,,,Pump GPM Run Time,R5-2007-0035_general_order,"501 S Story Rd, Turlock 2024 Dairy AR",36,37,5,rancho_cordova,wastewater
Dairy,,,,Machado Pipeline,,Silva Bros,224 S. Roselawn Rd. Turlock 95380,,,,,024-045-027,,,,,,,,8/20/24,,2024-08-20,True,False,,,,,575000.0,,,,,,,,,,Pump GPM Run Time,R5-2007-0035_general_order,"501 S Story Rd, Turlock 2024 Dairy AR",38,39,6,rancho_cordova,wastewater
Dairy,501 S. Story Rd. Turlock 95380,,,Machado Pipeline,,Silva Bros,224 S. Roselawn Rd. Turlock 95380,,,,,024-045-026,,,,,,,,10/9/24,,2024-10-09,True,False,,,,,330550.0,,,,,,,,,,Pump GPM Run Time,R5-2007-0035_general_order,"501 S Story Rd, Turlock 2024 Dairy AR",40,41,7,rancho_cordova,wastewater
Dairy,501 S. Story Rd. Turlock 95380,,,Machado Pipeline,,Silva Bros,224 S. Roselawn Ro. Turlock 95380,,,,,024-004-033,,,,,,,,10/10/24,,2024-10-10,True,False,,,,,300000.0,,,,,,,,,,Pump GPM Run Time,R5-2007-0035_general_order,"501 S Story Rd, Turlock 2024 Dairy AR",42,43,8,rancho_cordova,wastewater
Dairy,501 S. Story Rd. Turlock 95380,,,Machado Pipeline,,Silva Bros,224 S. Roselawn Rd. Turlock 95380,,,,,024-045-027,,,,,,,,10/27/24,,2024-10-27,True,False,,,,,860000.0,,,,,,,,,,Pump GPM X Run Time,R5-2007-0035_general_order,"501 S Story Rd, Turlock 2024 Dairy AR",44,45,9,rancho_cordova,wastewater
Dairy,501 S. Story Rd. Turlock 95380,,,Alp Custom Spreading,2324 Villa Manucha Newman 95360,Jeff Lima,2324 Villa Manucha Newman 95360,2324 Villa Manucha Newman 95360,,,,,,,,,,,,12/2/24,,2024-12-02,False,UNSURE,,,,,,,,,,,,,,204 Loads @ Intins Per Load,,R5-2007-0035_general_order,"501 S Story Rd, Turlock 2024 Dairy AR",46,47,10,rancho_cordova,unknown
Double Diamond Dairy,505 E Washington Rd El Nido Merced 95317,,,Double Diamond Dairy,505 E Washington Rd El Nido CA 95317,Chamberlain Ranch,505 E Washington Rd El Nido CA 95317,505 E Washington Rd El Nido 95317,Merced,Farmer,,0074-0006-0028-0000,Merced,,,,,,,09/25/2024,,2024-09-25,False,UNSURE,,,,,,,,,1638.0,,,83.5,,Number Of Loads Multiplied By Load Weight.,,R5-2007-0035_software,505 E Washington Rd El Nido 2024 Dairy AR,377,378,1,rancho_cordova,manure
Double Diamond Dairy,505 E Washington Rd El Nido Merced 95317,,,Double Diamond Dairy,505 E Washington Rd El Nido CA 95317,Chamberlain Ranch,505 E Washington Rd El Nido CA 95317,505 E Washington Rd El Nido 95317,Merced,Farmer,,0074-0013-0029-0000,Merced,,,,,,,09/26/2024,,2024-09-26,False,UNSURE,,,,,,,,,492.0,,,83.5,,Number Of Loads Multiplied By Load Weight.,,R5-2007-0035_software,505 E Washington Rd El Nido 2024 Dairy AR,379,380,2,rancho_cordova,manure
Double Diamond Dairy,505 E Washington Rd El Nido Merced 95317,,,Double Diamond Dairy,505 E Washington Rd El Nido CA 95317,Chamberlain Ranch,505 E Washington Rd El Nido CA 95317,505 E Washington Rd El Nido 95317,Merced,Farmer,,0074-0007-0012-0000,Merced,,,,,,,10/13/2024,,2024-10-13,False,UNSURE,,,,,,,,,1758.0,,,83.5,,Number Of Loads Multiplied By Load Weight.,,R5-2007-0035_software,505 E Washington Rd El Nido 2024 Dairy AR,381,382,3,rancho_cordova,manure
Double Diamond Dairy,505 E Washington Rd El Nido Merced 95317,,,Double Diamond Dairy,505 E Washington Rd El Nido CA 95317,Dos Palos Ranch,505 E Washington Rd El Nido CA 95317,505 E Washington Rd El Nido 95317,Merced,Farmer,,0085-0005-0003-0000,Merced,,,,,,,10/01/2024,,2024-10-01,False,UNSURE,,,,,,,,,1554.0,,,83.5,,Number Of Loads Multiplied By Load Weight.,,R5-2007-0035_software,505 E Washington Rd El Nido 2024 Dairy AR,383,384,4,rancho_cordova,manure
Double Diamond Dairy,505 E Washington Rd El Nido Merced 95317,,,Double Diamond Dairy,505 E Washington Rd El Nido CA 95317,Dos Palos Ranch,505 E Washington Rd El Nido CA 95317,505 E Washington Rd El Nido 95317,Merced,Farmer,,0085-0038-0028-0000,Merced,,,,,,,10/07/2024,,2024-10-07,False,UNSURE,,,,,,,,,864.0,,,83.5,,Number Of Loads Multiplied By Load Weight.,,R5-2007-0035_software,505 E Washington Rd El Nido 2024 Dairy AR,385,386,5,rancho_cordova,manure
Double Diamond Dairy,505 E Washington Rd El Nido Merced 95317,,,Double Diamond Dairy,505 E Washington Rd El Nido CA 95317,Nyman Ei Nido Ranch,2025 Washington Rd El Nido CA 95317,2025 Washington Rd El Nido 95317,Merced,Farmer,,,,,,,,,,08/20/2024,,2024-08-20,False,UNSURE,,,,,10000000.0,,,,,,,,,,Water Volume Calculated Using Flowmeter.,R5-2007-0035_software,505 E Washington Rd El Nido 2024 Dairy AR,387,388,6,rancho_cordova,wastewater
Double Diamond Dairy,505 E Washington Rd El Nido Merced 95317,,,Double Diamond Dairy,505 E Washington Rd El Nido CA 95317,Nyman Ei Nido Ranch,2025 Washington Rd El Nido CA 95317,2025 Washington Rd El Nido 95317,Merced,Farmer,,,,,,,,,,08/20/2024,,2024-08-20,False,UNSURE,,,,,10000000.0,,,,,,,,,,Water Volume Calculated Using Flowmeter.,R5-2007-0035_software,505 E Washington Rd El Nido 2024 Dairy AR,389,390,7,rancho_cordova,wastewater
Double Diamond Dairy,505 E Washington Rd El Nido Merced 95317,,,Double Diamond Dairy,505 E Washington Rd El Nido CA 95317,Nyman Ei Nido Ranch,2025 Washington Rd El Nido CA 95317,2025 Washington Rd El Nido 95317,Merced,Farmer,,,,,,,,,,08/20/2024,,2024-08-20,False,UNSURE,,,,,10000000.0,,,,,,,,,,Water Volume Calculated Using Flowmeter.,R5-2007-0035_software,505 E Washington Rd El Nido 2024 Dairy AR,391,392,8,rancho_cordova,wastewater
Double Diamond Dairy,505 E Washington Rd El Nido Merced 95317,,,Double Diamond Dairy,505 E Washington Rd El Nido CA 95317,Nyman Ei Nido Ranch,2025 Washington Rd El Nido CA 95317,2025 Washington Rd El Nido 95317,Merced,Farmer,,,,,,,,,,08/20/2024,,2024-08-20,False,UNSURE,,,,,5881590.0,,,,,,,,,,Water Volume Calculated Using Flowmeter.,R5-2007-0035_software,505 E Washington Rd El Nido 2024 Dairy AR,393,394,9,rancho_cordova,wastewater
Bar Mac Dairy,5070 S Hunt Rd Gustine Merced 95322,,,Five Star Custom Spreading INC.,3410 S Hunt Rd Gustine CA 95322,Five Star Custom Spreading,3410 S Hunt Gustine CA 95322,3410 S Hunt Rd Gustine 95322,Merced,Composting Facility,,,,,,,,,,05/15/2024,,2024-05-15,False,UNSURE,,,,,,,,,2800.0,,,29.2,,Number Of Loads Multiplied By Load Weight,,R5-2007-0035_software,5070 S Hunt Rd Gustine 2024 Dairy AR,122,123,1,rancho_cordova,manure
Bar Mac Dairy,5070 S Hunt Rd Gustine Merced 95322,,,J&F Fertilizer,900 Meredith Ave Gustine CA 95322,J&F Fertilizer,900 Meredith Ave Gustine CA 95322,900 Meredith Gustine 95322,Merced,Composting Facility,,,,,,,,,,06/01/2024,,2024-06-01,False,UNSURE,,,,,,,,,5500.0,,,29.2,,Number Of Loads Multiplied By Load Weight,,R5-2007-0035_software,5070 S Hunt Rd Gustine 2024 Dairy AR,124,125,2,rancho_cordova,manure
Bar Mac Dairy,5070 S Hunt Rd Gustine Merced 95322,,,J&F Fertilizer,900 Meredith Ave Gustine CA 95322,J&F Fertilizer,900 Meredith Ave Gustine CA 95322,900 Meredith Gustine 95322,Merced,Composting Facility,,,,,,,,,,12/05/2024,,2024-12-05,False,UNSURE,,,,,,,,,7900.0,,,24.6,,Number Of Loads Multiplied By Load Weight,,R5-2007-0035_software,5070 S Hunt Rd Gustine 2024 Dairy AR,126,127,3,rancho_cordova,manure
Hath Dairy,508 W Roosevelt Rd El Nido Merced 95317,,,Stone Family Spreading,5175 Shaw Ave Winton CA 95388,Lewis Farms,95317,,,Farmer,,0074-0110-0007-0000,Merced,,,,,,,08/30/2024,,2024-08-30,False,UNSURE,,,,,,,,,600.0,,,94.1,,Number Of Loads Multiplied By Load Weight,,R5-2007-0035_software,508 W Roosevelt Rd El Nido 2024 Dairy AR,117,118,1,rancho_cordova,manure
Hath Dairy,508 W Roosevelt Rd El Nido Merced 95317,,,Silva And Sons Custom Spreading,P.O. Box 1261 Hilmar CA 95324,Fagundes Feed & Cattle,1021 W El Nido Rd El Nido CA 95317,1021 W El Nido Rd El Nido 95317,Merced,Farmer,,,,,,,,,,11/11/2024,,2024-11-11,False,UNSURE,,,,,,,,,1520.0,,,97.0,,Number Of Loads Multiplied By Load Weight,,R5-2007-0035_software,508 W Roosevelt Rd El Nido 2024 Dairy AR,119,120,2,rancho_cordova,manure
Antone L. Gomera Sons,515 F. Stuhr Road Newman CA 95360,,,A L P Custom Spreading INC,P.O.Box,John Azevedo,1337 Magnolia Ave Patterson CA 95363,Stuhr Road Newman CA 85340 Assessor's Parcel,,,,,,,,,,,,6/3/24,,2024-06-03,False,UNSURE,,,,,,,,,504.0,,,,,,,R5-2007-0035_general_order,519 E Stuhr Rd Newman 2024 Dairy AR,36,37,1,rancho_cordova,manure
Antone Leonard Gomes And Sons,515 E Stuhr Road Newman CA 95360,,,Al P Custom Spreading INC,P O Box 218 Newman CA 95360,Alp Custom Spreading INC.,2324 Villa Manucha Road Newman CA 95360,2324 Villa Manucha Road Newman CA 95360,,,,,,,,,,,,11/18/24,,2024-11-18,False,UNSURE,,,,,,12.0,,130.0,,,,,,130 Loads 12 Tons Each 1560 Total,,R5-2007-0035_general_order,519 E Stuhr Rd Newman 2024 Dairy AR,38,39,2,rancho_cordova,unknown
Art Silva Dairy,5201 Milnes Rd Modesto Stanislaus 95357,,,Dores Ag Services,22846 2Nd Ave Stevinson CA 95374,Dores Ag Services,22846 2Nd Ave Stevinson CA 95374,Stevinson 95374,2Nd Ave Merced,Broker,,,,,,,,,,06/05/2024,,2024-06-05,False,UNSURE,,,,,,,,,4654.0,,,29.0,,Tons X Loads,,R5-2007-0035_software,5201 Milnes Rd Modesto 2024 Dairy AR,34,35,1,,manure
Art Silva Dairy,5201 Milnes Rd Modesto Stanislaus 95357,,,Dores Ag Services,22846 2Nd Ave Stevinson CA 95374,Dores Ag Services,22846 2Nd Ave Stevinson CA 95374,Stevinson 95374,2Nd Ave Merced,Broker,,,,,,,,,,10/10/2024,,2024-10-10,False,UNSURE,,,,,,,,,3536.0,,,62.4,,Tons X Loads,,R5-2007-0035_software,5201 Milnes Rd Modesto 2024 Dairy AR,36,37,2,,manure
Art Silva Dairy,5201 Milnes Rd Modesto Stanislaus 95357,,,Dores Ag Services,22846 2Nd Ave Stevinson CA 95374,Art Silva Dairy #3,3130 Dewitt Rd Modesto CA 95357,Modesto 95357,Dewitt Rd Stanislaus,Farmer,,,,,,,,,,10/31/2024,,2024-10-31,False,UNSURE,,,,,,,,,320.0,,,29.0,,Tons Per Load,,R5-2007-0035_software,5201 Milnes Rd Modesto 2024 Dairy AR,38,39,3,,manure
Eugenio Azevedo Dairy #1,5217 Oak Avenue Merced Merced 95340,,,Cardoso Farm Services,8353 Rexford Drive Hilmar CA 95324,Cardoso Farm Services,8353 Rexford Dr Hilmar CA 95324,Hilmar 95324,Rexford And Geer Roads Merced,Broker,,,,,,,,,,09/19/2024,,2024-09-19,False,UNSURE,,,,,,,,,3200.0,,,70.4,,An Average Of Scale Weighed Trucks Multiplied By The Total Number Or Trucks Hauled.,,R5-2007-0035_software,5217 Oak Ave Merced 2024 Dairy AR,68,69,1,rancho_cordova,manure
Eugenio Azevedo Dairy #1,5217 Oak Avenue Merced Merced 95340,,,Cardoso Farm Services,8353 Rexford Drive Hilmar CA 95324,Cardoso Farm Services,8353 Rexford Dr Hilmar CA 95324,Hilmar 95324,Rexford And Geer Roads Merced,Broker,,,,,,,,,,07/03/2024,,2024-07-03,False,UNSURE,,,,,,,,,2600.0,,,87.0,,An Average Of Scale Weighed Trucks Multiplied By The Total Number Or Trucks Hauled.,,R5-2007-0035_software,5217 Oak Ave Merced 2024 Dairy AR,70,71,2,rancho_cordova,manure
Eugenio Azevedo Dairy #1,5217 Oak Avenue Merced Merced 95340,,,Cardoso Farm Services,8353 Rexford Drive Hilmar CA 95324,Cardoso Farm Services,8353 Rexford Dr Hilmar CA 95324,Hilmar 95324,Rexford And Geer Roads Merced,Broker,,,,,,,,,,05/30/2024,,2024-05-30,False,UNSURE,,,,,,,,,2250.0,,,76.8,,An Average Of Scale Weighed Trucks Multiplied By The Total Number Or Trucks Hauled.,,R5-2007-0035_software,5217 Oak Ave Merced 2024 Dairy AR,72,73,3,rancho_cordova,manure
Blue Star Dairy,5254 Blue Gum Avenue Modesto CA 95358,,,Avila Spreading Service,Po Box 580742 Modesto CA 95358,Wyeth Dairy,7319 Beckwith Road Modesto CA 95358,7319 Beckwith Road Modesto,,,,012-018-015,,,,,,,,6/3/2024,,2024-06-03,False,UNSURE,,,,,,10.0,,200.0,2000.0,,,,79.4,200 Loads At 10 Ton Per Load,,R5-2013-0122_general_order,5254 Blue Gum Ave Modesto 2024 Dairy AR,34,35,1,rancho_cordova,manure
Blue Star Dairy,5254 Blue Gum Avenue Modesto CA 95358,,,Avila Spreading Service,Po Box 580742 Modesto CA 95358,In-N-Out Ag Services,3642 Finney Road Modesto CA 95358,3642 Finney Road Modesto CA,,,,076-026-005,,,,,,,,5/23/2024,,2024-05-23,False,UNSURE,,,,,,10.0,,200.0,,,,,79.4,200 Loads At 10 Ton Per Load,,R5-2013-0122_general_order,5254 Blue Gum Ave Modesto 2024 Dairy AR,36,37,2,rancho_cordova,unknown
Blue Star Dairy,5254 Blue Gum Avenue Modesto CA 95358,,,Avila Spreading Service,Po Box 580742 Modesto CA 95358,"Forrest ""Woody"" Mouw",3507 Finney Road Modesto CA 95358,3507 Finney Road Modesto CA,,,,012-010-021,,,,,,,,5/27/2024,,2024-05-27,False,UNSURE,,,,,,10.0,,20.0,,,,,,20 Loads At 10 Ton Per Load,,R5-2013-0122_general_order,5254 Blue Gum Ave Modesto 2024 Dairy AR,38,39,3,rancho_cordova,unknown
Blue Star Dairy,5254 Blue Gum Avenue Modesto CA 95358,,,Avila Spreading Service,Po Box 580742 Modesto CA 95358,"Forrest ""Woody"" Mouw",3507 Finney Road Modesto CA 95358,8601 Kiernan Ave. Modesto CA,,,,003-001-017,,,,,,,,5/27/2024,,2024-05-27,False,UNSURE,,,,,,10.0,,20.0,,,,,,20 Loads At 10 Ton Per Load,,R5-2013-0122_general_order,5254 Blue Gum Ave Modesto 2024 Dairy AR,40,41,4,rancho_cordova,unknown
Blue Star Dairy,5254 Blue Gum Avenue Modesto CA 95358,,,Avila Spreading Service,Po Box 580742 Modesto CA 95358,Lyons Land Management,10555 Maze Blvd. Modesto CA 95358,3507 Beckwith Road Modesto CA 95358 076-032-012,,,,076-032-005,,,,,,,,6/1/2024,,2024-06-01,False,UNSURE,,,,,,10.0,,88.0,,,,,25.1,88 Loads At 10 Ton Per Load,,R5-2013-0122_general_order,5254 Blue Gum Ave Modesto 2024 Dairy AR,42,43,5,rancho_cordova,unknown
Blue Star Dairy,5254 Blue Gum Avenue Modesto CA 95358,,,Avila Spreading Service,Po Box 580742 Modesto CA 95358,Johnny Regusci,5425 Stoddard Rd. Modesto CA 95356,0000 Woodland Ave. Modesto CA,,,,081-031-002,,,,,,,,10/19/2024,,2024-10-19,False,UNSURE,,,,,,10.0,,78.0,,,,,,78 Loads At 10 Ton Per Load,,R5-2013-0122_general_order,5254 Blue Gum Ave Modesto 2024 Dairy AR,44,45,6,rancho_cordova,unknown
Blue Star Dairy,5254 Blue Gum Avenue Modesto CA 95358,,,Avila Spreading Service,Po Box 580742 Modesto CA 95358,Wyeth Dairy,7319 Beckwith Road Modesto CA 95358,7319 Beckwith Road Modesto,,,,012-018-015,,,,,,,,11/2/2024,,2024-11-02,False,UNSURE,,,,,,10.0,,100.0,1000.0,,,,79.8,100 Loads At 10 Ton Per Load,,R5-2013-0122_general_order,5254 Blue Gum Ave Modesto 2024 Dairy AR,46,47,7,rancho_cordova,manure
Blue Star Dairy,5254 Blue Gum Avenue Modesto CA 95358,,,Avila Spreading Service,Po Box 580742 Modesto CA 95358,Frank Gwerder,1007 S. Hart Road Modesto CA 95358,0000 California Ave. Modesto CA,,,,017-065-012,,,,,,,,11/14/2024,,2024-11-14,False,UNSURE,,,,,,10.0,,60.0,,,,,79.8,60 Loads At 10 Ton Per Load,,R5-2013-0122_general_order,5254 Blue Gum Ave Modesto 2024 Dairy AR,48,49,8,rancho_cordova,unknown
Blue Star Dairy,5254 Blue Gum Avenue Modesto CA 95358,,,Avila Spreading Service,Po Box 580742 Modesto CA 95358,Neil Joliff,7909 Kiernan Ave. Modesto CA 95358,7909 Kiernan Avenue Modesto CA,,,,003-011-006,,,,,,,,11/14/2024,,2024-11-14,False,UNSURE,,,,,,10.0,,60.0,600.0,,,,79.8,60 Loads At 10 Ton Per Load,,R5-2013-0122_general_order,5254 Blue Gum Ave Modesto 2024 Dairy AR,50,51,9,rancho_cordova,manure
Blue Star Dairy,5254 Blue Gum Avenue Modesto CA 95358,,,Avila Spreading Service,Po Box 580742 Modesto CA 95358,Modesto Jr. College Ag Department,4554 Beckwith Road Modesto CA 95358,4554 Beckwith Road Modesto CA,,,,005-030-004,,,,,,,,11/22/2024,,2024-11-22,False,UNSURE,,,,,,10.0,,50.0,,,,,79.8,50 Loads At 10 Ton Per Load,,R5-2013-0122_general_order,5254 Blue Gum Ave Modesto 2024 Dairy AR,52,53,10,rancho_cordova,unknown
Blue Star Dairy,5254 Blue Gum Avenue Modesto CA 95358,,,Avila Spreading Service,Po Box 580742 Modesto CA 95358,Arthur Bowman,7212 Covert Road Modesto CA 95358,5737 California Avenue Modesto CA,,,,012-055-011,,,,,,,,11/22/2024,,2024-11-22,False,UNSURE,,,,,,10.0,,76.0,,,,,,76 Loads At 10 Ton Per Load,,R5-2013-0122_general_order,5254 Blue Gum Ave Modesto 2024 Dairy AR,54,55,11,rancho_cordova,unknown
Blue Star Dairy,5254 Blue Gum Avenue Modesto CA 95358,,,Avila Spreading Service,Po Box 580742 Modesto CA 95358,Skittone Almond Sheller,3324 Carpenter Road Modesto CA 95358,3324 Carpenter Road Modesto CA,,,,056-059-007,,,,,,,,12/4/2024,,2024-12-04,False,UNSURE,,,,,,10.0,,60.0,,,,,,60 Loads At 10 Ton Per Load,,R5-2013-0122_general_order,5254 Blue Gum Ave Modesto 2024 Dairy AR,56,57,12,rancho_cordova,unknown
Blue Star Dairy,5254 Blue Gum Avenue Modesto CA 95358,,,Avila Spreading Service,Po Box 580742 Modesto CA 95358,Don Heiny,4518 Blue Gum Avenue Modesto CA 95358,4518 Blue Gum Avenue Modesto CA,,,,081-002-045,,,,,,,,11/13/2024,,2024-11-13,False,UNSURE,,,,,,10.0,,50.0,,,,,,50 Loads At 10 Ton Per Load,,R5-2013-0122_general_order,5254 Blue Gum Ave Modesto 2024 Dairy AR,58,59,13,rancho_cordova,unknown
Blue Star Dairy,5254 Blue Gum Avenue Modesto CA 95358,,,Blue Star Dairy (Via Pipelie),5254 Blue Gum Avenue Modesto CA 95358,Vermeulen Farms,5055 Blue Gum Avenue Modesto CA 95358,5055 Blue Gum Avenue Modesto CA 95358 012-030-050,,,,012-031-026,,,,,,,,10/26/2024,,2024-10-26,False,UNSURE,,,,,780000.0,,,,,,,,,10 Hours At 1300 GPM,,R5-2013-0122_general_order,5254 Blue Gum Ave Modesto 2024 Dairy AR,60,61,14,rancho_cordova,wastewater
Blue Star Dairy,5254 Blue Gum Avenue Modesto CA 95358,,,Blue Star Dairy (Via Pipelie),5254 Blue Gum Avenue Modesto CA 95358,Vermeulen Farms,5055 Blue Gum Avenue Modesto CA 95358,5055 Blue Gum Avenue Modesto CA 95358 012-030-050,,,,012-031-026,,,,,,,,10/30/2024,,2024-10-30,False,UNSURE,,,,,390000.0,,,,,,,,,5 Hours At 1300 GPM,,R5-2013-0122_general_order,5254 Blue Gum Ave Modesto 2024 Dairy AR,62,63,15,rancho_cordova,wastewater
Borba Dairy Farms,5297 Kelley Road Hilmar CA 95324,,,5-Star Custom Spreading,P.O. Box 488 Gustine CA 95322,Hills Ferry Ranch P.O. Box,922 Hilmar 95324,Apn Merced,,Farmer,,0049-0380-0004-0000,,,,,,,,10/30/24,,2024-10-30,False,UNSURE,,,,,,,,,2500.0,,,81.6,,Number Of Truckloads X Average Truck Weight,,R5-2007-0035_general_order,"5297 Kelley Rd, Hilmar 2024 Dairy AR",123,124,1,rancho_cordova,manure
Langworth Dairy,Langworth Rd. Oakdale 95361,,,Caton Ag INC.,14303 Campbell Rd. Escalon 95361,Same,Same,Same,,,,,,,,,,,,May 2024,,,False,UNSURE,,,,,,,,,3325.0,,,54.8,,Estimation Given By Hauler,,R5-2007-0035_general_order,5306 Langworth Rd Oakdale 2024 Dairy AR,22,23,1,rancho_cordova,manure
Homen Dairy Farms,5511 W Sandy Mush Rd Merced Merced 95341-8404,,,Kenneth R Stone Spreading Services,5175 Shaw Ave Winton CA 95388,Stones Family Spreading,5175 W Shaw Ave Winton CA 95388,5175 W Shaw Ave Winton 95388,Merced,Broker,,,,,,,,,,03/27/2024,,2024-03-27,False,UNSURE,,,,,,,,,4350.0,,,63.2,,Number Of Loads Multiplied By Load Weight.,,R5-2007-0035_software,5511 W Sandy Mush Rd Merced 2024 Dairy AR,152,153,1,rancho_cordova,manure
Homen Dairy Farms,5511 W Sandy Mush Rd Merced Merced 95341-8404,,,Kenneth R Stone Spreading Services,5175 Shaw Ave Winton CA 95388,Stones Family Spreading,5175 W Shaw Ave Winton CA 95388,5175 W Shaw Ave Winton 95388,Merced,Broker,,,,,,,,,,04/24/2024,,2024-04-24,False,UNSURE,,,,,,,,,5125.0,,,63.2,,Number Of Loads Multiplied By Load Weight.,,R5-2007-0035_software,5511 W Sandy Mush Rd Merced 2024 Dairy AR,154,155,2,rancho_cordova,manure
Homen Dairy Farms,5511 W Sandy Mush Rd Merced Merced 95341-8404,,,Kenneth R Stone Spreading Services,5175 Shaw Ave Winton CA 95388,Flynn Ranch,8522 W Sandy Mush Rd Merced CA 95341,8522 W Sandymush Rd Merced 95341,Merced,Farmer,,,,,,,,,,04/23/2024,,2024-04-23,False,UNSURE,,,,,,,,,2400.0,,,41.7,,Number Of Loads Multiplied By Load Weight.,,R5-2007-0035_software,5511 W Sandy Mush Rd Merced 2024 Dairy AR,156,157,3,rancho_cordova,manure
J-D Brasil Dairy,5600 Clayton Road Turlock CA 95380,,,J-D Brasil Dairy,5600 Clayton Road Turlock CA 95380,John Brasil Dairy #1,2613 S. Mitchell Road Turlock 95380,Stanislaus County,,Farmer,,0044-0020-0031-0000,,,,,,,,4/23/24,,2024-04-23,False,UNSURE,,,,,1026000.0,,,,,,,,,,Pump Run Time X Pump GPM,R5-2007-0035_general_order,"5600 Clayton Rd, Turlock 2024 Dairy AR",19,20,1,rancho_cordova,wastewater
J-D Brasil Dairy,5600 Clayton Road Turlock CA 95380,,,J-D Brasil Dairy,5600 Clayton Road Turlock CA 95380,John Brasil Dairy #1,2613 S. Mitchell Road Turlock 95380,Stanislaus County,,Farmer,,0044-0020-0031-0000,,,,,,,,9/2/24,,2024-09-02,False,UNSURE,,,,,1896000.0,,,,,,,,,,Pump Run Time X Pump GPM,R5-2007-0035_general_order,"5600 Clayton Rd, Turlock 2024 Dairy AR",21,22,2,rancho_cordova,wastewater
Wickstrom Jersey Farms,5638 Columbus Rd. Hilmar 95324,,,,,Lynette Rocha,21451 Riverside Rd. Hilmar 95324,,,,,0045-0034-0012-0000,,,,,,,,5/14/24,,2024-05-14,False,UNSURE,,,,,325000.0,,,,,,,,,,Fm,R5-2007-0035_general_order,"5638 Columbus Ave, Hilmar 2024 Dairy AR",105,106,1,rancho_cordova,wastewater
Wickstrom Jersey Farms,5638 Columbus Rd. Hilmar 95324,,,,,Lynette Rocha,21451 Riverside Rd. Hilmar 95324,,,,,0045-0034-0012-0000,,,,,,,,5/2U/24,,,False,UNSURE,,,,,400000.0,,,,,,,,,,Fm,R5-2007-0035_general_order,"5638 Columbus Ave, Hilmar 2024 Dairy AR",107,108,2,rancho_cordova,wastewater
Wickstrom Jersey Farms,5638 Columbus Rd. Hilmar 95324,,,,,Lynette Rocha,21451 Riverside Rd. Hilmar 95324,,,,,0045-0034-0012-0000,,,,,,,,6924,,,False,UNSURE,,,,,325000.0,,,,,,,,,,Fm,R5-2007-0035_general_order,"5638 Columbus Ave, Hilmar 2024 Dairy AR",109,110,3,rancho_cordova,wastewater
Wickstrom Jersey Farms,5638 Columbus Rd. Hilmar 95324,,,;,,Lynette Rocha,21451 Riverside Rd. Hilmar 95324,,,,,0045-0034-0012-0000,,,,,,,,6/21/24,,2024-06-21,False,UNSURE,,,,,350000.0,,,,,,,,,,Fm,R5-2007-0035_general_order,"5638 Columbus Ave, Hilmar 2024 Dairy AR",111,112,4,rancho_cordova,wastewater
Wickstrom Jersey Farms,5638 Columbus Rd. Hilmar 95324,,,,,Lynette Rocha,21451 Riverside Rd. Hilmar 95324,,,,,0045-0034-0012-0000,,,,,,,,6/30/24,,2024-06-30,False,UNSURE,,,,,400000.0,,,,,,,,,,Fm,R5-2007-0035_general_order,"5638 Columbus Ave, Hilmar 2024 Dairy AR",113,114,5,rancho_cordova,wastewater
Wickstrom Jersey Farms,5638 Columbus Rd. Hilmar 95324,,,,,Lynette Rocha,21451 Riverside Rd. Hilmar 95324,,,,,0045-0034-0012-0000,,,,,,,,10/24/74,,2024-10-24,False,UNSURE,,,,,350000.0,,,,,,,,,,Fm,R5-2007-0035_general_order,"5638 Columbus Ave, Hilmar 2024 Dairy AR",115,116,6,rancho_cordova,wastewater
Wickstrom Jersey Farms,5638 Columbus Rd. Hilmar 95324,,,,,Lynette Rocha,21451 Riverside Rd. Hilmar 95324,,,,,0045-0034-0012-0000,,,,,,,,12/5/24,,2024-12-05,False,UNSURE,,,,,450000.0,,,,,,,,,,Fm,R5-2007-0035_general_order,"5638 Columbus Ave, Hilmar 2024 Dairy AR",117,118,7,rancho_cordova,wastewater
Wickstrom Jersey Farms,5638 Columbus Rd. Hilmar 95324,,,,,Virgil Kronberg,20931 Riverside Rd. Hilmar 95324,,,,,045-0262-0001-0000,,,,,,,,4/12/24,,2024-04-12,False,UNSURE,,,,,1000000.0,,,,,,,,,,Fm,R5-2007-0035_general_order,"5638 Columbus Ave, Hilmar 2024 Dairy AR",119,120,8,rancho_cordova,wastewater
Wickstrom Jersey Farms,5638 Columbus Rd. Hilmar 95324,,,,,Virgil Kronberg,20931 Riverside Rd. Hilmar 95324,,,,,045-0262-0001-0000,,,,,,,,4/7/24,,2024-04-07,False,UNSURE,,,,,1100000.0,,,,,,,,,,Fm,R5-2007-0035_general_order,"5638 Columbus Ave, Hilmar 2024 Dairy AR",121,122,9,rancho_cordova,wastewater
Wickstrom Jersey Farms,5638 Columbus Rd. Hilmar 95324,,,,,Virgil Kronberg,20931 Riverside Rd. Hilmar 95324,,,,,045-0262-0001-0000,,,,,,,,U/20124,,,False,UNSURE,,,,,1000000.0,,,,,,,,,,Fm,R5-2007-0035_general_order,"5638 Columbus Ave, Hilmar 2024 Dairy AR",123,124,10,rancho_cordova,wastewater
Wickstrom Jersey Farms,5638 Columbus Rd. Hilmar 95324,,,,,Virgil Kronberg,20931 Riverside Rd. Hilmar 95324,,,,,045-0262-0001-0000,,,,,,,,6/30/24,,2024-06-30,False,UNSURE,,,,,900000.0,,,,,,,,,,Fm,R5-2007-0035_general_order,"5638 Columbus Ave, Hilmar 2024 Dairy AR",125,126,11,rancho_cordova,wastewater
Wickstrom Jersey Farms,5638 Columbus Rd. Hilmar 95324,,,,,Virgil Kronberg,20931 Riverside Rd. Hilmar 95324,,,,,045-0262-0001-0000,,,,,,,,7/9/24,,2024-07-09,False,UNSURE,,,,,950000.0,,,,,,,,,,Fm,R5-2007-0035_general_order,"5638 Columbus Ave, Hilmar 2024 Dairy AR",127,128,12,rancho_cordova,wastewater
Wickstrom Jersey Farms,5638 Columbus Rd. Hilmar 95324,,,,,Virgil Kronberg,20931 Riverside Rd. Hilmar 95324,,,,,045-0262-0001-0000,,,,,,,,10/15/24,,2024-10-15,False,UNSURE,,,,,1100000.0,,,,,,,,,,Fm,R5-2007-0035_general_order,"5638 Columbus Ave, Hilmar 2024 Dairy AR",129,130,13,rancho_cordova,wastewater
Wickstrom Jersey Farms,5638 Columbus Rd. Hilmar 95324,,,,,Brinderio & Danbom,5831 Tegner Rd. Hilmar 95324,,,,,0045-0025-0065-0000,,,,,,,,3/13/24,,2024-03-13,False,UNSURE,,,,,,,,,,,,,,,Fm,R5-2007-0035_general_order,"5638 Columbus Ave, Hilmar 2024 Dairy AR",131,132,14,rancho_cordova,unknown
Wickstrom Jersey Farms,5638 Columbus Rd. Hilmar 95324,,,,,Brinderio & Danbom,5831 Tegner Rd. Hilmar 95324,,,,,0045-0025-0065-0000,,,,,,,,4/20/24,,2024-04-20,False,UNSURE,,,,,600000.0,,,,,,,,,,Fm,R5-2007-0035_general_order,"5638 Columbus Ave, Hilmar 2024 Dairy AR",133,134,15,rancho_cordova,wastewater
Wickstrom Jersey Farms,5638 Columbus Rd. Hilmar 95324,,,,,Brinderio & Danbom,5831 Tegner Rd. Hilmar 95324,,,,,0045-0025-0065-0000,,,,,,,,7/2/24,,2024-07-02,False,UNSURE,,,,,1100000.0,,,,,,,,,,Fm,R5-2007-0035_general_order,"5638 Columbus Ave, Hilmar 2024 Dairy AR",135,136,16,rancho_cordova,wastewater
Wickstrom Jersey Farms,5638 Columbus Rd. Hilmar 95324,,,,,Sam Pierce,5240 Hultberg Rd Hilmar 95324,,,,,0045-0025-0031-0000,,,,,,,,2/29/24,,2024-02-29,False,UNSURE,,,,,900000.0,,,,,,,,,,Fm,R5-2007-0035_general_order,"5638 Columbus Ave, Hilmar 2024 Dairy AR",137,138,17,rancho_cordova,wastewater
Wickstrom Jersey Farms,5638 Columbus Rd. Hilmar 95324,,,,,Sam Pierce,5240 Hultberg Rd Hilmar 95324,,,,,0045-0025-0031-0000,,,,,,,,4/15/24,,2024-04-15,False,UNSURE,,,,,915000.0,,,,,,,,,,Fm,R5-2007-0035_general_order,"5638 Columbus Ave, Hilmar 2024 Dairy AR",139,140,18,rancho_cordova,wastewater
Wickstrom Jersey Farms,5638 Columbus Rd. Hilmar 95324,,,,,Sam Pierce,5240 Hultberg Rd Hilmar 95324,,,,,0045-0025-0031-0000,,,,,,,,5/26/24,,2024-05-26,False,UNSURE,,,,,50000.0,,,,,,,,,,Fm,R5-2007-0035_general_order,"5638 Columbus Ave, Hilmar 2024 Dairy AR",141,142,19,rancho_cordova,wastewater
Wickstrom Jersey Farms,5638 Columbus Rd. Hilmar 95324,,,,,Sam Pierce,5240 Hultberg Rd Hilmar 95324,,,,,0045-0025-0031-0000,,,,,,,,6/8/24,,2024-06-08,False,UNSURE,,,,,150000.0,,,,,,,,,,Fm,R5-2007-0035_general_order,"5638 Columbus Ave, Hilmar 2024 Dairy AR",143,144,20,rancho_cordova,wastewater
Wickstrom Jersey Farms,5638 Columbus Rd. Hilmar 95324,,,,,Sam Pierce,5240 Hultberg Rd Hilmar 95324,,,,,0045-0025-0031-0000,,,,,,,,6/21/24,,2024-06-21,False,UNSURE,,,,,90000.0,,,,,,,,,,Fm,R5-2007-0035_general_order,"5638 Columbus Ave, Hilmar 2024 Dairy AR",145,146,21,rancho_cordova,wastewater
Wickstrom Jersey Farms,5638 Columbus Rd. Hilmar 95324,,,,,Sam Pierce,5240 Hultberg Rd Hilmar 95324,,,,,0045-0025-0031-0000,,,,,,,,6/31/24,,,False,UNSURE,,,,,150000.0,,,,,,,,,,Fm,R5-2007-0035_general_order,"5638 Columbus Ave, Hilmar 2024 Dairy AR",147,148,22,rancho_cordova,wastewater
Wickstrom Jersey Farms,5638 Columbus Rd. Hilmar 95324,,,,,Sam Pierce,5240 Hultberg Rd Hilmar 95324,,,,,0045-0025-0031-0000,,,,,,,,10/20/24,,2024-10-20,False,UNSURE,,,,,900000.0,,,,,,,,,,Fm,R5-2007-0035_general_order,"5638 Columbus Ave, Hilmar 2024 Dairy AR",149,150,23,rancho_cordova,wastewater
Ehrlich Dairy,5725 Ehrlich Road Turlock CA 95380,,,Hinds Manure Spreading,19075 3Rd Ave Stevinson CA 95374,Hinds Compost,19075 3Rd Ave Stevinson 95374,19075 3Rd Ave Stevinson 95374,,Compost Facility,,,,,,,,,,5/11/2024,,2024-05-11,False,UNSURE,,,,,,,,,1800.0,,,81.2,,Number Of Truckloads X Average Truck Weight,,R5-2007-0035_general_order,"5725 Ehrlich Rd, Turlock 2024 Dairy AR",27,28,1,rancho_cordova,manure
Ehrlich Dairy,5725 Ehrlich Road Turlock CA 95380,,,Hinds Manure Spreading,19075 3Rd Ave Stevinson CA 95374,Hinds Compost,19075 3Rd Ave Stevinson 95374,19075 3Rd Ave Stevinson 95374,,Compost Facility,,,,,,,,,,10/15/2024,,2024-10-15,False,UNSURE,,,,,,,,,2000.0,,,74.1,,Number Of Truckloads X Average Truck Weight,,R5-2007-0035_general_order,"5725 Ehrlich Rd, Turlock 2024 Dairy AR",29,30,2,rancho_cordova,manure
Double B Dairy,5817 E Worden Ave Merced Merced 95340,,,Diamond J Farms,602 E Sandy Mush Rd Merced CA 95341,Ranch Road Farms,602 E Sandy Mush Rd Merced CA 95341,602 E Sandy Mush Rd M 95341,Merced,Farmer,,,,,,,,,,08/02/2024,,2024-08-02,False,True,,,,,3980500.0,,,,,,,,,,Number Of Loads Multiplied By Tank Volume,R5-2007-0035_software,5817 E Worden Ave Merced 2024 Dairy AR,109,110,1,rancho_cordova,wastewater
Double B Dairy,5817 E Worden Ave Merced Merced 95340,,,Kenneth R Stones Spreading Service,5175 W Shaw Ave Winton CA 95388,Kenneth R Stones Spreading Service,5175 W Shaw Ave Winton CA 95388,5175 W Shaw Ave Winton 95388,Merced,Farmer,,,,,,,,,,03/21/2024,,2024-03-21,False,UNSURE,,,,,,,,,602.0,,,52.9,,Number Of Loads Multiplied By Load Weight,,R5-2007-0035_software,5817 E Worden Ave Merced 2024 Dairy AR,111,112,2,rancho_cordova,manure
Double B Dairy,5817 E Worden Ave Merced Merced 95340,,,Kenneth R Stones Spreading Service,5175 W Shaw Ave Winton CA 95388,Kenneth R Stones Spreading Service,5175 W Shaw Ave Winton CA 95388,5175 W Shaw Ave Winton 95388,Merced,Farmer,,,,,,,,,,05/10/2024,,2024-05-10,False,UNSURE,,,,,,,,,1125.0,,,52.9,,Number Of Loads Multiplied By Load Weight,,R5-2007-0035_software,5817 E Worden Ave Merced 2024 Dairy AR,113,114,3,rancho_cordova,manure
Double B Dairy,5817 E Worden Ave Merced Merced 95340,,,Kenneth R Stones Spreading Service,5175 W Shaw Ave Winton CA 95388,Kenneth R Stones Spreading Service,5175 W Shaw Ave Winton CA 95388,5175 W Shaw Ave Winton 95388,Merced,Farmer,,,,,,,,,,08/20/2024,,2024-08-20,False,UNSURE,,,,,,,,,430.0,,,23.6,,Number Of Loads Multiplied By Load Weight,,R5-2007-0035_software,5817 E Worden Ave Merced 2024 Dairy AR,115,116,4,rancho_cordova,manure
Double B Dairy,5817 E Worden Ave Merced Merced 95340,,,Kenneth R Stones Spreading Service,5175 W Shaw Ave Winton CA 95388,Kenneth R Stones Spreading Service,5175 W Shaw Ave Winton CA 95388,5175 W Shaw Ave Winton 95388,Merced,Farmer,,,,,,,,,,10/18/2024,,2024-10-18,False,UNSURE,,,,,,,,,449.0,,,23.6,,Number Of Loads Multiplied By Load Weight,,R5-2007-0035_software,5817 E Worden Ave Merced 2024 Dairy AR,117,118,5,rancho_cordova,manure
Kooistra Dairy,5837 Hultberg Road Turlock CA 95380,,,Kooistra Dairy,5837 Hultberg Road Turlock CA 95380,Fernando Toste,9865 Tegner Road Hilmar 95324,Merced County,,Farmer,,0045-0013-0027-0000,,,,,,,,3/19/24 7/11/24 7/24/24 & 8/9/24,2024-03-19,2024-08-09,False,UNSURE,,,,,1650000.0,,,,,,,,,,Total Run Time X Pump Output GPM,R5-2007-0035_general_order,"5837 Hultberg RD, Turlock 2024 Dairy AR",33,34,1,rancho_cordova,wastewater
Kooistra Dairy,5837 Hultberg Road Turlock CA 95380,,,Kooistra Dairy,5837 Hultberg Road Turlock CA 95380,Elmiro Moitoso,5701 Hultberg Road Hilmar 95324,Stanislaus County,,Farmer,,0057-0017-0004-0000,,,,,,,,7/2/24 7/17/24 & 7/29/24,2024-07-02,2024-07-29,False,UNSURE,,,,,780000.0,,,,,,,,,,Total Run Time X Pump Output GPM,R5-2007-0035_general_order,"5837 Hultberg RD, Turlock 2024 Dairy AR",35,36,2,rancho_cordova,wastewater
Kooistra Dairy,5837 Hultberg Road Turlock CA 95380,,,Five Star Custom Spreading,P.O. Box 488 Gustine CA 95322,Five Star Custom Spreading P.O. Box,488 Gustine 95322,750 East Ave Gustine 95322,,Broker,,,,,,,,,,10/14/24,,2024-10-14,False,UNSURE,,,,,,,,,1500.0,,,57.1,,Number Of Truckloads X Average Truck Weight,,R5-2007-0035_general_order,"5837 Hultberg RD, Turlock 2024 Dairy AR",37,38,3,rancho_cordova,manure
Nelson Farms,5931 W Tudumne Rd Ceres 95307,,,Silva & Sons LLC,23616 Williams Ave Hilmar,Boyd's,8126 Faith Home Rd Ceres 95307,,,,,,,,,,,,,6.4.2024,,2024-06-04,False,UNSURE,,,,,,,,,300.0,,,,,Scales,,R5-2007-0035_general_order,5931 W Tuolumne Rd Ceres 2024 Dairy AR,45,46,1,rancho_cordova,manure
Nelson Farms,5931 W Tuolumne Rd Ceres 95307,,,Silva + Sons LLC,23616 Williams Ave Hilmar,Bill Jackson,8048 Faith Home Rd Ceres 95307,,,,,,,,,,,,,6-4-2024,,2024-06-04,False,UNSURE,,,,,,,,,300.0,,,,,Scales,,R5-2007-0035_general_order,5931 W Tuolumne Rd Ceres 2024 Dairy AR,47,48,2,rancho_cordova,manure
Nelson Farms,5931 W Tuolumne Rd Ceres 95307,,,Silva & Sons LLC,23616 Williams Ave Hilmar,Bill Jackson,8048 Faith Homme Rd. Ceres 95307,,,,,,,,,,,,,10.26.2024,,2024-10-26,False,UNSURE,,,,,,,,,,,,,,Scales,,R5-2007-0035_general_order,5931 W Tuolumne Rd Ceres 2024 Dairy AR,49,50,3,rancho_cordova,unknown
Nelson Farms.,5931 W Tuolumne Rd Ceres 95307,,,Silvat Sons LLC,23616 Williams Ave. Hilmar,Duarte-Acres,8413 Faith Home Rd Ceres 95307,,,,,,,,,,,,,10.26. 2024,,,False,UNSURE,,,,,,,,,230.0,,,,,Scales,,R5-2007-0035_general_order,5931 W Tuolumne Rd Ceres 2024 Dairy AR,51,52,4,rancho_cordova,manure
Nelson Farms,5931 W Tuolumne Rd Ceres 95307,,,Dwayne Nelson,5931 W Tuolumne Rd Cères,Bill Jackson,8048 Faith Home Rd Ceres 95307,,,,,,,,,,,,,5.4.2024,,2024-05-04,False,UNSURE,,,8.0,,480000.0,,,,,,,,,,8 Hours Of Liquid Manure @ 1000 Gallons Per Minute,R5-2007-0035_general_order,5931 W Tuolumne Rd Ceres 2024 Dairy AR,53,54,5,rancho_cordova,wastewater
Nelson Farms,5931 W Tuolumne Rd Ceres 95307,,,Dwayne Nelson,5931 W Tuolum Ne Rd Ceres,Bill Jackson,8048 Faith Home Rd Ceres 95307,,,,,0023-0005-0001-0000,,,,,,,,7.22.2024,,2024-07-22,False,UNSURE,,,8.0,,480000.0,,,,,,,,,,8 Hours Of Liquid Manure @ 1000 Gallons Per Minute,R5-2007-0035_general_order,5931 W Tuolumne Rd Ceres 2024 Dairy AR,55,56,6,rancho_cordova,wastewater
Nelson Farms,5931 W Tadumne Rd Ceres 95307,,,Dwayne Nelson,5931 W Tuolumne Bd Ceres 95307,Bill Jackson,8048 Faith Home Rd Ceres 95307,,,,,,,,,,,,,2.21.2024,,2024-02-21,False,UNSURE,,,8.0,,480000.0,,,,,,,,,,8 Hours Of Liquid Manure 1000 Gallons Per Minute,R5-2007-0035_general_order,5931 W Tuolumne Rd Ceres 2024 Dairy AR,57,58,7,rancho_cordova,wastewater
N & C Silveira Dairy,6025 Hultberg Road Turlock CA 95380,,,N & C Silveira Dairy,6025 Hultberg Road Turlock CA 95380,Carlos Ornales,5026 Christofferson Road Turlock 95380,5026 Christofferson Road Turlock 95380,,Farmer,,,,,,,,,,10/18/2024,,2024-10-18,False,UNSURE,,,,,360000.0,,,,,,,,,,Total Run Time X Pump Output GPM,R5-2007-0035_general_order,6025 Hultberg Rd Turlock 2024 Dairy AR,31,32,1,rancho_cordova,wastewater
N & C Silveira Dairy,6025 Hultberg Road Turlock CA 95380,,,Five Star Custom Spreading,P.O. Box 488 Gustine CA 95322,Five Star Custom Spreading P.O. Box,488 Gustine 95322,750 East Ave Gustine 95322,,Broker,,,,,,,,,,5/1/2024,,2024-05-01,False,UNSURE,,,,,,,,,1700.0,,,85.8,,Number Of Truckloads X Average Truck Weight,,R5-2007-0035_general_order,6025 Hultberg Rd Turlock 2024 Dairy AR,33,34,2,rancho_cordova,manure
N & C Silveira Dairy,6025 Hultberg Road Turlock CA 95380,,,Five Star Custom Spreading,P.O. Box 488 Gustine CA 95322,Five Star Custom Spreading P.O. Box,488 Gustine 95322,750 East Ave Gustine 95322,,Broker,,,,,,,,,,10/15/2024,,2024-10-15,False,UNSURE,,,,,,,,,2000.0,,,92.7,,Number Of Truckloads X Average Truck Weight,,R5-2007-0035_general_order,6025 Hultberg Rd Turlock 2024 Dairy AR,35,36,3,rancho_cordova,manure
N & C Silveira Dairy,6025 Hultberg Road Turlock CA 95380,,,N & C Silveira Dairy,6025 Hultberg Road Turlock CA 95380,B & D Dairy,9579 Hultberg Rd. Hilmar 95324,9579 Hultberg Rd Hilmar 95324,,Farmer,,,,,,,,,,1/8/24 3/6/24 3/27/24,2024-01-08,2024-03-27,False,UNSURE,,,,,717570.0,,,,,,,,,,Total Run Time X Pump Output GPM,R5-2007-0035_general_order,6025 Hultberg Rd Turlock 2024 Dairy AR,37,38,4,rancho_cordova,wastewater
N & C Silveira Dairy,6025 Hultberg Road Turlock CA 95380,,,N & C Silveira Dairy,6025 Hultberg Road Turlock CA 95380,B & D Dairy,9579 Hultberg Rd. Hilmar 95324,9579 Hultberg Rd Hilmar 95324,,Farmer,,,,,,,,,,6/22/24 6/30/24 7/10/24 7/20/24 10/15/24,2024-06-22,2024-10-15,False,UNSURE,,,,,1255060.0,,,,,,,,,,Total Run Time X Pump Output GPM,R5-2007-0035_general_order,6025 Hultberg Rd Turlock 2024 Dairy AR,39,40,5,rancho_cordova,wastewater
Martins Brothers Dairy,6041 Central Ave Hilmar Merced 95324,,,Dairy Central,6480 Mitchell Rd Hilmar CA 95324,B&B Farms,992 Hilmar CA 95324,Hilmar 95324,Central And Williams Merced,Farmer,,,,,,,,,,04/27/2024,,2024-04-27,False,UNSURE,,,,,8011753.0,,,,,,,,,,Flowmeter,R5-2007-0035_software,"6041 Central Ave, Hilmar 2024 Dairy AR",82,83,1,rancho_cordova,wastewater
Martins Brothers Dairy,6041 Central Ave Hilmar Merced 95324,,,Dores Ag Services INC.,P.O. Box 65 Stevinson CA 95374,Dores Ag Services INC.,65 Stevinson CA 95374,1 Turner Ave Stevinson 95324,Merced,Broker,,,,,,,,,,03/13/2024,,2024-03-13,False,UNSURE,,,,,,,,,1968.0,,,42.8,,Total Loads Hauled Multiplied By Average Load Weight.,,R5-2007-0035_software,"6041 Central Ave, Hilmar 2024 Dairy AR",84,85,2,rancho_cordova,manure
California Dairy Farms-Larson,6071 North Larson Road Hilmar CA 95324,,,Hinds Manure Spreading,19075 3Rd Ave Stevinson CA 95374,Hinds Compost,19075 3Rd Ave Stevinson 95374,19075 3Rd Ave Stevinson 95374,,Compost Facility,,,,,,,,,,12/20/24,,2024-12-20,False,UNSURE,,,,,,,,,960.0,,,68.0,,Number Of Truckloads X Average Truck Weight,,R5-2007-0035_general_order,"6071 Larson Ave, Hilmar 2024 Dairy AR",58,59,1,rancho_cordova,manure
California Dairy Farms-Larson,6071 North Larson Road Hilmar CA 95324,,,California Dairy Farms-Larson,6071 North Larson Road Hilmar CA 95324,Manuel Faria,20399 W. Williams Avenue Hilmar 95324,Apn X045-X230-X032-Xxxx & Merced County,,Farmer,,0045-0230-0061-0000,,,,,,,,2/22/24 5/27/24 7/27/24 10/14/24,2024-02-22,2024-10-14,False,UNSURE,,,,,1764000.0,,,,,,,,,,Pump Run Time X Total Hours,R5-2007-0035_general_order,"6071 Larson Ave, Hilmar 2024 Dairy AR",60,61,2,rancho_cordova,wastewater
California Dairy Farms-Larson,6071 North Larson Road Hilmar CA 95324,,,California Dairy Farms-Larson,6071 North Larson Road Hilmar CA 95324,Vierra Dairy Farms,23160 W. Williams Avenue Hilmar 95324,Apn Merced County,,Farmer,,0045-0230-0008-0000,,,,,,,,1/31/24 7/12/24,2024-01-31,2024-07-12,False,UNSURE,,,,,2016000.0,,,,,,,,,,Pump Run Time X Total Hours,R5-2007-0035_general_order,"6071 Larson Ave, Hilmar 2024 Dairy AR",62,63,3,rancho_cordova,wastewater
California Dairy Farms-Larson,6071 North Larson Road Hilmar CA 95324,,,,19075 3Rd Ave Stevinson CA 95374,Jd Van Ruler,5922 Lander Avenue Hilmar 95324,5922 Lander Avenue Hilmar 95324,,Farmer,,,,,,,,,,11/20/24,,2024-11-20,False,UNSURE,,,,,,,,,480.0,,,68.0,,,Pump Run Time X Total Hours,R5-2007-0035_general_order,"6071 Larson Ave, Hilmar 2024 Dairy AR",64,65,4,rancho_cordova,manure
Lorinda/Machado/Azevedo Farms,619 S. Vincent Road Turlock Stanislaus 95380,,,Ndj Farming,7306 East Avenue Turlock CA 95380,Ndj Farming,7306 East Avenue Turlock CA 95380,Turlock 95380,East Avenue & Verduga Avenue Stanislaus,Farmer,,,,,,,,,,05/01/2024,,2024-05-01,False,UNSURE,,,,,,,,,1339.0,,,74.5,,Averaged Scale Weighed Trucks Multiplied By The Number Of Trucks Hauled,,R5-2007-0035_software,"619 S Vincent Rd, Turlock 2024 Dairy AR",34,35,1,rancho_cordova,manure
Arlinda Holsteins,6325 W. Main St. Turlock 95380,,,Alp Custom Spreading,2324 Villa Manucha Newman 95360,Jeff Lima,2324 Villa Manucha Newman 95360,2324 Villa Manucha Rd. Newman 95360,,,,,,,,,,,,3/23/24,,2024-03-23,False,UNSURE,,,,,,10.0,,77.0,770.0,,,,,77 Loads @ 10 Tons Per Load,;,R5-2007-0035_general_order,"6325 West main St, Turlock 2024 Dairy AR",34,35,1,rancho_cordova,manure
Arlinda Holsteins,6325 W. Main St. Turlock 95380,,,Alp Custom Spreading,2324 Villa Manucha Newman 95360,Jeff Lima,2324 Villa Manucha Newman 95360,2324 Villa Manucha Rd. Newman 95360,,,,,,,,,,,,8/4/24,,2024-08-04,False,UNSURE,,,,,,10.0,,64.0,,,,,,64 Loads @ 10 Tons Per Load.,,R5-2007-0035_general_order,"6325 West main St, Turlock 2024 Dairy AR",36,37,2,rancho_cordova,unknown
J & J De Raadt Dairy,6460 Smith Road Oakdale CA 95361,,,Deniz Brothers,5230 Patterson Road Oakdale CA 95361,Deniz Brothers,5230 Patterson Road Oakdale CA 95361,5230 Patterson Road Oakdale CA,,,,062-025-026,,,,,,,,11/4/2024,,2024-11-04,False,UNSURE,,,,,,10.0,,80.0,800.0,,,,54.1,80 Loads At 10 Ton Per Load,,R5-2013-0122_general_order,6460 Smith Rd Oakdale 2024 Dairy AR,50,51,1,rancho_cordova,manure
Twin Star Dairy,6480 W Bailey Ave Atwater Merced 95301,,,Twin Star Dairy,P.O. Box 3089 Turlock CA 95381,Alpha Gipe,6885 Oak Ave Atwater CA 95301,Atwater 95301,Oak Ave Merced,Farmer,,,,,,,,,,04/30/2024,,2024-04-30,False,UNSURE,,,,,5783486.0,,,,,,,,,,Pond Drop Calculation Based On 5 Feet Drop In First Quarter,R5-2007-0035_software,6480 W Bailey Rd Atwater 2024 Dairy AR,13,14,1,rancho_cordova,wastewater
Twin Star Dairy,6480 W Bailey Ave Atwater Merced 95301,,,Twin Star Dairy,P.O. Box 3089 Turlock CA 95381,Alpha Gipe,6885 Oak Ave Atwater CA 95301,Atwater 95301,Oak Ave Merced,Farmer,,,,,,,,,,06/30/2024,,2024-06-30,False,UNSURE,,,,,7021541.0,,,,,,,,,,Pond Drop Calculations,R5-2007-0035_software,6480 W Bailey Rd Atwater 2024 Dairy AR,15,16,2,rancho_cordova,wastewater
Twin Star Dairy,6480 W Bailey Ave Atwater Merced 95301,,,Twin Star Dairy,P.O. Box 3089 Turlock CA 95381,Alpha Gipe,6885 Oak Ave Atwater CA 95301,Atwater 05301,Oak Ave Merced,Farmer,,,,,,,,,,09/30/2024,,2024-09-30,False,UNSURE,,,,,7021541.0,,,,,,,,,,Pond Drop Calculations,R5-2007-0035_software,6480 W Bailey Rd Atwater 2024 Dairy AR,17,18,3,rancho_cordova,wastewater
Twin Star Dairy,6480 W Bailey Ave Atwater Merced 95301,,,Twin Star Dairy,P.O. Box 3089 Turlock CA 95381,Alpha Gipe,6885 Oak Ave Atwater CA 95301,Atwater 95301,Oak Ave Merced,Farmer,,,,,,,,,,12/31/2024,,2024-12-31,False,UNSURE,,,,,4572630.0,,,,,,,,,,Pond Drop Calculations,R5-2007-0035_software,6480 W Bailey Rd Atwater 2024 Dairy AR,19,20,4,rancho_cordova,wastewater
Tony Morris Dairy,6506 Vivian Rd Modesto Stanislaus 95358,,,Tony Morris Dairy,P.O. Box 580596 Modesto CA 95358,Morris Jersey Girls,580596 Modesto CA 95358,,,Farmer,,0017-0043-0023-0000,Stanislaus,,,,,,,05/17/2024,,2024-05-17,False,UNSURE,,,,,,10.0,,44.0,440.0,,,77.8,,44 Loads @ 10 Tons Per Load.,,R5-2007-0035_software,6506 Vivian Rd Modesto 2024 Dairy AR,106,107,1,rancho_cordova,manure
Double & Dairy,6555 Blue Gum Avec. Modesto 95358,,,Avila Spreading Service,P.O.,Boer + Sons,6413 Shoemare Ave. Modesto 95358,,,,,012-027-022,,,,,,,,6/11/24,,2024-06-11,False,UNSURE,,,,,,10.0,,56.0,560.0,,,33.69,,56 Loads @ 10 Tons Per Load.,,R5-2007-0035_general_order,6555 Blue Gum Rd Modeso 2024 Dairy AR,42,43,1,rancho_cordova,manure
Double G Dairy,6555 Blue Gum Ave. Modesto 95358,,,Avila Spreading Service,P.O. Box 580742 Modesto 95358,John Regusci,5425 Stoddard Rd. Modesto 95356,,,,,003-001-005,,,,,,,,10/4/24,,2024-10-04,False,UNSURE,,,,,,10.0,,200.0,2000.0,,,32.0,,200 Loads @ 10 Tons Per Load.,,R5-2007-0035_general_order,6555 Blue Gum Rd Modeso 2024 Dairy AR,45,46,2,rancho_cordova,manure
Double G Dairy,6555 Blue Gum Ave. Modesto 95358,,,Avila Spreading Service,P.O. Box 580742 Modesto 95358,Woody Mouw,3509 Finney Rd. Modesto 45358,3509 Finney Rd. Modesto 95358,,,,,,,,,,,,10/5/24,,2024-10-05,False,UNSURE,,,,,,,,,420.0,,,,,42 Loads 10 Tons Per Load.,,R5-2007-0035_general_order,6555 Blue Gum Rd Modeso 2024 Dairy AR,48,49,3,rancho_cordova,manure
Double G Dairy,6555 Blue Gum Ave. Modesto 95358,,,Avila Spreading Service,P.O.,In+Out Services,3642 Finney Rd. Modesto 95358,3642 Finney Rd. Modesto 95358,,,,,,,,,,,,10/15/24,,2024-10-15,False,UNSURE,,,,,,,,,1600.0,,,32.0,,160 Loads 10 Tons Per Load,,R5-2007-0035_general_order,6555 Blue Gum Rd Modeso 2024 Dairy AR,51,52,4,rancho_cordova,manure
Double & Dairy,6555 Blue Gum Ave Modesto 95358,,,Avila Spreading Service,P.O. Box 580742 Modesto 95358,Johnny Regusci,5425 Stoddard Rd. Modesto 95356,5425 Stoddard Rd. Modesto 95356,,,,,,,,,,,,10/18/24,,2024-10-18,False,UNSURE,,,,,,10.0,,132.0,1320.0,,,32.0,,132 Loads @ 10 Tons Per Load.,,R5-2007-0035_general_order,6555 Blue Gum Rd Modeso 2024 Dairy AR,54,55,5,rancho_cordova,manure
Double & Dairy,6555 Blue Gum Ave. Modesto 95358,,,Frank Gwerder,825 S. Hart Rd. Modesto 95358,Wheeler-Sons,5301 Woodland Ave. Modesto 95358,,,,,012-034-023,,,,,,,,,,,False,UNSURE,,,10.0,1000.0,600000.0,,,,,,,,,,10 Hours @ 1000 GPM,R5-2007-0035_general_order,6555 Blue Gum Rd Modeso 2024 Dairy AR,57,58,6,rancho_cordova,wastewater
Double & Dairy,6555 Blue Gum Ave. Modesto 95358,,,Frank Gwerder,825 5 Hart Rd. Modesto 95358,Wheeler-Sons,5301 Woodland Ave. Modesto 95358,,,,,012-034-023,,,,,,,,9/2/24,,2024-09-02,False,UNSURE,,,10.0,1000.0,600000.0,,,,,,,,,Amount.,. 10 Hours @ 1000 GPM,R5-2007-0035_general_order,6555 Blue Gum Rd Modeso 2024 Dairy AR,59,60,7,rancho_cordova,wastewater
Double & Dairy,6555 Blue Gum Ave. Modesto 95358,,,Frank Gwerder,825 5. Hart Rd. Modesto 95358,Don King,6406 Shoemake Ave Modesto 95358,,,,,012-028-053,,,,,,,,10/24/24,,2024-10-24,False,True,,,,,570000.0,,,,,,,,,,60 Loads Of Surry Q 9500 Gallons Per Load.,R5-2007-0035_general_order,6555 Blue Gum Rd Modeso 2024 Dairy AR,61,62,8,rancho_cordova,wastewater
Diamond J Dairy LLC,6600 S Hwy 59 Merced Merced 95341,,,Stone Family Spreading,5175 W Shaw Ave Winton CA 95388,Ranch Road Farms,602 E Sandy Mush Rd Merced CA 95341,1 Ranch Rd Merced 95341,Merced,Farmer,,,,,,,,,,04/02/2024,,2024-04-02,False,UNSURE,,,,,,,,,75.0,,,21.7,,Average Load Weight Multiplied By Loads Hauled.,,R5-2007-0035_software,6600 S Hwy 59 Merced 2024 Dairy AR,45,46,1,rancho_cordova,manure
Diamond J Dairy LLC,6600 S Hwy 59 Merced Merced 95341,,,Stone Family Spreading,5175 W Shaw Ave Winton CA 95388,Stone Family Spreading,5175 W Shaw Ave Winton CA 95388,5175 W Shaw Ave Winton 95388,Merced,Broker,,,,,,,,,,07/08/2024,,2024-07-08,False,UNSURE,,,,,,,,,1494.0,,,21.7,,Average Load Weight Multiplied By Loads Hauled.,,R5-2007-0035_software,6600 S Hwy 59 Merced 2024 Dairy AR,47,48,2,rancho_cordova,manure
; Dewit Dairy,6610 E. Collier Road Acampo CA 95220,,,Warren Spreading,;27613 Sowles Road Galt CA 95632,Mark Beck,3217 W. Forest Lake Road Acampo CA 95220,3217 Forest Lake Road Acampo CA,,I,,003-190-07,,,,,,,,10/1/2024,,2024-10-01,False,UNSURE,,,,,,,,,,,,,32.7,,,R5-2007-0035_general_order,6610 E Collier Rd Acampo 2024 Dairy AR,102,102,1,rancho_cordova,unknown
Crane Villa,6624 Crane Road Oakdale CA 95361,,,Hinds Spreading,19075 Third Avenue Stevinson CA 95374,Hinds Spreading,19075 Third Avenue Stevinson CA 95374,19075 Third Avenue Stevinson CA 95374,,,,,,,,,,,,10/15/24 To 11/1/24,2024-10-15,2024-11-01,False,UNSURE,,,,,,20.0,,222.0,,,,,62.1,222 Loads At 20 Ton Per Load,,R5-2007-0035_general_order,6624 Crane Rd Oakdale 2024 Dairy AR,19,20,1,rancho_cordova,unknown
Crane Villa,6624 Crane Road Oakdale CA 95361,,,Vierra Bros. Liquid Spreading,6960 Crane Road Oakdale CA 95361,6-X Dairy #2,6960 Crane Road Oakdale CA 95361,6960 Crane Road Oakdale CA,,,,063-027-002,,,,,,,,5/17/2024,,2024-05-17,False,True,9500.0,40,,,380000.0,,,,,,,,,,40 Tanker Loads At 9500 Gallons Per Load,R5-2013-0122_general_order,6624 Crane Rd Oakdale 2024 Dairy AR,22,23,2,rancho_cordova,wastewater
Dairy Central,6626 N. Central Avenue Hilmar CA 95324,,,Five Star Custom Spreading,P.O. Box 488 Gustine CA 95322,Five Star Custom Spreading P.O. Box,488 Gustine 95322,750 East Ave Gustine 95322,,Broker,,,,,,,,,,5/16/2024,,2024-05-16,False,UNSURE,,,,,,,,,1500.0,,,87.19,,Number Of Truckloads X Average Truck Weight,,R5-2007-0035_general_order,6626 N Central Ave Hilmar 2024 Dairy AR,86,87,1,rancho_cordova,manure
Dairy Central,6626 N. Central Avenue Hilmar CA 95324,,,Five Star Custom Spreading,P.O. Box 488 Gustine CA 95322,Five Star Custom Spreading P.O. Box,488 Gustine 95322,750 East Ave Gustine 95322,,Broker,,,,,,,,,,10/9/2024,,2024-10-09,False,UNSURE,,,,,,,,,2800.0,,,92.97,,Number Of Truckloads X Average Truck Weight,,R5-2007-0035_general_order,6626 N Central Ave Hilmar 2024 Dairy AR,88,89,2,rancho_cordova,manure
Silvas Holsteins Dairy,6706 Elaine Rd Turlock Stanislaus 95380,,,Silvas Holsteins Pipeline,6706 Elaine Rd Turlock CA 95380,Bill Ottman,5631 Zeering Rd Ceres CA 95307,5631 Zeering Rd Ceres 95307,Stanislaus,Farmer,,,,,,,,,,04/02/2024,,2024-04-02,True,False,,,15.0,1800.0,1620000.0,,,,,,,,,,15 Hours Pumping At 1800Gpm,R5-2007-0035_software,"6706 Elaine RD, Turlock 2024 Dairy AR",74,75,1,rancho_cordova,wastewater
Silvas Holsteins Dairy,6706 Elaine Rd Turlock Stanislaus 95380,,,Silvas Holsteins Pipeline,6706 Elaine Rd Turlock CA 95380,Bill Ottman,5631 Zeering Rd Ceres CA 95307,5631 Zeering Rd Ceres 95307,Stanislaus,Farmer,,,,,,,,,,06/12/2024,,2024-06-12,True,False,,,15.0,1800.0,1620000.0,,,,,,,,,,15 Hours Pumping At 1800 GPM,R5-2007-0035_software,"6706 Elaine RD, Turlock 2024 Dairy AR",76,77,2,rancho_cordova,wastewater
Van Tol Dairy No. 2,6756 County Road 30 Orland Glenn 95963,,,Shadd Truckin,82W West Liberty Road Gridley CA 95948,Shadd Trucking,82 West Liberty Road Gridley CA 95948,82 West Liberty Road Gridle 95948,County,Composting Facility,,0001-0001-0001-0000,Butte,,,,,,,08/22/2024,,2024-08-22,False,UNSURE,,,,,,,,,685.0,,,89.3,,Amount Reported By Vantol Dairy.,,R5-2007-0035_software,6756 County Rd 30 Orland 2024 Dairy AR,34,35,1,rancho_cordova,manure
Van Tol Dairy No. 2,6756 County Road 30 Orland Glenn 95963,,,K&S Spreading & Hauling,24790 Clark Ave. Orland CA 95963,K & S Spreading & Haulin,24790 Clark Ave. Orland CA 95963,24790 Clark Ave. Orland 95948,Clark Ave. Tehama,I Composting Facility,,0001-0001-0001-0000,Tehama,,,,,,,09/24/2024,,2024-09-24,False,UNSURE,,,,,,,,,1368.0,,,89.3,,Amount Reported By K&S.,,R5-2007-0035_software,6756 County Rd 30 Orland 2024 Dairy AR,36,37,2,rancho_cordova,manure
Van Tol Dairy No. 2,6756 County Road 30 Orland Glenn 95963,,,K&S Spreading & Hauling,24790 Clark Ave. Orland CA 95963,K & S Spreading & Hauling,24790 Clark Ave. Orland CA 95963,24790 Clark Ave. Orland 95948,Clark Ave. Tehama,Composting Facility,,0001-0001-0001-0000,Tehama,,,,,,,11/12/2024,,2024-11-12,False,UNSURE,,,,,,,,,3970.0,,,89.3,,Amount Reported By K&S.,,R5-2007-0035_software,6756 County Rd 30 Orland 2024 Dairy AR,38,39,3,rancho_cordova,manure
Van Tol Dairy No. 2,6756 County Road 30 Orland Glenn 95963,,,K&S Spreading & Hauling,24790 Clark Ave. Orland CA 95963,K & S Spreading & Hauling,24790 Clark Ave. Orland CA 95963,24790 Clark Ave. Orland 95963,Clark Ave. Tehama,Composting Facility,,0001-0001-0001-0000,Tehama,,,,,,,05/03/2024,,2024-05-03,False,UNSURE,,,,,,,,,1470.0,,,65.9,,Amount Reported By K&S.,,R5-2007-0035_software,6756 County Rd 30 Orland 2024 Dairy AR,40,41,4,rancho_cordova,manure
; Van Toldairyno.200,6756 County Road 30 Orland Glenn 95963,,,K&S Spreading & Hauling,24790 Clark Ave. Orland CA 95963,K & S Spreading & Hauling,,24790 Clark Ave. Orland 95963,Clark Ave. Tehama,Composting Facility,,0001-0001-0001-0000,Tehama,,,,,,,05/03/2024,,2024-05-03,False,UNSURE,,,,,,,,,820.0,,,22.0,,Amount Reported By K&S.,,R5-2007-0035_software,6756 County Rd 30 Orland 2024 Dairy AR,42,43,5,rancho_cordova,manure
Van Tol Dairy No. 2,95963,,,K&S Spreading & Hauling,24790 Clark Ave. Orland CA 95963,,24790 Clark Ave. Orland CA 95963,24790 Clark Ave. Orland 95963,Clark Ave. Tehama,I Composting Facility,,0001-0001-0001-0001,Tehama,,,,,,,06/13/2024,,2024-06-13,False,UNSURE,,,,,,,,,1752.0,,,65.9,,Amount Reported By K&S.,,R5-2007-0035_software,6756 County Rd 30 Orland 2024 Dairy AR,44,45,6,rancho_cordova,manure
Larry Inderbitzen Dairy,6930 Paradise Rd. Modesto 95358,,,Inderbitzen Pipeline,,Bob Ott,3037 Bancroft Rd. Modesto 95358,,,,,017-027-074,,,,,,,,5/27/24,,2024-05-27,True,False,,,,,990352.0,,,,,,,,,,Flowmeter,R5-2007-0035_general_order,6930 Paradise Rd Modesto 2024 Dairy AR,73,74,1,rancho_cordova,wastewater
Larry Inderbitzen Dairy,6930 Paradise Rd. Modesto 95358,,,Inderbitzen Pipeline,,Bob Ott,3037 Bancroft Rd. Modesto 95358,,,,,017-027-074,,,,,,,,6/22/24,,2024-06-22,True,False,,,,,160759.0,,,,,,,,,,Flowmeter,R5-2007-0035_general_order,6930 Paradise Rd Modesto 2024 Dairy AR,75,76,2,rancho_cordova,wastewater
Larry Inderbitzen Dairy,6930 Paradise Rd. Modesto 95358,,,Inderbitzen Pipeline,,Bob Ott,3037 Bancroft Rd. Modesto 95358,,,,,017-027-074,,,,,,,,7/19/24,,2024-07-19,True,False,,,,,562989.0,,,,,,,,,,Flowmeter,R5-2007-0035_general_order,6930 Paradise Rd Modesto 2024 Dairy AR,77,78,3,rancho_cordova,wastewater
Larry Inderbitzen Dairy,6930 Paradise Rd. Modesto 95358,,,Inderbitzen Pipeline,,Bob Ott,3037 Bancroft Rd. Modesto 95358,,,,,017-027-074,,,,,,,,8/24/24,,2024-08-24,True,False,,,,,741204.0,,,,,,,,,,Flowmeter,R5-2007-0035_general_order,6930 Paradise Rd Modesto 2024 Dairy AR,79,80,4,rancho_cordova,wastewater
Ackerman Davy INC.,6934 Central Ave. Ceres 95307,,,J Fertilizer,900,,,,,,,,,,,,,,,10-12-24 10-13-24,2024-10-12,2024-10-13,False,UNSURE,,,,,,,,,350.0,,,,,Truck Scales Dry Manure,,R5-2007-0035_general_order,6942 S Central Ave Ceres 2024 Dairy AR,78,79,1,rancho_cordova,manure
Manuel Soares & Sons Dairy,7810 Vivian Rd Modesto CA 95358,,,Manuel Soares & Sons Dairy,7810 Vivian Rd Modesto CA 95358,Greg Nunes,6801 Carpenter Rd Modesto 95358,3136 W. Monte Vista Ave. Modesto 95358 Stanislaus County,,Farmer,,,,,,,,,,7/17/2024 & 8/20/2024,2024-07-17,2024-08-20,False,UNSURE,,,,,1400000.0,,,,,,,,,,Pump GPM X Total Run Time,R5-2007-0035_general_order,7018 Vivian Rd Modesto 2024 Dairy AR,25,26,1,rancho_cordova,wastewater
Double Cross,7025,,,,,Double Cross #4,6006 S. Central Ave Turlock CA 95380,,,,,0057-0009-0006,,,,,,,,1114-1/17,2024-01-14,2024-01-17,False,UNSURE,,,,,44000.0,,,,,,,,,,Po,R5-2007-0035_general_order,"7025 W. Central Ave, Turlock 2024 Dairy AR",26,27,1,rancho_cordova,wastewater
Double Cross,7025,,,,,Double Cross #4,6006 S. Central Ave Turlock CA 95380,,,,,0057-0009-0006,,,,,,,,. 2/20-2121,2024-02-20,2024-02-21,False,UNSURE,,,,,1404.0,,,,,,,,,,,R5-2007-0035_general_order,"7025 W. Central Ave, Turlock 2024 Dairy AR",28,29,2,rancho_cordova,wastewater
Double Cross,7025,,,,,Double Cross #4,6006 S. Central Ave Turlock CA 95380,,,,,0057-0009-0006,,,,,,,,3/19/24,,2024-03-19,False,UNSURE,,,,,744000.0,,,,,,,,,,Po,R5-2007-0035_general_order,"7025 W. Central Ave, Turlock 2024 Dairy AR",30,31,3,rancho_cordova,wastewater
Double Cross,7025,,,,,Double Cross #4,6006 S. Central Ave Turlock CA 95380,,,,,0057-0009-0006,,,,,,,,615-616,2024-06-15,2024-06-16,False,UNSURE,,,,,720.0,,,,,,,,,,Po,R5-2007-0035_general_order,"7025 W. Central Ave, Turlock 2024 Dairy AR",32,33,4,rancho_cordova,wastewater
Double Cross,7025,,,,,Double Cross #4,6006 S. Central Ave Turlock CA 95380,,,,,0057-0009-0006,,,,,,,,8/2-0/3,,2024-08-02,False,UNSURE,,,,,1272000.0,,,,,,,,,,Po,R5-2007-0035_general_order,"7025 W. Central Ave, Turlock 2024 Dairy AR",34,35,5,rancho_cordova,wastewater
Double Cross,7025,,,,,Double Cross #4,6006 S. Central Ave Turlock CA 95380,,,,,0057-0009-0006,,,,,,,,0/15-8/16,,2024-08-16,False,UNSURE,,,,,748.0,,,,,,,,,,Po,R5-2007-0035_general_order,"7025 W. Central Ave, Turlock 2024 Dairy AR",36,37,6,rancho_cordova,wastewater
Double Cross,7025,,,,,Double Cross #4,6006 S. Central Ave Turlock CA 95380,,,,,0057-0009-0006,,,,,,,,-9110-9111,2024-09-10,2024-09-11,False,UNSURE,,,,,12490000.0,,,,,,,,,,Po,R5-2007-0035_general_order,"7025 W. Central Ave, Turlock 2024 Dairy AR",38,39,7,rancho_cordova,wastewater
Double Cross,7025,,,,,Double Cross #4,6006 S. Central Ave Turlock CA 95380,,,,,0057-0009-0006,,,,,,,,9/19-9/20,2024-09-19,2024-09-20,False,UNSURE,,,,,424000.0,,,,,,,,,,Po,R5-2007-0035_general_order,"7025 W. Central Ave, Turlock 2024 Dairy AR",40,41,8,rancho_cordova,wastewater
Goedhart Dairy,7084 County Road 31 Orland Glenn 95963,,,,7084 County Road 31 Orland CA 95963,Goedhart Farming-Road,45 Willows CA 95988,County Road 45 Willows 95963,Glenn,Farmer,,0001-0001-0001-0001,Glenn,,,,,,,09/17/2024,,2024-09-17,False,UNSURE,,,,,,,,,1386.0,,,37.0,,Amount Reported By Goedhart Dairy.,,R5-2007-0035_software,7084 County Rd 31 Orland 2024 Dairy AR,57,58,1,rancho_cordova,manure
Lumar Dairy Farms,7215 S. Prairie Flower Rd. Turlock 95380,,,Lumar Pipeline,,Mickey Blount,5530 Ehrlich Rd. Turlock 95380,,,,,057-013-005,,,,,,,,4/4/24,,2024-04-04,True,False,,,,,720000.0,,,,,,,,,,Pump GPM X Run Time,R5-2007-0035_general_order,7215 S Prairie Flower Rd Turlock 2024 Dairy AR,93,94,1,rancho_cordova,wastewater
Lumar Dairy Farms,7215 S. Prairie Flower Rd. Turlock 95380,,,Lumar Pipeline,,Mickey Blount,5530 Ehrlich Rd. Turlock 95380,,,,,057-013-005,,,,,,,,5/9/24,,2024-05-09,True,False,,,,,1380000.0,,,,,,,,,Amount.,Pump GPM X Run Time,R5-2007-0035_general_order,7215 S Prairie Flower Rd Turlock 2024 Dairy AR,95,96,2,rancho_cordova,wastewater
Lumar Dairy Farms,7215 S. Prairie Flower Rd. Turlock 95380,,,Lumar Pipeline,,Mickey Blount,5530 Ehrlich Rd. Turlock 95380,,,,,057-013-005,,,,,,,,6/13/24,,2024-06-13,True,False,,,,,1260000.0,,,,,,,,,,Pump GPM X Run Time,R5-2007-0035_general_order,7215 S Prairie Flower Rd Turlock 2024 Dairy AR,97,98,3,rancho_cordova,wastewater
Lumar Dairy Farms,7215 S. Prairie Flower Rd. Turlock 95380,,,Lumar Pipeline,,Mickey Blount,5530 Ehrlich Rd. Turlock 95380,,,,,057-013-005,,,,,,,,6/22/24,,2024-06-22,True,False,,,,,780000.0,,,,,,,,,,Pump GPM X Run Time,R5-2007-0035_general_order,7215 S Prairie Flower Rd Turlock 2024 Dairy AR,99,100,4,rancho_cordova,wastewater
Lumar Dairy Farms,7215 S. Prairie Flower Rd. Turlock 95380,,,Lumar Pipeline,,Mickey Blount,5530 Ehrlich Rd. Turlock 95380,,,,,057-013-005,,,,,,,,7/2/24,,2024-07-02,True,False,,,,,780000.0,,,,,,,,,,Pump GPM X Run Time,R5-2007-0035_general_order,7215 S Prairie Flower Rd Turlock 2024 Dairy AR,101,102,5,rancho_cordova,wastewater
Lumar Dairy Farms,7215 S. Prairie Flower Rd. Turlock 95380,,,Lumar Pipeline,,Mickey Blount,5530 Ehrlich Rd. Turlock 95380,,,,,057-013-005,,,,,,,,7/22/24,,2024-07-22,True,False,,,,,720000.0,,,,,,,,,,Pump GPM X Run Time,R5-2007-0035_general_order,7215 S Prairie Flower Rd Turlock 2024 Dairy AR,103,104,6,rancho_cordova,wastewater
Lumar Dairy Farms,7215 S. Prairie Flower Rd. Turlock 95380,,,Lumar Pipeline,,Mickey Blount,5530 Ehrlich Rd. Turlock 95380,,,,,057-013-005,,,,,,,,8/13/24,,2024-08-13,True,False,,,,,900000.0,,,,,,,,,,Pump GPM X Run Time,R5-2007-0035_general_order,7215 S Prairie Flower Rd Turlock 2024 Dairy AR,105,106,7,rancho_cordova,wastewater
Lumar Dairy Farms,7215 S. Prairie Flower Rd. Turlock 95380,,,Lumar Pipeline,,Mickey Blount,5530 Ehrlich Rd. Turlock 95380,,,,,057-013-005,,,,,,,,8/28/24,,2024-08-28,True,False,,,,,960000.0,,,,,,,,,,Pump GPM X Run Time,R5-2007-0035_general_order,7215 S Prairie Flower Rd Turlock 2024 Dairy AR,107,108,8,rancho_cordova,wastewater
Lumar Dairy Farms,7215 S. Prairie Flower Rd. Turlock 95380,,,Lumar Pipeline,,Mickey Blount,5530 Ehrlich Rd. Turlock 95380,,,,,057-013-005,,,,,,,,10/1/24,,2024-10-01,True,False,,,,,1320000.0,,,,,,,,,,Pump GPM X Run Time,R5-2007-0035_general_order,7215 S Prairie Flower Rd Turlock 2024 Dairy AR,109,110,9,rancho_cordova,wastewater
Pinnacle Dairy,724 Ruble Rd. Crowslanding CA 95313,,,Dokps Ag Services,,Joe Mendes,300 Ruble Rd. Crowslanding CA 95313,,,,,058-022-022,,,,,,,,9/3/24,,2024-09-03,False,UNSURE,,,,,,,,,12.0,,,741.0,,@12 Tons Per Load,,R5-2007-0035_general_order,724 Ruble Rd Crows Landing 2024 Dairy AR,47,48,1,rancho_cordova,manure
Pinnacle Dairy,724 Ruble Rd. Crowslanding CA 95313,,,,,Brouhard Farms,624 Ruble Rd. Crowslanding CA 95313,,,,,058-005-016,,,,,,,,1/2-119,2024-01-02,2024-01-19,False,UNSURE,,,,,900000.0,,,,,,,,,,Po,R5-2007-0035_general_order,724 Ruble Rd Crows Landing 2024 Dairy AR,49,50,2,rancho_cordova,wastewater
Pinnacle Dairy,724 Ruble Rd. Crowslanding CA 95313,,,,,Brouhard Farms,624 Ruble Rd. Crowslanding CA 95313,,,,,058-005-016,,,,,,,,212-219,2024-02-12,2024-02-19,False,UNSURE,,,,,400000.0,,,,,,,,,,Po,R5-2007-0035_general_order,724 Ruble Rd Crows Landing 2024 Dairy AR,51,52,3,rancho_cordova,wastewater
Pinnacle Dairy,724 Ruble Rd. Crowslanding CA 95313,,,,,Brouhard Farms,624 Ruble Rd. Crowslanding CA 95313,,,,,058-005-016,,,,,,,,4/12-4/15,2024-04-12,2024-04-15,False,UNSURE,,,,,600000.0,,,,,,,,,,Po,R5-2007-0035_general_order,724 Ruble Rd Crows Landing 2024 Dairy AR,53,54,4,rancho_cordova,wastewater
Pinnacle Dairy,724 Ruble Rd. Crowslanding CA 95313,,,,,Brouhard Farms,624 Ruble Rd. Crowslanding CA 95313,,,,,058-005-016,,,,,,,,5/7/24,,2024-05-07,False,UNSURE,,,,,120000.0,,,,,,,,,,Po,R5-2007-0035_general_order,724 Ruble Rd Crows Landing 2024 Dairy AR,55,56,5,rancho_cordova,wastewater
Pinnacle Dairy,724 Ruble Rd. Crowslanding CA 95313,,,,,Brouhard Farms,624 Ruble Rd. Crowslanding CA 95313,,,,,058-005-016,,,,,,,,6/13/24,,2024-06-13,False,UNSURE,,,,,120000.0,,,,,,,,,,Po,R5-2007-0035_general_order,724 Ruble Rd Crows Landing 2024 Dairy AR,57,58,6,rancho_cordova,wastewater
Pinnacle Dairy,724 Ruble Rd. Crowslanding CA 95313,,,,,Brouhard Farms,624 Ruble Rd. Crowslanding CA 95313,,,,,058-005-016,,,,,,,,6/27/24,,2024-06-27,False,UNSURE,,,,,120000.0,,,,,,,,,,,R5-2007-0035_general_order,724 Ruble Rd Crows Landing 2024 Dairy AR,59,60,7,rancho_cordova,wastewater
Pinnacle Dairy,724 Ruble Rd. Crowslanding CA 95313,,,,,Brouhard Farms,624 Ruble Rd. Crowslanding CA 95313,,,,,058-005-016,,,,,,,,7/10/24,,2024-07-10,False,UNSURE,,,,,120000.0,,,,,,,,,,Po,R5-2007-0035_general_order,724 Ruble Rd Crows Landing 2024 Dairy AR,61,62,8,rancho_cordova,wastewater
Pinnacle Dairy,724 Ruble Rd. Crowslanding CA 95313,,,,,Brouhard Farms,624 Ruble Rd. Crowslanding CA 95313,,,,,058-005-016,,,,,,,,7/24/24,,2024-07-24,False,UNSURE,,,,,120000.0,,,,,,,,,,Po,R5-2007-0035_general_order,724 Ruble Rd Crows Landing 2024 Dairy AR,63,64,9,rancho_cordova,wastewater
Pinnacle Dairy,724 Ruble Rd. Crowslanding CA 95313,,,,,Brouhard Farms,624 Ruble Rd. Crowslanding CA 95313,,,,,058-005-016,,,,,,,,8/1/24,,2024-08-01,False,UNSURE,,,,,120000.0,,,,,,,,,,Po,R5-2007-0035_general_order,724 Ruble Rd Crows Landing 2024 Dairy AR,65,66,10,rancho_cordova,wastewater
Pinnacle Dairy,724 Ruble Rd. Crowslanding CA 95313,,,,,Brouhard Farms,624 Ruble Rd. Crowslanding CA 95313,,,,,058-005-016,,,,,,,,8/14/24,,2024-08-14,False,UNSURE,,,,,120000.0,,,,,,,,,,Po,R5-2007-0035_general_order,724 Ruble Rd Crows Landing 2024 Dairy AR,67,68,11,rancho_cordova,wastewater
Pinnacle Dairy,724 Ruble Rd. Crowslanding CA 95313,,,,,Brouhard Farms,624 Ruble Rd. Crowslanding CA 95313,,,,,058-005-016,,,,,,,,0/22/24,,,False,UNSURE,,,,,120000.0,,,,,,,,,,Po,R5-2007-0035_general_order,724 Ruble Rd Crows Landing 2024 Dairy AR,69,70,12,rancho_cordova,wastewater
Pinnacle Dairy,724 Ruble Rd. Crowslanding CA 95313,,,,,Brouhard Farms,624 Ruble Rd. Crowslanding CA 95313,,,,,058-005-016,,,,,,,,10/12/24,,2024-10-12,False,UNSURE,,,,,300000.0,,,,,,,,,,Po,R5-2007-0035_general_order,724 Ruble Rd Crows Landing 2024 Dairy AR,71,72,13,rancho_cordova,wastewater
Pinnacle Dairy,724 Ruble Rd. Crowslanding CA 95313,,,,,Brouhard Farms,624 Ruble Rd. Crowslanding CA 95313,,,,,058-005-016,,,,,,,,12/5/24,,2024-12-05,False,UNSURE,,,,,240000.0,,,,,,,,,,Po,R5-2007-0035_general_order,724 Ruble Rd Crows Landing 2024 Dairy AR,73,74,14,rancho_cordova,wastewater
Pinnacle Dairy,724 Ruble Rd. Crowslanding CA 95313,,,,,Joe Mendes,300 Ruble Rd. Crowslanding CA 95313,,,,,058-005-006,,,,,,,,2/9/24,,2024-02-09,False,UNSURE,,,,,240000.0,,,,,,,,,,Po,R5-2007-0035_general_order,724 Ruble Rd Crows Landing 2024 Dairy AR,75,76,15,rancho_cordova,wastewater
Pinnacle Dairy,724 Ruble Rd. Crowslanding CA 95313,,,,,Joe Mendes,300 Ruble Rd. Crowslanding CA 95313,,,,,058-005-006,,,,,,,,4/18-4/19,2024-04-18,2024-04-19,False,UNSURE,,,,,100.0,,,,,,,,,,Po,R5-2007-0035_general_order,724 Ruble Rd Crows Landing 2024 Dairy AR,77,78,16,rancho_cordova,wastewater
Pinnacle Dairy,724 Ruble Rd. Crowslanding CA 95313,,,,,Joe Mendes,300 Ruble Rd. Crowslanding CA 95313,,,,,058-005-006,,,,,,,,5/3-514,2024-05-03,2024-05-14,False,UNSURE,,,,,340000.0,,,,,,,,,,Po,R5-2007-0035_general_order,724 Ruble Rd Crows Landing 2024 Dairy AR,79,80,17,rancho_cordova,wastewater
Pinnacle Dairy,724 Ruble Rd. Crowslanding CA 95313,,,,,Joe Mendes,300 Ruble Rd. Crowslanding CA 95313,,,,,058-005-006,,,,,,,,6/13/24,,2024-06-13,False,UNSURE,,,,,240000.0,,,,,,,,,,Po,R5-2007-0035_general_order,724 Ruble Rd Crows Landing 2024 Dairy AR,81,82,18,rancho_cordova,wastewater
Pinnacle Dairy,724 Ruble Rd. Crowslanding CA 95313,,,,,Joe Mendes,300 Ruble Rd. Crowslanding CA 95313,,,,,058-005-006,,,,,,,,6/27/24,,2024-06-27,False,UNSURE,,,,,240000.0,,,,,,,,,,Po,R5-2007-0035_general_order,724 Ruble Rd Crows Landing 2024 Dairy AR,83,84,19,rancho_cordova,wastewater
Pinnacle Dairy,724 Ruble Rd. Crowslanding CA 95313,,,,,Joe Mendes,300 Ruble Rd. Crowslanding CA 95313,,,,,058-005-006,,,,,,,,7/9/24,,2024-07-09,False,UNSURE,,,,,240000.0,,,,,,,,,,Po,R5-2007-0035_general_order,724 Ruble Rd Crows Landing 2024 Dairy AR,85,86,20,rancho_cordova,wastewater
Pinnacle Dairy,724 Ruble Rd. Crowslanding CA 95313,,,,,Joe Mendes,300 Ruble Rd. Crowslanding CA 95313,,,,,058-005-006,,,,,,,,7/23/24,,2024-07-23,False,UNSURE,,,,,100000.0,,,,,,,,,,Po,R5-2007-0035_general_order,724 Ruble Rd Crows Landing 2024 Dairy AR,87,88,21,rancho_cordova,wastewater
Pinnacle Dairy,724 Ruble Rd. Crowslanding CA 95313,,,,,Joe Mendes,300 Ruble Rd. Crowslanding CA 95313,,,,,058-005-006,,,,,,,,8/1/24,,2024-08-01,False,UNSURE,,,,,240000.0,,,,,,,,,,Po,R5-2007-0035_general_order,724 Ruble Rd Crows Landing 2024 Dairy AR,89,90,22,rancho_cordova,wastewater
Pinnacle Dairy,724 Ruble Rd. Crowslanding CA 95313,,,,,Joe Mendes,300 Ruble Rd. Crowslanding CA 95313,,,,,058-005-006,,,,,,,,0/13/24,,,False,UNSURE,,,,,100000.0,,,,,,,,,,Po,R5-2007-0035_general_order,724 Ruble Rd Crows Landing 2024 Dairy AR,91,92,23,rancho_cordova,wastewater
Pinnacle Dairy,724 Ruble Rd. Crowslanding CA 95313,,,,,Joe Mendes,300 Ruble Rd. Crowslanding CA 95313,,,,,058-005-006,,,,,,,,0/22/24,,,False,UNSURE,,,,,120000.0,,,,,,,,,,Po,R5-2007-0035_general_order,724 Ruble Rd Crows Landing 2024 Dairy AR,93,94,24,rancho_cordova,wastewater
Pinnacle Dairy,724 Ruble Rd. Crowslanding CA 95313,,,,,Joe Mendes,300 Ruble Rd. Crowslanding CA 95313,,,,,058-005-006,,,,,,,,10/11/24,,2024-10-11,False,UNSURE,,,,,400000.0,,,,,,,,,,Po,R5-2007-0035_general_order,724 Ruble Rd Crows Landing 2024 Dairy AR,95,96,25,rancho_cordova,wastewater
Pinnacle Dairy,724 Ruble Rd. Crowslanding CA 95313,,,,,Joe Mendes,300 Ruble Rd. Crowslanding CA 95313,,,,,058-005-006,,,,,,,,12/10-12/18,2024-12-10,2024-12-18,False,UNSURE,,,,,40000.0,,,,,,,,,,Po,R5-2007-0035_general_order,724 Ruble Rd Crows Landing 2024 Dairy AR,97,98,26,rancho_cordova,wastewater
Trinkler Dairy Farms,7251 Crowslanding Rd. Ceres 95307,,,Jf Fertilizer,900 Meredith Ave Gustine 95322,Wendel Trinkler Jr. Po Box,10 Ceres 95307,,,,,022-008-013,,,,,,,,4/26/24,,2024-04-26,False,UNSURE,,,,,,,,,,,,,,@12 Tons Per Load,,R5-2007-0035_general_order,7251 Crows Landing Rd Ceres 2024 Dairy AR,102,103,1,rancho_cordova,unknown
Trinkler Dairy Farms,7251 Crowslanding Rd. Ceres 95307,,,Jf Fertilizer,900 Meredith Ave Gustine 95322,Wendel Trinkler Jr. Po Box,10 Ceres 95307,,,,,022-001-002022-001-004022-001-005022-003-002022-004-001022-004-002,,,,,,,,5/24/24,,2024-05-24,False,UNSURE,,,,,,,,,,,,,,@ 12 Tons Per Load,,R5-2007-0035_general_order,7251 Crows Landing Rd Ceres 2024 Dairy AR,104,105,2,rancho_cordova,unknown
Trinkler Dairy Farms,7251 Crowslanding Rd. Ceres 95307,,,Jf Fertilizer,; 900 Meredith Ave Gustine 95322,Wendel Trinkler Jr. Po Box,10 Ceres 95307,,,,,022-008-013,,,,,,,,9/21/24,,2024-09-21,False,UNSURE,,,,,,,,,,,,,,@12 Tons Per Load,,R5-2007-0035_general_order,7251 Crows Landing Rd Ceres 2024 Dairy AR,106,107,3,rancho_cordova,unknown
Trinkler Dairy Farms,7251 Crowslanding Rd. Ceres 95307,,,Jf Fertilizer,900 Meredith Ave Gustine 95322,Wendel Trinkler Jr. Po Box,10 Ceres 95307,,,,,022-001-002022-001-004022-001-005022-003-002022-004-001022-004-002,,,,,,,,10/31/24,,2024-10-31,False,UNSURE,,,,,,,,,,,,,,@12 Tons Per Load,,R5-2007-0035_general_order,7251 Crows Landing Rd Ceres 2024 Dairy AR,108,109,4,rancho_cordova,unknown
Live Oak Dairy G,730 Bystrum Rd Turlock Stanislaus 95380,,,Pipeline,730 Bystrum Rd Turlock CA 95380,Gary Brown,1751 Chandler Dr Turlock CA 95382,,,Farmer,,0022-0380-0100-0000,Stanislaus,,,,,,,06/13/2024,,2024-06-13,True,False,,,,,1560000.0,,,,,,,,,,Pump GPM X Run Time,R5-2007-0035_software,730 Bystrum Rd Turlock 2024 Dairy AR,76,77,1,rancho_cordova,wastewater
Wyeth Dairy INC.,7319,,,Wyeth Pipeline,,Jim Wyeth,2800 Dunn Rd. Modesto 95358,,,,,012-022-001,,,,,,,,4/17/24,,2024-04-17,True,False,,,31.5,1000.0,1890000.0,,,,,,,,,,31 1/2 Hours @ 1000 GPM,R5-2007-0035_general_order,7319 Beckwith Rd Modesto 2024 Dairy AR,70,71,1,rancho_cordova,wastewater
Wyeth Dairy INC.,7319 Beckwith Rd. Modesto 95358,,,Wyeth Pipeline,,Jim Wyeth,2800 Dunn Rd. Modesto 95358,,,,,012-022-001,,,,,,,,5/17/24,,2024-05-17,True,False,,,11.5,1000.0,690000.0,,,,,,,,,,111/2 Hours @ 1000 GPM,R5-2007-0035_general_order,7319 Beckwith Rd Modesto 2024 Dairy AR,72,73,2,rancho_cordova,wastewater
Wyeth Dairy INC.,7319 Beckwith Ro. Modesto 95358,,,Wyeth Pipeline,,Jim Wyeth,2800 Dunn Rd. Modesto 95358 209-499-898,,,,,012-022-001,,,,,,,,7/26/24,,2024-07-26,True,False,,,18.0,1000.0,1080000.0,,,,,,,,,,18 Hours @ 1000 GPM,R5-2007-0035_general_order,7319 Beckwith Rd Modesto 2024 Dairy AR,74,75,3,rancho_cordova,wastewater
Machado Dairy,7413 S. Mitchell Rd. Turlock 95380,,,Machado Dairy,7413 S. Mitchell Rd. Turlock 95380,Ron Peterson P.O. Box,754 Hilmar 95324,,,,,057-023-006,,,,,,,,3/21/24,,2024-03-21,False,UNSURE,,,,,240000.0,,,,,,,,,,Pump GPM X Run Time,R5-2007-0035_general_order,"7413 S Mitchell Rd, Turlock 2024 Dairy AR",33,34,1,rancho_cordova,wastewater
Machado Dairy,7413 S. Mitchell Rs. Turlock 95380,,,Machado Dairy,7413 S. Mitchell Rd. Turlock 95380,Heldar Bettencourt,19960 American Spl 39 Hilmar 95324,,,,,057-023-015,,,,,,,,,,,False,UNSURE,,,,,240000.0,,,,,,,,,,Pump X Run Time,R5-2007-0035_general_order,"7413 S Mitchell Rd, Turlock 2024 Dairy AR",35,36,2,rancho_cordova,wastewater
Machado Dairy,7413 S. Mitchell Rd. Turlock 95380,,,Machado Dairy,7413 S. Mitchell Rd. Turlock 95380,Chopper Guys,22701 August Ave. Hilmar 95324,,,,,057-012-015,,,,,,,,4/6/24,,2024-04-06,False,UNSURE,,,,,525000.0,,,,,,,,,,Pump GPM X Run Time,R5-2007-0035_general_order,"7413 S Mitchell Rd, Turlock 2024 Dairy AR",37,38,3,rancho_cordova,wastewater
Machado Dairy,7413 S. Mitchell Rd. Turlock 95380,,,Machado Dairy,7413 S. Mitchell Rd. Turlock 95380,Walter Soares,8407 Simmons Rd. Turlock 95380,,,,,057-012-005,,,,,,,,4/6/24,,2024-04-06,False,UNSURE,,,,,1050000.0,,,,,,,,,,Pump GPM X Run Time,R5-2007-0035_general_order,"7413 S Mitchell Rd, Turlock 2024 Dairy AR",39,40,4,rancho_cordova,wastewater
Machado Dairy,7413 S. Mitchell Rd. Turlock 95380,,,Machado Dairy,7413 Si Mitchell Rd. Turlock 95380,Ron Peterson P.O. Box,754 Hilmar 95324,,,,,057-023-006,,,,,,,,4/11/26,,2024-04-11,False,UNSURE,,,,,300000.0,,,,,,,,,,Pump Gpmx Run Time,R5-2007-0035_general_order,"7413 S Mitchell Rd, Turlock 2024 Dairy AR",41,42,5,rancho_cordova,wastewater
Machado Dairy,7413 S. Mitchell Rd. Turlock 95380,,,Machado Dairy,7413 S. Mitchell Rd. Turlock 95380,Heldar Bettencourt,19960 American Spl39 Hilmar 95324,,,,,057-023-015,,,,,,,,4/11/24,,2024-04-11,False,UNSURE,,,,,300000.0,,,,,,,,,,Pump Gpmx Run Time,R5-2007-0035_general_order,"7413 S Mitchell Rd, Turlock 2024 Dairy AR",43,44,6,rancho_cordova,wastewater
Machado Dairy,7413 S. Mitchell Rd. Turlock 95380,,,Machado Dairy,7413 S. Mitchell Rd. Turlock 95380,Ron Peterson P.O. Box,754 Hilmar 95324,,,,,057-023-006,,,,,,,,5/27/24,,2024-05-27,False,UNSURE,,,,,240000.0,,,,,,,,,,Pump GPM X Run Time,R5-2007-0035_general_order,"7413 S Mitchell Rd, Turlock 2024 Dairy AR",45,46,7,rancho_cordova,wastewater
Machado Dairy,7413 S. Mitchell Rd. Turlock 95380,,,Machado Dairy,,Heldar Bettencourt,19960 American Spl39 Hilmar 95324 209-652-371,,,,,057-023-015,,,,,,,,5/27/24,,2024-05-27,False,UNSURE,,,,,240000.0,,,,,,,,,,Pump GPM X Run Time,R5-2007-0035_general_order,"7413 S Mitchell Rd, Turlock 2024 Dairy AR",47,48,8,rancho_cordova,wastewater
Machado Dairy,7413 S. Mitchell Rd. Jurlock 95380,,,Machado Dairy,7413 S. Mitchell Rd. Turlock 95380,Chopper Guys,22701 August Ave. Hilmar 95324,,,,,057-012-015,,,,,,,,5/31/24,,2024-05-31,False,UNSURE,,,,,525000.0,,,,,,,,,,Pump GPM X Run Time,R5-2007-0035_general_order,"7413 S Mitchell Rd, Turlock 2024 Dairy AR",49,50,9,rancho_cordova,wastewater
Machado Dairy,7413 S. Mitchell Rs. Turlock 95380,,,Machado Dairy,7413 S. Mitchell Rd. Turlock 95380,Walter Soares,8407 Simmons Rd. Jurlock 95380,,,,,057-012-005,,,,,,,,5/31/24,,2024-05-31,False,UNSURE,,,,,1050.0,,,,,,,,,,Pump GPM X Run Time,R5-2007-0035_general_order,"7413 S Mitchell Rd, Turlock 2024 Dairy AR",51,52,10,rancho_cordova,wastewater
Machado Dairy,7413 S. Mitchell Rd. Turlock 95380,,,Machado Dairy,7413 S. Mitchell Rd. Turlock 95380,Ron Peterson P.O. Box,754 Hilmar 95324,,,,,057-023-006,,,,,,,,7/16/24,,2024-07-16,False,UNSURE,,,,,210000.0,,,,,,,,,,Pump GPM X Run Time,R5-2007-0035_general_order,"7413 S Mitchell Rd, Turlock 2024 Dairy AR",53,54,11,rancho_cordova,wastewater
Machado Dairy,,,,Machado Dairy,,Heldar Bettencourt,19960 American Spl39 Hilmar 95324 209-652-371,,,,,057-023-015,,,,,,,,7/16/24,,2024-07-16,False,UNSURE,,,,,210000.0,,,,,,,,,,Pump GPM X Run Time,R5-2007-0035_general_order,"7413 S Mitchell Rd, Turlock 2024 Dairy AR",55,56,12,rancho_cordova,wastewater
Machado Dairy,,,,Machado Dairy,7413 S. Mitchell Rd. Turlock 95380,Chopper Guys,22701 August Ave. Hilmar 95324,,,,,057-012-015,,,,,,,,7/25/24,,2024-07-25,False,UNSURE,,,,,630000.0,,,,,,,,,,Pump GPM X Run Time,R5-2007-0035_general_order,"7413 S Mitchell Rd, Turlock 2024 Dairy AR",57,58,13,rancho_cordova,wastewater
Machado Dairy,7413 S. Mitchell Rs. Turlock 95380,,,Machado Dairy,,Walter Soares,8407 Simmons Rd. Turlock 95380,,,,,057-012-005,,,,,,,,7/25/24,,2024-07-25,False,UNSURE,,,,,1260000.0,,,,,,,,,,Pump GPM Run Time,R5-2007-0035_general_order,"7413 S Mitchell Rd, Turlock 2024 Dairy AR",59,60,14,rancho_cordova,wastewater
Machado Dairy,7413 S. Mitchell Rd. Turlock 95380,,,Machado Dairy,7413 Si Mitchell Rd. Jurlock 95380,Ron Peterson P.O. Box,754 Hilmar 95324,,,,,057-023-006,,,,,,,,8/17/24,,2024-08-17,False,UNSURE,,,,,225000.0,,,,,,,,,,Pimp GPM X Run Time,R5-2007-0035_general_order,"7413 S Mitchell Rd, Turlock 2024 Dairy AR",61,62,15,rancho_cordova,wastewater
Machado Dairy,7413 S. Mitchell Rd. Turlock 95380,,,Machado Dairy,,Heldar Bettencourt,19960 American Spl39 Hilmar 95324,,,,,057-023-015,,,,,,,,8/17/24,,2024-08-17,False,UNSURE,,,,,225000.0,,,,,,,,,,Pump GPM Run Time,R5-2007-0035_general_order,"7413 S Mitchell Rd, Turlock 2024 Dairy AR",63,64,16,rancho_cordova,wastewater
Machado Dairy,7413 S. Mitchell Rd. Turlock 95380,,,Machado Dairy,7413 S. Mitchell Rd. Turlock 95380,Chopper Guys,22701 August Ave. Hilmar 95324,,,,,057-012-015,,,,,,,,8/23/24,,2024-08-23,False,UNSURE,,,,,490000.0,,,,,,,,,,Pump GPM X Run Time,R5-2007-0035_general_order,"7413 S Mitchell Rd, Turlock 2024 Dairy AR",65,66,17,rancho_cordova,wastewater
Machado Dairy,7413 S. Mitchell Rd. Turlock 95380,,,Machado Dairy,7415 S. Mitchell Rd. Turlock 95380,Walter Soares,8407 Simmons Rd. Jurlock 95380,,,,,057-012-005,,,,,,,,8/23/24,,2024-08-23,False,UNSURE,,,,,980000.0,,,,,,,,,,Pump GPM Run Time,R5-2007-0035_general_order,"7413 S Mitchell Rd, Turlock 2024 Dairy AR",67,68,18,rancho_cordova,wastewater
Machado Dairy,,,,Machado Dairy,7413 S. Mitchell Rd. Turlock 95380,Ron Peterson P.O. Box,754 Hilmar 95324,,,,,057-023-006,,,,,,,,9/6/24,,2024-09-06,False,UNSURE,,,,,225000.0,,,,,,,,,,Pump GPM X Run Time,R5-2007-0035_general_order,"7413 S Mitchell Rd, Turlock 2024 Dairy AR",69,70,19,rancho_cordova,wastewater
Machado Dairy,7413 S. Mitchell Rd. Turlock 95380,,,Machado Dairy,7413 Mitchell Rd. Turlock 95380,Heldar Bettencourt,19960 American Spl39 Hilmar 95324,,,,,057-023-015,,,,,,,,9/6/24,,2024-09-06,False,UNSURE,,,,,225000.0,,,,,,,,,,Pump GPM X Run Time,R5-2007-0035_general_order,"7413 S Mitchell Rd, Turlock 2024 Dairy AR",71,72,20,rancho_cordova,wastewater
Machado Dairy,7413 S. Mitchell Rd. Turlock 95380,,,Machado Dairy,7413 S. Mitchell Rd. Turlock 95380,Chopper Guys,22701 August Ave. Hilmar 95324,,,,,057-012-015,,,,,,,,9/11/24,,2024-09-11,False,UNSURE,,,,,490000.0,,,,,,,,,,Pump GPM X Run Time,R5-2007-0035_general_order,"7413 S Mitchell Rd, Turlock 2024 Dairy AR",73,74,21,rancho_cordova,wastewater
Machado Dairy,7413 S. Mitchell Rs. Turlock 95380,,,Machado Dairy,7413 S. Mitchell Rd. Turlock 95380,Walter Soares,8407 Simmons Rd. Turlock 95380,,,,,057-012-005,,,,,,,,9/11/24,,2024-09-11,False,UNSURE,,,,,980000.0,,,,,,,,,,Pump GPM Run Time,R5-2007-0035_general_order,"7413 S Mitchell Rd, Turlock 2024 Dairy AR",75,76,22,rancho_cordova,wastewater
Machado Dairy,7413 S. Mitchell Rs. Turlock 95380,,,Machado Dairy,7413 S. Mitchell Rd. Jurlock 95380,Ron Peterson P.O. Box,754 Hilmar 95324,,,,,057-023-006,,,,,,,,10/24/24,,2024-10-24,False,UNSURE,,,,,225000.0,,,,,,,,,,Pump GPM X Run Time,R5-2007-0035_general_order,"7413 S Mitchell Rd, Turlock 2024 Dairy AR",77,78,23,rancho_cordova,wastewater
Machado Dairy,7413 S. Mitchell Rs. Turlock 95380,,,Machado Dairy,,Heldar Bettencourt,19960 American Spl39 Hilmar 95324 209-652-371,,,,,057-023-015,,,,,,,,10/24/24,,2024-10-24,False,UNSURE,,,,,225000.0,,,,,,,,,,Pump GPM X Run Time,R5-2007-0035_general_order,"7413 S Mitchell Rd, Turlock 2024 Dairy AR",79,80,24,rancho_cordova,wastewater
Machado Dairy,7413 S. Mitchell Rd. Turlock 95380,,,Machado Dairy,7413 S. Mitchell Rd. Turlock 95380,Chopper Guys,22701 August Ave. Hilmar 95324,,,,,057-012-015,,,,,,,,10/26/24,,2024-10-26,False,UNSURE,,,,,525000.0,,,,,,,,,,Pump GPM X Run Time,R5-2007-0035_general_order,"7413 S Mitchell Rd, Turlock 2024 Dairy AR",81,82,25,rancho_cordova,wastewater
Machado Dairy,7413 S. Mitchell Rd. Jurlock 95380,,,Machado Dairy,7415 S. Mitchell Rd. Turlock 95380,Walter Soares,8407 Simmons Rd. Turlock 95380,,,,,057-012-005,,,,,,,,10/27/24,,2024-10-27,False,UNSURE,,,,,1050000.0,,,,,,,,,,Pump GPM X Run Time,R5-2007-0035_general_order,"7413 S Mitchell Rd, Turlock 2024 Dairy AR",83,84,26,rancho_cordova,wastewater
Machado Dairy,7413 S. Mitchell Rd. Turlock 95380,,,Machado Dairy,7413 S. Mitchell Rd. Jurlock 95380,Johnny Machado,7413 S. Mitchell Rd. Jurlock 95350,,,,,045-020-021,,,,,,,,5/22/24,,2024-05-22,False,UNSURE,,,,,,,,,660.0,,,,48.4,Scale Weights,,R5-2007-0035_general_order,"7413 S Mitchell Rd, Turlock 2024 Dairy AR",85,86,27,rancho_cordova,manure
Machado Dairy,7413 S. Mitchell Rd. Turlock 95380,,,Machado Dairy,7413 S. Mitchell Rd. Turlock 95380,Johnny Machado,7413 S. Mitchell Rd. Jurlock 95360,,,,,045-020-022,,,,,,,,5/22/24,,2024-05-22,False,UNSURE,,,,,,,,,660.0,,,484.0,,Scale Weights,,R5-2007-0035_general_order,"7413 S Mitchell Rd, Turlock 2024 Dairy AR",87,88,28,rancho_cordova,manure
Machado Dairy,7413 S. Mitchell Rd. Turlock 95380,,,Machado Dairy,7413 S. Mitchell Rd. Turlock 95380,Joey Machado,1224 Tuolumne Rd. Ceres 95307,1224 Tuolumne Rd. Ceres 95307,,,,,,,,,,,,5/26/24,,2024-05-26,False,UNSURE,,,,,,,,,2830.0,,,,48.4,Scale Weights,,R5-2007-0035_general_order,"7413 S Mitchell Rd, Turlock 2024 Dairy AR",89,90,29,rancho_cordova,manure
Machado Dairy,7413 S. Mitchell Rd. Turlock 95380,,,Machado Dairy,7413 S. Mitchell Rd. Turlock 95380,Max Gro INC.,7413 S. Mitchell Rd. Jurlock 95380,10924 Hilmar Rd. Turlock 95380,,,,,,,,,,,,10/8/24,,2024-10-08,False,UNSURE,,,,,,,,,1460.0,,,,37.2,Scale Weights,,R5-2007-0035_general_order,"7413 S Mitchell Rd, Turlock 2024 Dairy AR",91,92,30,rancho_cordova,manure
Machado Dairy,7413 S. Mitchell Rd. Turlock 95380,,,Machado Dairy,7413 S. Mitchell Rd. Turlock 95380,Johnny Machado,7413 S. Mitchell Rd. Turlock 95360,,,,,045-020-021,,,,,,,,,,,False,UNSURE,,,,,,,,,540.0,,,372.0,,Scale Weights,,R5-2007-0035_general_order,"7413 S Mitchell Rd, Turlock 2024 Dairy AR",93,94,31,rancho_cordova,manure
Machado Dairy,7413 S. Mitchell Rs. Turlock 95380,,,Machado Dairy,7413 S. Mitchell Rd. Jurlock 95380,Johnny Machado,7413 S. Mitchell Rd. Turlock 95350,,,,,,,,,,,,,10/21/24,,2024-10-21,False,UNSURE,,,,,,,,,,,,,,Scale Weights,,R5-2007-0035_general_order,"7413 S Mitchell Rd, Turlock 2024 Dairy AR",95,96,32,rancho_cordova,unknown
Mitk Made Dai,7509 W Oakdale Rd Snelling Merced 95369,,,Kenneth Stone Spreading,5175 Shaw Winton CA 95388,Stone Spreading,5175 Shaw Ave Winton CA 95388,5175 Shaw Ave Winton 95388,Merced,Broker,,,,,,,,,,11/29/2024,,2024-11-29,False,UNSURE,,,,,,,,,1350.0,,,38.0,,10 Yd Spreader Box,,R5-2007-0035_software,7509 Oakdale Rd Snelling 2024 dairy AR,78,79,1,rancho_cordova,manure
Milk Made Dai,7509 W Oakdale Rd Snelling Merced 95369,,,Kenneth Stone Spreading,5175 Shaw Winton CA 95388,Stone Spreading,5175 Shaw Ave Winton CA 95388,5175 Shaw Ave Winton 95388,Merced,Broker,,,,,,,,,,10/26/2024,,2024-10-26,False,UNSURE,,,,,,,,,946.0,,,38.0,,10 Yd Spreader Box,,R5-2007-0035_software,7509 Oakdale Rd Snelling 2024 dairy AR,80,81,2,rancho_cordova,manure
Milk Made Dai,7509 W Oakdale Rd Snelling Merced 95369,,,Kenneth Stone Spreading,5175 Shaw Winton CA 95388,Stone Spreadin,5175 Shaw Ave Winton CA 95388,5175 Shaw Ave Winton 95388,Merced,Broker,,,,,,,,,,09/26/2024,,2024-09-26,False,UNSURE,,,,,,,,,1128.0,,,33.6,,10 Yd Spreader Box,,R5-2007-0035_software,7509 Oakdale Rd Snelling 2024 dairy AR,82,83,3,rancho_cordova,manure
Milk Made Dai,7509 W Oakdale Rd Snellin Merced 95369,,,Kenneth Stone Spreading,5175 Shaw Winton CA 95388,Stone Spreadin,5175 Shaw Ave Winton CA 95388,5175 Shaw Ave Winton 95388,Merced,Broker,,,,,,,,,,08/20/2024,,2024-08-20,False,UNSURE,,,,,,,,,458.0,,,33.6,,20 Yd Side Dump,,R5-2007-0035_software,7509 Oakdale Rd Snelling 2024 dairy AR,84,85,4,rancho_cordova,manure
Milk Made Dai,7509 W Oakdale Rd Snelling Merced 95369,,,Kenneth Stone Spreading,5175 Shaw Winton CA 95388,Stone Spreadin,5175 Shaw Ave Winton CA 95388,5175 Shaw Ave Winton 95388,Merced,Broker,,,,,,,,,,07/10/2024,,2024-07-10,False,UNSURE,,,,,,,,,946.0,,,33.6,,20 Yd Side Dump,,R5-2007-0035_software,7509 Oakdale Rd Snelling 2024 dairy AR,86,87,5,rancho_cordova,manure
Milk Made Dai,7509 W Oakdale Rd Snellin Merced 95369,,,Kenneth Stone Spreading,5175 Shaw Winton CA 95388,Stone Spreadin,5175 Shaw Ave Winton CA 95388,5175 Shaw Ave Winton 95388,Merced,Broker,,,,,,,,,,06/1 3/2024,,,False,UNSURE,,,,,,,,,1624.0,,,33.6,,20 Yd Side Dump,,R5-2007-0035_software,7509 Oakdale Rd Snelling 2024 dairy AR,88,89,6,rancho_cordova,manure
Milk Made Dai,7509 W Oakdale Rd Snelling Merced 95369,,,Kenneth Stone Spreading,5175 Shaw Winton CA 95388,Stone Spreading,5175 Shaw Ave Winton CA 95388,5175 Shaw Ave Winton 95388,Merced,Broker,,,,,,,,,,05/02/2024,,2024-05-02,False,UNSURE,,,,,,,,,880.0,,,33.6,,20 Yd Side Dump,,R5-2007-0035_software,7509 Oakdale Rd Snelling 2024 dairy AR,90,91,7,rancho_cordova,manure
Milk Made Dai,7509 W Oakdale Rd Snelling Merced 95369,,,Kenneth Stone Spreading,5175 Shaw Winton CA 95388,Stone Spreadin,5175 Shaw Ave Winton CA 95388,5175 Shaw Ave Winton 95388,Merced,Broker,,,,,,,,,,04/26/2024,,2024-04-26,False,UNSURE,,,,,,,,,748.0,,,33.6,,20 Yd Side Dump,,R5-2007-0035_software,7509 Oakdale Rd Snelling 2024 dairy AR,92,93,8,rancho_cordova,manure
Milk Made Dai,7509 W Oakdale Rd Snelling Merced 95369,,,Kenneth Stone Spreading,5175 Shaw Winton CA 95388,Stone Spreadin,5175 Shaw Ave Winton CA 95388,5175 Shaw Ave Winton 95388,Merced,Broker,,,,,,,,,,03/15/2024,,2024-03-15,False,UNSURE,,,,,,,,,,,,,,,,R5-2007-0035_software,7509 Oakdale Rd Snelling 2024 dairy AR,94,95,9,rancho_cordova,unknown
Milk Made Dai,7509 W Oakdale Rd Snellin Merced 95369,,,Kenneth Stone Spreading,5175 Shaw Winton CA 95388,Stone Spreading,5175 Shaw Ave Winton CA 95388,5175 Shaw Ave Winton 95388,Merced,Broker,,,,,,,,,,02/08/2024,,2024-02-08,False,UNSURE,,,,,,,,,1665.0,,,25.8,,20 Yd Side Dump,,R5-2007-0035_software,7509 Oakdale Rd Snelling 2024 dairy AR,96,97,10,rancho_cordova,manure
Milk Made Dai,7509 W Oakdale Rd Snelling Merced 95369,,,Kenneth Stone Spreading,5175 Shaw Winton CA 95388,Stone S I,5175 Shaw Ave Winton CA 95388,5175 Shaw Winton 95388,Merced,Broker,,,,,,,,,,01/08/2024,,2024-01-08,False,UNSURE,,,,,,,,,990.0,,,28.1,,20 Yd Side Dump,,R5-2007-0035_software,7509 Oakdale Rd Snelling 2024 dairy AR,98,99,11,rancho_cordova,manure
Joe & Teresa Soares Dairy #2,7581 N Merced Ave Delhi Merced 95315,,,Cardoso Farm Services INC.,P.O. Box 189 Delhi CA 95315,Cardoso Farm Services INC,189 Delhi CA 95315,Delhi 95315,Bloss Ave Merced,Broker,,,,,,,,,,10/06/2024,,2024-10-06,False,UNSURE,,,,,,,,,728.0,,,72.4,,Tons X Loads,,R5-2007-0035_software,7581 N Merced Ave 2024 Dairy AR,28,29,1,,manure
Azevedo Dairy #2,7618 Highway 59 El Nido Merced 95317,,,Gomes Farms LLC,P.O. Box 149 El Nido CA 95317,Gomes Farms LLC,149 El Nido CA 95317,El Nido 95317,Coyote Rd Merced,Broker,,,,,,,,,,07/04/2024,,2024-07-04,False,UNSURE,,,,,,,,,20424.0,,,46.4,,24 Tons X Loads,,R5-2007-0035_software,7618 S Hwy 59 El Nido 2024 Dairy AR,27,28,1,,manure
Azevedo Dairy #2,7618 Highway 59 El Nido Merced 95317,,,Gomes Farms LLC,P.O. Box 149 El Nido CA 95317,Gomes Farms LLC,149 El Nido CA 95317,El Nido 95317,Coyote Rd Merced,Broker,,,,,,,,,,10/25/2024,,2024-10-25,False,UNSURE,,,,,,,,,2952.0,,,43.7,,24 Tons X Load,,R5-2007-0035_software,7618 S Hwy 59 El Nido 2024 Dairy AR,29,30,2,,manure
Fanelli Dairy,7689 Washington Rd Hillmar Merced 95324,,,Fanelli Dairy,7689 Washington Rd Hilmar CA 95324,Fanelli Dairy-Heifers,23839 W Bloss Ave Hilmar CA 95324,23839 W Bloss Ave Hilmar 95324,Merced,Farmer,,,,,,,,,,01/01/2024,,2024-01-01,False,UNSURE,,,,,,,,,155.0,,,51.4,,Tons Per Load,,R5-2007-0035_software,"7689 Washington Rd, Hilmar 2024 Dairy AR",51,52,1,,manure
Machado-Kindberg,7706 Tegner Rd Hilmar Merced 95324,,,Machado-Kindberg,7413 S Mitchell Rd Turlock CA 95380,Bob Livak,22339 Crane Ave Hilmar CA 95324,,,Farmer,,00045-0200-0015-0000,Merced,,,,,,,05/26/2024,,2024-05-26,False,UNSURE,,,,,840000.0,,,,,,,,,,Pump GPM X Run Time,R5-2007-0035_software,"7706 Tegner Rd, Hilmar 2024 Dairy AR",26,27,1,rancho_cordova,wastewater
Machado-Kindberg,7706 Tegner Rd Hilmar Merced 95324,,,Machado-Kindberg,7413 S Mitchell Rd Turlock CA 95380,Bob Livak,22339 Crane Ave Hilmar CA 95324,,,Farmer,,00045-0200-0015-0000,Merced,,,,,,,07/16/2024,,2024-07-16,False,UNSURE,,,,,720000.0,,,,,,,,,,Pump GPM X Run Time,R5-2007-0035_software,"7706 Tegner Rd, Hilmar 2024 Dairy AR",28,29,2,rancho_cordova,wastewater
Machado-Kindberg,7706 Tegner Rd Hilmar Merced 95324,,,Machado-Kindberg,7413 S Mitchell Rd Turlock CA 95380,Bob Livak,22339 Crane Ave Hilmar CA 95324,,,Farmer,,00045-0200-0015-0000,Merced,,,,,,,07/28/2024,,2024-07-28,False,UNSURE,,,,,660000.0,,,,,,,,,,Pump GPM X Run Time,R5-2007-0035_software,"7706 Tegner Rd, Hilmar 2024 Dairy AR",30,31,3,rancho_cordova,wastewater
Machado-Kindberg,7706 Tegner Rd Hilmar Merced 95324,,,Machado-Kindberg,7413 S Mitchell Rd Turlock CA 95380,Bob Livak,22339 Crane Ave Hilmar CA 95324,,,Farmer,,00045-0200-0015-0000,Merced,,,,,,,08/27/2024,,2024-08-27,False,UNSURE,,,,,600000.0,,,,,,,,,,Pump GPM X Run Time,R5-2007-0035_software,"7706 Tegner Rd, Hilmar 2024 Dairy AR",32,33,4,rancho_cordova,wastewater
Machado-Kindberg,7706 Tegner Rd Hilmar Merced 95324,,,Machado-Kindberg,7413 S Mitchell Rd Turlock CA 95380,Bob Livak,22339 Crane Ave Hilmar CA 95324,,,Farmer,,00045-0200-0015-0000,Merced,,,,,,,10/29/2024,,2024-10-29,False,UNSURE,,,,,840000.0,,,,,,,,,,Pump GPM X Run Time,R5-2007-0035_software,"7706 Tegner Rd, Hilmar 2024 Dairy AR",34,35,5,rancho_cordova,wastewater
Hd Ranch,7815 Midway Rd 95620,,,Steven Pozzi,6590 Lewis Rd Vacaville CA 95687,Steven Pezzi,6540 Levis Rd Varaville CA 95687,6456540 Lesrd Unceville CA 95687,,,,,,,,,,,,11-3 Thru 11-25,2024-01-11,2024-01-25,False,UNSURE,,,,,,,,,,,,33.0,,Scale,,R5-2013-0122_general_order,7755 Midway Rd Dixon 2024 Dairy AR,271,272,1,rancho_cordova,unknown
Hd Ranch,7815 Midway Rd Dixen 95620,,,Steven Pozzi,6540 Lewis Rd Vacaville CA 95687,Steven Parti,6540 Levis Rd Vacaville CA 95687,676540 Leused Vacaville CA 95687,,,,,,,,,,,,Oct 13 Thru Oct 28,2024-10-13,2024-10-28,False,UNSURE,,,,,,,,,1011.0,,,33.0,,Scale,,R5-2013-0122_general_order,7755 Midway Rd Dixon 2024 Dairy AR,274,275,2,rancho_cordova,manure
Hd Ranch,7815 Midway Rd Dixon 95620,,,Steven Pozzi,6590 Lewis Rd Vacaville CA 95687,Steven Perli,6540 Revis Varaville CA 95687,646540 Levard Vienville CA 95687,,,,,,,,,,,,9-15 Thru 9-30,2024-01-09,2024-01-30,False,UNSURE,,,,,,,,,,,,33.24,,Scale,,R5-2013-0122_general_order,7755 Midway Rd Dixon 2024 Dairy AR,277,278,3,rancho_cordova,unknown
Hd Remcl,7815 Midway Rd Bixen 95620,,,Steven Pozzi,6540 Levis Vecanille CA 95687,Steven Perri,6340 Levig Rd Varaville CA 95687,646540 Vacaville CA 95687,,,,,,,,,,,,Aug 18-26,2024-08-18,2024-08-26,False,UNSURE,,,,,,,,,519.0,,,,,Scale,,R5-2013-0122_general_order,7755 Midway Rd Dixon 2024 Dairy AR,280,281,4,rancho_cordova,manure
Vierra Dairy Farms #3,7884 Faith Home Rd Hilmar 95824,,,Silva & Sons Custom Spreading,P.O Box 1261 Hilmar 95324,Vierra Dairy Farms,23160 Williams Ave Hilmar 95324,,,,,045-040-023,,,,,,,,5 2024,,2024-05-01,False,UNSURE,,,,,,,,,,,,271.3,,@12 Tons Per Load,,R5-2007-0035_general_order,"7884 Faith Home Rd, Hilmar 2024 Dairy AR",45,46,1,rancho_cordova,unknown
Vierra Dairy Farms #4,7985 Washington Rd. Hilmar 95324,,,; Silva & Sons Custom Spreading,P.O Box 1261 Hilmar 95324,Vierra Dairy Farms,23160 Williams Ave Hilmar 95324,,,,,045-040-019,,,,,,,,5/7-5/8,2024-05-07,2024-05-08,False,UNSURE,,,,,,,,,,,,,,@12 Tons Per Load,,R5-2007-0035_general_order,"7965 Washington Rd, Hilmar 2024 Dairy AR",28,29,1,,unknown
Ulys Dairy,8118 Sikes Road Dixon CA 95620,,,Ulys Dairy,8118 Sikes Road Dixon CA 95620,Atkinson's Hay,7109 Rio Dixon Rd. Dixon CA 95620,7109 Rio Dixon Road Dixon CA,,,,0109-310-040,,,,,,,,6/15/2024 To 9/30/2024,2024-06-15,2024-09-30,False,UNSURE,,,,,,20.0,,70.0,,,,,,70 Loads At 20 Ton Per Load,,R5-2013-0122_general_order,8118 Sikes Rd Dixon 2024 Dairy AR,67,68,1,rancho_cordova,unknown
A.P. Avila Dairy,8178 Paradise Road Modesto CA 95358,,,Avila Spreading Service,Po Box 580742 Modesto CA 95358,Mike Bizzini (Bizzini Ranch),7519 Paradise Rd. Modesto CA 95358,7519 Paradise Road Modesto CA,,,,017-001-012,,,,,,,,3-9-2024,,2024-03-09,False,UNSURE,,,,,,,,,200.0,,,50.9,,20 Loads At 10 To Per Load,,R5-2013-0122_general_order,8178 Paradise Rd Modesto 2024 Dairy AR,62,63,1,rancho_cordova,manure
Double D Dairy #4,8201 Mitchell Rd Ceres 95307,,,Dores Ag Services,P.O. Box 65 Stevinson 95374,Phil Dores P.O. Box,65 Stevinson 95374,23234 Second Ave. Stevinson 95374,,,,,,,,,,,,10/18/24,,2024-10-18,False,UNSURE,,,,,,10.0,,149.0,,,,,,149 Loads @ 10 Tons Per Load,,R5-2007-0035_general_order,8201 Mitchell Rd Ceres 2024 Dairy AR,39,40,1,rancho_cordova,unknown
Frank J. Bettencourt & Sons Dairy,8331 Central Avenue Ceres CA 95307,,,Silva & Sons LLC,23616 Williams Avenue Hilmar CA 95324,Silva & Sons LLC,23616 Williams Avenue Hilmar 95324,23616 Williams Avenue Hilmar 95324,,Broker,,,,,,,,,,11/1/24,,2024-11-01,False,UNSURE,,,,,,,,,950.0,,,91.6,,Number Of Truckloads X Average Truck Weight,,R5-2007-0035_general_order,8331 Central Ave Ceres 2024 Dairy AR,20,21,1,rancho_cordova,manure
Frank J Borges Dairy,8350 E Brady Rd Manteca San Joaquin 95337,,,B &M Hauling,11708 E Moncure Ave Ripon CA 95366,B&M Farms,11708 E Moncure Ave Ripon CA 95366,Manteca 95366,Lorenzen Rd San Joaquin,Farmer,,,,,,,,,,06/25/2024,,2024-06-25,False,UNSURE,,,,,,,,,6864.0,,,41.3,,Tons X Loads,,R5-2007-0035_software,8350 E Brady Ave Manteca 2024 Dairy AR,47,48,1,rancho_cordova,manure
Frank J Borges Dairy,8350 E Brady Rd Manteca San Joaquin 95337,,,B &M Hauling,11708 E Moncure Ave Ripon CA 95366,B&M Farms,11708 E Moncure Ave Ripon CA 95366,Manteca 95366,Lorenzen Rd San Joaquin,Farmer,,,,,,,,,,11/10/2024,,2024-11-10,False,UNSURE,,,,,,,,,7332.0,,,27.1,,Tons X Loads,,R5-2007-0035_software,8350 E Brady Ave Manteca 2024 Dairy AR,49,50,2,rancho_cordova,manure
Live Oak Dairy E,8450 S Hwy 33 Gustine Merced 95322,,,Pipeline,8450 S 33 Hwy Gustine CA 95322,Paul Lopes,9720 S Whitworth Ave Gustine CA 95322,9720 S Whitworth Ave Gustine 95322,Merced,Farmer,,,,,,,,,,03/01/2024,,2024-03-01,True,False,,,,,7280000.0,,,,,,,,,,Flowmeter,R5-2007-0035_software,8450 S Hwy 33 Gustine 2024 Dairy AR,85,86,1,rancho_cordova,wastewater
Live Oak Dairy E,8450 S Hwy 33 Gustine Merced 95322,,,Pipeline,8450 S 33 Hwy Gustine CA 95322,Paul Lopes,9720 S Whitworth Ave Gustine CA 95322,9720 S Whitworth Ave Gustine 95322,Merced,Farmer,,,,,,,,,,03/01/2024,,2024-03-01,True,False,,,,,10000000.0,,,,,,,,,,Flowmeter,R5-2007-0035_software,8450 S Hwy 33 Gustine 2024 Dairy AR,87,88,2,rancho_cordova,wastewater
,,,,Rivercrest Cattle,,B&M Farms,11708 E. Moncure Road Ripon CA 95366,1221 W. Lorenzen Road Tracy CA 95304,,,,,,,,,,,,4/10/2024 To 6/10/2024,2024-04-10,2024-06-10,False,UNSURE,,,,,,25.0,,259.0,6475.0,,,,73.5,259 Loads At 25 Ton Per Load,,R5-2007-0035_general_order,8600 Dos Rios Ln Modesto 2024 Dairy AR,93,94,1,rancho_cordova,manure
,,,,Rivercrest Cattle,,B&M Farms,11708 E. Moncure Road Ripon CA 95366,1221 W. Lorenzen Road Tracy CA 95304,,,,,,,,,,,,6/15/24 To 10/30/24,2024-06-15,2024-10-30,False,UNSURE,,,,,,25.0,,93.0,2325.0,,,,24.3,93 Loads At 25 Ton Per Load,,R5-2007-0035_general_order,8600 Dos Rios Ln Modesto 2024 Dairy AR,95,96,2,rancho_cordova,manure
,,,,Rivercrest Cattle,,Relm Dairy,6721 Perrin Road Manteca CA 95337,6721 Perrin Road Manteca CA,,,,257-130-02,,,,,,,,6/6/2024,,2024-06-06,False,UNSURE,,,,,,25.0,,46.0,1150.0,,,,29.7,46 Loads At 25 Ton Per Load,,R5-2007-0035_general_order,8600 Dos Rios Ln Modesto 2024 Dairy AR,97,98,3,rancho_cordova,manure
,,,,Rivercrest Cattle,,Relm Properties,11708 E. Moncure Rd. Manteca CA 95337,6524 Perrin Road Manteca CA,,,,257-120-01,,,,,,,,7/20/2024 To 11/10/2024,2024-07-20,2024-11-10,False,UNSURE,,,,,,25.0,,90.0,2250.0,,,,82.7,90 Loads At 25 Ton Per Load,,R5-2007-0035_general_order,8600 Dos Rios Ln Modesto 2024 Dairy AR,99,100,4,rancho_cordova,manure
Tierabuenaranch,8632 W Meadow Dr Winton Merced 95388,,,Kenneth Stone Spreading,CA 95388,Stone Spreading,,5175 Shaw Ave Winton 95388,County,Broker,,,,,,,,,,09/28/2024,,2024-09-28,False,UNSURE,,,,,,,,,2200.0,,,36.8,,20 Yd Side Dump,,R5-2007-0035_software,8632 W Meandow Dr Winton 2024 Dairy AR,74,75,1,rancho_cordova,manure
Tierabuenaranch,8632 W Meadow Dr Winton Merced 95388,,,Kenneth Stone Spreading,5175 Shaw Winton CA 95388,Stone Spreading,,5175 Shaw Ave Winton 95388,Merced,Broker,,,,,,,,,,06/13/2024,,2024-06-13,False,UNSURE,,,,,,,,,,,,,,,,R5-2007-0035_software,8632 W Meandow Dr Winton 2024 Dairy AR,76,77,2,rancho_cordova,unknown
Tierabuenaranch,8632 W Meadow Dr Winton Merced 95388,,,Kenneth Stone Spreadin,5175 Shaw Winton CA 95388,Stone Spreading,,5175 Shaw Ave Winton 95388,Merced,Broker,,,,,,,,,,03/18/2024,,2024-03-18,False,UNSURE,,,,,,,,,3014.0,,,25.1,,20 Yd Side Dump,,R5-2007-0035_software,8632 W Meandow Dr Winton 2024 Dairy AR,78,79,3,rancho_cordova,manure
Tierra Buena Ranch,Merced 95388,,,Kenneth Stone Spreading,CA 95388,Stone Spreadin,5175 Shaw Ave Winton CA 95388,5175 Shaw Ave Winton 95388,County,Broker,,,,,,,,,,12/02/2024,,2024-12-02,False,UNSURE,,,,,,,,,2104.0,,,36.2,,20 Yd Side Dump,,R5-2007-0035_software,8632 W Meandow Dr Winton 2024 Dairy AR,80,81,4,rancho_cordova,manure
Riveroak Dairy #20,9161 Warnerville Road Oakdale CA 95361,,,Caton Ag INC.,14303 S. Campbell Road Escalon CA 95230,Advanced Soils,14303 S. Campbell Road Escalon CA 95320,14303 S. Campbell Road Escalon CA,,,,207-320-20,,,,,,,,10/2/2024,,2024-10-02,False,UNSURE,,,,,,,,,,,,,,,I,R5-2013-0122_general_order,9161 Warnerville Rd Oakdale 2024 Dairy AR,33,34,1,rancho_cordova,unknown
Soares Dairy Lp,9201 Hilmar Rd Turlock Stanislaus 95380,,,Five Star Hauling,P.O. Box 488 Gustine CA 95322,Five Star Hauling,488 Gustine CA 95322,Gustine 95322,. Merced,Broker,,,,,,,,,,06/04/2024,,2024-06-04,False,UNSURE,,,,,,,,,3900.0,,,91.0,,Tons Per Load,,R5-2007-0035_software,9201 Hilmar Rd Turlock 2024 Dairy AR,85,86,1,rancho_cordova,manure
Soares Dairy Lp,9201 Hilmar Rd Turlock Stanislaus 95380,,,Five Star Hauling,P.O. Box 488 Gustine CA 95322,Five Star Hauling,488 Gustine CA 95322,Gustine 95322,. Merced,Broker,,,,,,,,,,10/05/2024,,2024-10-05,False,UNSURE,,,,,,,,,5200.0,,,19.2,,Tons Per Load,,R5-2007-0035_software,9201 Hilmar Rd Turlock 2024 Dairy AR,87,88,2,rancho_cordova,manure
Joe Soares Dairy #4,9207 American Ave Hilmar Stanislaus 95324,,,Cardoso Farm Services INC.,P.O. Box 189 Delhi CA 95315,Cardoso Farm Services INC,189 Delhi CA 95315,Delhi 95315,August Ave Merced,Broker,,,,,,,,,,05/28/2024,,2024-05-28,False,UNSURE,,,,,,,,,6344.0,,,21.2,,Tons X Loads,,R5-2007-0035_software,9207 American Ave Hilmar 2024 Dairy AR,36,37,1,,manure
Joe Soares Dairy #4,9207 American Ave Hilmar Stanislaus 95324,,,Cardoso Farm Services INC.,P.O. Box 189 Delhi CA 95315,Cardoso Farm Services INC,189 Delhi CA 95315,Delhi 95315,August Ave Merced,Broker,,,,,,,,,,10/30/2024,,2024-10-30,False,UNSURE,,,,,,,,,2782.0,,,29.3,,Tons X Loads,,R5-2007-0035_software,9207 American Ave Hilmar 2024 Dairy AR,38,39,2,,manure
T & C Louters Dairy,921 W Sandy Mush Rd Merced Merced 95341,,,Kenneth Stone & Family Spreading,5175 Shaw Winton CA 95388,Kenneth Stone & Family Spreading,5175 Shaw Ave Winton CA 95388,1510 Washington Rd El Nido 94317,Merced,Composting Facility,,,,,,,,,,01/17/2024,,2024-01-17,False,UNSURE,,,,,,,,,1232.0,,,27.6,,Truck Loads Multiplied By Average Scale Weight.,,R5-2007-0035_software,921 W Sandy Mush Rd Merced 2024 Dairy AR,27,28,1,rancho_cordova,manure
T & C Louters Dairy,921 W Sandy Mush Rd Merced Merced 95341,,,Kenneth Stone & Family Spreading,5175 Shaw Winton CA 95388,Kenneth Stone & Family Spreading,5175 Shaw Ave Winton CA 95388,1510 Washington El Nido 94317,Merced,Composting Facility,,,,,,,,,,01/17/2024,,2024-01-17,False,UNSURE,,,,,,,,,176.0,,,27.6,,Truck Loads Multiplied By Average Scale Weights.,,R5-2007-0035_software,921 W Sandy Mush Rd Merced 2024 Dairy AR,29,30,2,rancho_cordova,manure
T & C Louters Dairy,921 W Sandy Mush Rd Merced Merced 95341,,,Kenneth Stone & Family Spreading,5175 Shaw Winton CA 95388,Kenneth Stone & Family Spreading,5175 Shaw Ave Winton CA 95388,1510 Washington El Nido 94317,Merced,Composting Facility,,,,,,,,,,04/18/2024,,2024-04-18,False,UNSURE,,,,,,,,,396.0,,,27.6,,Truck Loads Multiplied By Average Scale Weights.,,R5-2007-0035_software,921 W Sandy Mush Rd Merced 2024 Dairy AR,31,32,3,rancho_cordova,manure
T & C Louters Dairy,921 W Sandy Mush Rd Merced Merced 95341,,,Kenneth Stone & Family Spreading,5175 Shaw Winton CA 95388,Kenneth Stone & Family Spreading,5175 Shaw Ave Winton CA 95388,1510 Washington El Nido 94317,Merced,Composting Facility,,,,,,,,,,05/17/2024,,2024-05-17,False,UNSURE,,,,,,,,,440.0,,,27.6,,Truck Loads Multiplied By Average Scale Weights.,,R5-2007-0035_software,921 W Sandy Mush Rd Merced 2024 Dairy AR,33,34,4,rancho_cordova,manure
T & C Louters Dairy,921 W Sandy Mush Rd Merced Merced 95341,,,Kenneth Stone & Family Spreading,5175 Shaw Winton CA 95388,Kenneth Stone & Family Spreading,5175 Shaw Ave Winton CA 95388,1510 Washington El Nido 94317,Merced,Composting Facility,,,,,,,,,,06/28/2024,,2024-06-28,False,UNSURE,,,,,,,,,229.0,,,27.6,,Truck Loads Multiplied By Average Scale Weights.,,R5-2007-0035_software,921 W Sandy Mush Rd Merced 2024 Dairy AR,35,36,5,rancho_cordova,manure
T & C Louters Dairy,921 W Sandy Mush Rd Merced Merced 95341,,,Kenneth Stone & Family Spreading,5175 Shaw Winton CA 95388,Kenneth Stone & Family Spreading,5175 Shaw Ave Winton CA 95388,5175 Shaw Winton 95355,Merced,Composting Facility,,,,,,,,,,08/01/2024,,2024-08-01,False,UNSURE,,,,,,,,,163.0,,,27.6,,Truck Loads Multiplied By Average Scale Weights.,,R5-2007-0035_software,921 W Sandy Mush Rd Merced 2024 Dairy AR,37,38,6,rancho_cordova,manure
T & C Louters Dairy,921 W Sandy Mush Rd Merced Merced 95341,,,Kenneth Stone & Family Spreading,5175 Shaw Winton CA 95388,Kenneth Stone & Family Spreading,5175 Shaw Ave Winton CA 95388,1510 Washington El Nido 94317,Merced,Composting Facility,,,,,,,,,,12/03/2024,,2024-12-03,False,UNSURE,,,,,,,,,462.0,,,23.5,,Truck Loads Multiplied By Average Scale Weights.,,R5-2007-0035_software,921 W Sandy Mush Rd Merced 2024 Dairy AR,39,40,7,rancho_cordova,manure
Dematos Dairy,931 S Blaker Rd Turlock Stanislaus 95380,,,Faria And Son Backhoe Service,20399 Williams Ave Hilmar CA 95324,Faria And Son Backhoe,20399 Williams Ave Hilmar CA 95324,Hilmar 95324,Williams Ave Stanislaus,Broker,,,,,,,,,,11/12/2024,,2024-11-12,False,UNSURE,,,,,,,,,560.0,,,41.0,,Tons Per Load,,R5-2007-0035_software,931 S Blaker Rd Turlock 2024 Dairy AR,34,35,1,,manure
Ken Van Foeken Dairy #2,9735 Washington Road Hilmar CA 95324,,,Ken Van Foeken Dairy #2,9735 Washington Road Hilmar CA 95324,B & D Dairy,9579 Hultberg Road Hilmar 95324,Short Ave & Cummings Road Hilmar 95324 Merced County,,Farmer,,,,,,,,,,1/8/24 3/7/24 3/27/24 6/21/24 7/1/24 7/11/24 7/19/24 & 10/15/24,2024-01-08,2024-10-15,False,UNSURE,,,,,8437280.0,,,,,,,,,,Pump Run Time X Total Hours,R5-2007-0035_general_order,"9375 N Washington Rd, Hilmar 2024 Dairy AR",37,38,1,rancho_cordova,wastewater
Ken Van Foeken Dairy #2,9375 Washington Road Hilmar CA 95324,,,Silva & Sons LLC,23616 Williams Avenue Hilmar CA 95324,Silva & Sons LLC,23616 Williams Avenue Hilmar 95324,23616 Williams Avenue Hilmar 95324,,Broker,,,,,,,,,,6/20/2024,,2024-06-20,False,UNSURE,,,,,,,,,2800.0,,,70.7,,Number Of Truckloads X Average Truck Weight,,R5-2007-0035_general_order,"9375 N Washington Rd, Hilmar 2024 Dairy AR",39,40,2,rancho_cordova,manure
Th Mello & Sons Dairy,9390 Harvey Rd. Galt 95632,,,Lester Mello,9390 Harvey Rd. Galt 95632,Gwerder Family Ranch,8980 Kost Rd. Galt 95632,Kost Rd. Galt 95632,,,,8992-9198,,,,,,,,Oct 28-Nov. 5 2024,2024-10-28,2024-11-01,False,UNSURE,,,,,,,,,288.0,,,52.7,,Hauler's Estimate,,R5-2007-0035_general_order,9390 Harvey Rd Galt 2024 Dairy AR,47,48,1,rancho_cordova,manure
Gold Medal Ag #1,9483 Columbus Ave Hilmar Merced 95324,,,Pipeline,9483 Columbia Ave Hilmar CA 95324,Aaron Wickstrom,22245 August Ave Hilmar CA 95324,,,Farmer,,0045-0180-0021-0000,Merced,,,,,,,01/08/2024,,2024-01-08,True,False,,,,,1900000.0,,,,,,,,,,Flowmeter,R5-2007-0035_software,"9483 Columbus Ave, Hilmar 2024 Dairy AR",75,76,1,rancho_cordova,wastewater
Gold Medal Ag #1,9483 Columbus Ave Hilmar Merced 95324,,,Pipeline,9483 Columbia Ave Hilmar CA 95324,Curtis Van Foekin,22245 August Ave Hilmar CA 95324,22338 Short Ave Hilmar 95324,Merced,Farmer,,,,,,,,,,02/08/2024,,2024-02-08,True,False,,,,,1350000.0,,,,,,,,,,Flowmeter,R5-2007-0035_software,"9483 Columbus Ave, Hilmar 2024 Dairy AR",77,78,2,rancho_cordova,wastewater
Gold Medal Ag #1,9483 Columbus Ave Hilmar Merced 95324,,,Pipeline,9483 Columbia Ave Hilmar CA 95324,Aaron Wickstrom,22245 August Ave Hilmar CA 95324,,,Farmer,,0045-0180-0021-0000,Merced,,,,,,,02/26/2024,,2024-02-26,True,False,,,,,2090000.0,,,,,,,,,,Flowmeter,R5-2007-0035_software,"9483 Columbus Ave, Hilmar 2024 Dairy AR",79,80,3,rancho_cordova,wastewater
Gold Medal Ag #1,9483 Columbus Ave Hilmar Merced 95324,,,Pipeline,9483 Columbia Ave Hilmar CA 95324,Antonio Thomas,6612 Prarie Flower Rd Turlock CA 95380,,,Farmer,,0045-0140-0006-0000,Stanislaus,,,,,,,03/22/2024,,2024-03-22,True,False,,,,,2520000.0,,,,,,,,,,Flowmeter,R5-2007-0035_software,"9483 Columbus Ave, Hilmar 2024 Dairy AR",81,82,4,rancho_cordova,wastewater
Gold Medal Ag #1,9483 Columbus Ave Hilmar Merced 95324,,,Pipeline,9483 Columbia Ave Hilmar CA 95324,Aaron Wickstrom,22245 August Ave Hilmar CA 95324,,,Farmer,,0045-0180-0023-0000,Merced,,,,,,,03/25/2024,,2024-03-25,True,False,,,,,4180000.0,,,,,,,,,,Flowmeter,R5-2007-0035_software,"9483 Columbus Ave, Hilmar 2024 Dairy AR",83,84,5,rancho_cordova,wastewater
Gold Medal Ag #1,9483 Columbus Ave Hilmar Merced 95324,,,Pipeline,9483 Columbia Ave Hilmar CA 95324,Joe Egli,21536 August Ave Hilmar CA 95324,,,Farmer,,0045-0140-0054-0000,Merced,,,,,,,04/03/2024,,2024-04-03,True,False,,,,,2970000.0,,,,,,,,,,Flowmeter,R5-2007-0035_software,"9483 Columbus Ave, Hilmar 2024 Dairy AR",85,86,6,rancho_cordova,wastewater
Gold Medal Ag #1,9483 Columbus Ave Hilmar Merced 95324,,,Pipeline,9483 Columbia Ave Hilmar CA 95324,Antonio Thomas,6612 Prarie Flower Rd Turlock CA 95380,,,Farmer,,0045-0140-0006-0000,Stanislaus,,,,,,,04/11/2024,,2024-04-11,True,False,,,,,2470000.0,,,,,,,,,,Flowmeter,R5-2007-0035_software,"9483 Columbus Ave, Hilmar 2024 Dairy AR",87,88,7,rancho_cordova,wastewater
Gold Medal Ag #1,9483 Columbus Ave Hilmar Merced 95324,,,Pipeline,9483 Columbia Ave Hilmar CA 95324,Aaron Wickstrom,22245 August Ave Hilmar CA 95324,,,Farmer,,0045-0180-0021-0000,Merced,,,,,,,04/15/2024,,2024-04-15,True,False,,,,,1540000.0,,,,,,,,,,Flowmeter,R5-2007-0035_software,"9483 Columbus Ave, Hilmar 2024 Dairy AR",89,90,8,rancho_cordova,wastewater
Gold Medal Ag #1,9483 Columbus Ave Hilmar Merced 95324,,,5 Star Spreading,219 Jensen Rd Gustine CA 95322,Eric Rocha,2406 S Walnut Rd Turlock CA 95380,,,Broker,,0045-0330-0020-0000,Merced,,,,,,,04/23/2024,,2024-04-23,False,UNSURE,,,,,,,,,1830.0,,,44.4,,Hauler's Calculations,,R5-2007-0035_software,"9483 Columbus Ave, Hilmar 2024 Dairy AR",91,92,9,rancho_cordova,manure
Gold Medal Ag #1,9483 Columbus Ave Hilmar Merced 95324,,,Pipeline,9483 Columbia Ave Hilmar CA 95324,Rui Avila,9360 Tegner Rd Hilmar CA 95324,9360 Tegner Rd Hilmar 95324,Merced,Farmer,,,,,,,,,,05/14/2024,,2024-05-14,True,False,,,,,2200000.0,,,,,,,,,,Flowmeter,R5-2007-0035_software,"9483 Columbus Ave, Hilmar 2024 Dairy AR",93,94,10,rancho_cordova,wastewater
Gold Medal Ag #1,9483 Columbus Ave Hilmar Merced 95324,,,Pipeline,9483 Columbia Ave Hilmar CA 95324,Mike Anderson,21510 American Ave Hilmar CA 95324,21510 American Ave Hilmar 95324,Merced,Farmer,,,,,,,,,,05/28/2024,,2024-05-28,True,False,,,,,650000.0,,,,,,,,,,Flowmeter,R5-2007-0035_software,"9483 Columbus Ave, Hilmar 2024 Dairy AR",95,96,11,rancho_cordova,wastewater
Gold Medal Ag #1,9483 Columbus Ave Hilmar Merced 95324,,,Pipeline,9483 Columbia Ave Hilmar CA 95324,Eric Huff,9579 Hultbert Rd Hilmar CA 95324,9579 Hultberg Rd Hilmar 95324,Merced,Farmer,,,,,,,,,,06/20/2024,,2024-06-20,True,False,,,,,1700000.0,,,,,,,,,,Flowmeter,R5-2007-0035_software,"9483 Columbus Ave, Hilmar 2024 Dairy AR",97,98,12,rancho_cordova,wastewater
Gold Medal Ag #1,9483 Columbus Ave Hilmar Merced 95324,,,Pipeline,9483 Columbia Ave Hilmar CA 95324,Eric Huff,9579 Hultbert Rd Hilmar CA 95324,9579 Hulberg Rd Hilmar 95324,Merced,Farmer,,,,,,,,,,06/30/2024,,2024-06-30,True,False,,,,,1200000.0,,,,,,,,,,Flowmeter,R5-2007-0035_software,"9483 Columbus Ave, Hilmar 2024 Dairy AR",99,100,13,rancho_cordova,wastewater
Gold Medal Ag #1,9483 Columbus Ave Hilmar Merced 95324,,,Pipeline,9483 Columbia Ave Hilmar CA 95324,Antonio Thomas,6612 Prarie Flower Rd Turlock CA 95380,,,Farmer,,0045-0140-0006-0000,Stanislaus,,,,,,,07/03/2024,,2024-07-03,True,False,,,,,3600000.0,,,,,,,,,,Flowmeter,R5-2007-0035_software,"9483 Columbus Ave, Hilmar 2024 Dairy AR",101,102,14,rancho_cordova,wastewater
Gold Medal Ag #1,9483 Columbus Ave Hilmar Merced 95324,,,Pipeline,9483 Columbia Ave Hilmar CA 95324,Eric Huff,9579 Hultbert Rd Hilmar CA 95324,9579 Hultberg Rd Hilmar 95324,Merced,Farmer,,,,,,,,,,07/09/2024,,2024-07-09,True,False,,,,,1800000.0,,,,,,,,,,Flowmeter,R5-2007-0035_software,"9483 Columbus Ave, Hilmar 2024 Dairy AR",103,104,15,rancho_cordova,wastewater
Gold Medal Ag #1,9483 Columbus Ave Hilmar Merced 95324,,,Pipeline,9483 Columbia Ave Hilmar CA 95324,Antonio Thomas,6612 Prarie Flower Rd Turlock CA 95380,,,Farmer,,0045-0140-0006-0000,Stanislaus,,,,,,,07/11/2024,,2024-07-11,True,False,,,,,2040000.0,,,,,,,,,,Flowmeter,R5-2007-0035_software,"9483 Columbus Ave, Hilmar 2024 Dairy AR",105,106,16,rancho_cordova,wastewater
Gold Medal Ag #1,9483 Columbus Ave Hilmar Merced 95324,,,Pipeline,9483 Columbia Ave Hilmar CA 95324,Deus Family Farms,19664 Crane Ave Hilmar CA 95324,,,Farmer,,0045-0140-0002-0000,Merced,,,,,,,07/12/2024,,2024-07-12,True,False,,,,,1800000.0,,,,,,,,,,Flowmeter,R5-2007-0035_software,"9483 Columbus Ave, Hilmar 2024 Dairy AR",107,108,17,rancho_cordova,wastewater
Gold Medal Ag #1,9483 Columbus Ave Hilmar Merced 95324,,,Pipeline,9483 Columbia Ave Hilmar CA 95324,Eric Huff,9579 Hultbert Rd Hilmar CA 95324,9579 Hultberg Rd Hilmar 95324,Merced,Farmer,,,,,,,,,,07/18/2024,,2024-07-18,True,False,,,,,600000.0,,,,,,,,,,Flowmeter,R5-2007-0035_software,"9483 Columbus Ave, Hilmar 2024 Dairy AR",109,110,18,rancho_cordova,wastewater
Gold Medal Ag #1,9483 Columbus Ave Hilmar Merced 95324,,,Pipeline,9483 Columbia Ave Hilmar CA 95324,Antonio Thomas,6612 Prarie Flower Rd Turlock CA 95380,,,Farmer,,0045-0140-0006-0000,Stanislaus,,,,,,,07/21/2024,,2024-07-21,True,False,,,,,2160000.0,,,,,,,,,,Flowmeter,R5-2007-0035_software,"9483 Columbus Ave, Hilmar 2024 Dairy AR",111,112,19,rancho_cordova,wastewater
Gold Medal Ag #1,9483 Columbus Ave Hilmar Merced 95324,,,Pipeline,9483 Columbia Ave Hilmar CA 95324,Deus Family Farms,19664 Crane Ave Hilmar CA 95324,,,Farmer,,0045-0140-0002-0000,Merced,,,,,,,07/31/2024,,2024-07-31,True,False,,,,,2250000.0,,,,,,,,,,Flowmeter,R5-2007-0035_software,"9483 Columbus Ave, Hilmar 2024 Dairy AR",113,114,20,rancho_cordova,wastewater
Gold Medal Ag #1,9483 Columbus Ave Hilmar Merced 95324,,,Pipeline,9483 Columbia Ave Hilmar CA 95324,Deus Family Farms,19664 Crane Ave Hilmar CA 95324,,,Farmer,,0045-0140-0002-0000,Merced,,,,,,,08/19/2024,,2024-08-19,True,False,,,,,2400000.0,,,,,,,,,,Flowmeter,R5-2007-0035_software,"9483 Columbus Ave, Hilmar 2024 Dairy AR",115,116,21,rancho_cordova,wastewater
Gold Medal Ag #1,9483 Columbus Ave Hilmar Merced 95324,,,Pipeline,9483 Columbia Ave Hilmar CA 95324,Joe Egli,21536 August Ave Hilmar CA 95324,,,Farmer,,0045-0140-0054-0000,Merced,,,,,,,08/28/2024,,2024-08-28,True,False,,,,,3080000.0,,,,,,,,,,Flowmeter,R5-2007-0035_software,"9483 Columbus Ave, Hilmar 2024 Dairy AR",117,118,22,rancho_cordova,wastewater
Gold Medal Ag #1,9483 Columbus Ave Hilmar Merced 95324,,,5 Star Spreading,219 Jensen Rd Gustine CA 95322,Eric Rocha,2406 S Walnut Rd Turlock CA 95380,,,Broker,,0045-0330-0021-0000,Merced,,,,,,,09/04/2024,,2024-09-04,False,UNSURE,,,,,,,,,80.0,,,85.8,,Hauler's Calculations,,R5-2007-0035_software,"9483 Columbus Ave, Hilmar 2024 Dairy AR",119,120,23,rancho_cordova,manure
Gold Medal Ag #1,9483 Columbus Ave Hilmar Merced 95324,,,Pipeline,9483 Columbia Ave Hilmar CA 95324,Antonio Thomas,6612 Prarie Flower Rd Turlock CA 95380,,,Farmer,,0045-0140-0006-0000,Stanislaus,,,,,,,10/11/2024,,2024-10-11,True,False,,,,,3910000.0,,,,,,,,,,Flowmeter,R5-2007-0035_software,"9483 Columbus Ave, Hilmar 2024 Dairy AR",121,122,24,rancho_cordova,wastewater
Gold Medal Ag #1,9483 Columbus Ave Hilmar Merced 95324,,,Pipeline,9483 Columbia Ave Hilmar CA 95324,Eric Huff,9579 Hultbert Rd Hilmar CA 95324,9579 Hultberg Rd Hilmar 95324,Merced,Farmer,,,,,,,,,,10/21/2024,,2024-10-21,True,False,,,,,3200000.0,,,,,,,,,,Flowmeter,R5-2007-0035_software,"9483 Columbus Ave, Hilmar 2024 Dairy AR",123,124,25,rancho_cordova,wastewater
Gold Medal Ag #1,9483 Columbus Ave Hilmar Merced 95324,,,Pipeline,9483 Columbia Ave Hilmar CA 95324,Antonio Thomas,6612 Prarie Flower Rd Turlock CA 95380,,,Farmer,,0045-0140-0006-0000,Stanislaus,,,,,,,10/28/2024,,2024-10-28,True,False,,,,,900000.0,,,,,,,,,,Flowmeter,R5-2007-0035_software,"9483 Columbus Ave, Hilmar 2024 Dairy AR",125,126,26,rancho_cordova,wastewater
Gold Medal Ag #1,9483 Columbus Ave Hilmar Merced 95324,,,5 Star Spreading,219 Jensen Rd Gustine CA 95322,Eric Rocha,2406 S Walnut Rd Turlock CA 95380,,,Broker,,0044-0016-0003-0000,Stanislaus,,,,,,,11/01/2024,,2024-11-01,False,UNSURE,,,,,,,,,50.0,,,85.8,,Hauler's Calculations,,R5-2007-0035_software,"9483 Columbus Ave, Hilmar 2024 Dairy AR",127,128,27,rancho_cordova,manure
Gold Medal Ag #1,9483 Columbus Ave Hilmar Merced 95324,,,Pipeline,9483 Columbia Ave Hilmar CA 95324,Aaron Wickstrom,22245 August Ave Hilmar CA 95324,,,Farmer,,0045-0180-0021-0000,Merced,,,,,,,12/02/2024,,2024-12-02,True,False,,,,,3800000.0,,,,,,,,,,Flowmeter,R5-2007-0035_software,"9483 Columbus Ave, Hilmar 2024 Dairy AR",129,130,28,rancho_cordova,wastewater
Gold Medal Ag #1,9483 Columbus Ave Hilmar Merced 95324,,,Pipeline,9483 Columbia Ave Hilmar CA 95324,Antonio Thomas,6612 Prarie Flower Rd Turlock CA 95380,,,Farmer,,0045-0140-0006-0000,Sacramento,,,,,,,12/17/2024,,2024-12-17,True,False,,,,,1740000.0,,,,,,,,,,Flowmeter,R5-2007-0035_software,"9483 Columbus Ave, Hilmar 2024 Dairy AR",131,132,29,rancho_cordova,wastewater
Gold Medal Ag #1,9483 Columbus Ave Hilmar Merced 95324,,,Pipeline,9483 Columbia Ave Hilmar CA 95324,Aaron Wickstrom,22245 August Ave Hilmar CA 95324,,,Farmer,,0045-0180-0021-0000,Merced,,,,,,,12/20/2024,,2024-12-20,True,False,,,,,1760000.0,,,,,,,,,,Flowmeter,R5-2007-0035_software,"9483 Columbus Ave, Hilmar 2024 Dairy AR",133,134,30,rancho_cordova,wastewater
Gold Medal Ag #1,9483 Columbus Ave Hilmar Merced 95324,,,Pipeline,9483 Columbia Ave Hilmar CA 95324,Deus Family Farms,19664 Crane Ave Hilmar CA 95324,,,Farmer,,0045-0140-0002-0000,Merced,,,,,,,12/27/2024,,2024-12-27,True,False,,,,,7040000.0,,,,,,,,,,Flowmeter,R5-2007-0035_software,"9483 Columbus Ave, Hilmar 2024 Dairy AR",135,136,31,rancho_cordova,wastewater
New Hope Diary,9551 New Hope Rd Galt CA 95632,,,Bruce Mellor INC.,18119 E. Avena Rd. Escalon CA 95320,Frank,Frank,6111 Lambie Rd Suisun City CA 94585,,E.B. Stone,,,,,,,,,,1/1/2024-12/31/2024,2024-01-01,2024-12-31,False,UNSURE,,,,,,,,,2304.0,,,,,Hauler's Estimate,,R5-2007-0035_general_order,9547 New Hope Rd Galt 2024 Dairy AR,37,38,1,rancho_cordova,manure
New Hope Dairy,9547 New Hope Rd. Galt 95632,,,Billy Phillips,E. Blvd. Galt 95632,Same,Same,Macdoel,,,,0003-0260-0010-0000,,,,,,,,January-December 2024,2024-01-01,2024-12-31,False,UNSURE,,,,,,,,,240.0,,,41.3,,Hauler's Estimate,,R5-2007-0035_general_order,9547 New Hope Rd Galt 2024 Dairy AR,39,40,2,rancho_cordova,manure
New Hope Dairy,9547 New Hope Rd. Galt 95632,,,Pipeline From Dairy,9547 New Hope Rd. Galt 95632,Russ Fields,9416 New Hope Rd. Galt 95632,Same,,,,,,,,,,,,January & February 2024,,2024-01-01,True,False,,,,,1150000.0,,,,,,,,,,Gallons Per Minute,R5-2007-0035_general_order,9547 New Hope Rd Galt 2024 Dairy AR,41,42,3,rancho_cordova,wastewater
New Hope Dairy,9547 New Hope Rd. Galt 95632,,,Pipeline From Dairy,9547 New Hope Rd. Galt 95632,Ron Silva,11211 Valensin Rd. Galt 95632,Northeast Corner Of New Hope Rd. And Valley Tree Rd.,,,,,,,,,,,,February 2024,,,True,False,,,,,400000.0,,,,,,,,,,Gallons Per Minute,R5-2007-0035_general_order,9547 New Hope Rd Galt 2024 Dairy AR,43,44,4,rancho_cordova,wastewater
New Hope Dairy,9547 New Hope Rd. Galt 95632,,,Pipeline From Dairy,9547 New Hope Rd. Galt 95632,Russ Fields,9416 New Hope Rd. Galt 95632,Same,,,,,,,,,,,,April 2024,,,True,False,,,,,350000.0,,,,,,,,,,Gallons Per Minute,R5-2007-0035_general_order,9547 New Hope Rd Galt 2024 Dairy AR,45,46,5,rancho_cordova,wastewater
New Hope Dairy,9547 New Hope Rd. Galt 95632,,,Pipeline From Dairy,9547 New Hope Rd. Galt 95632,Ron Silva,11211 Valensin Rd. Galt 95632,Northeast Corner Of New Hope Rd. And Valley Tree Rd.,,,,,,,,,,,,April & May 2024,,2024-04-01,True,False,,,,,850000.0,,,,,,,,,,Gallons Per Minute,R5-2007-0035_general_order,9547 New Hope Rd Galt 2024 Dairy AR,47,48,6,rancho_cordova,wastewater
New Hope Dairy,9547 New Hope Rd. Galt 95632,,,Pipeline From Dairy,9547 New Hope Rd. Galt 95632,Ron Silva,11211 Valensin Rd. Galt 95632,Northeast Corner Of New Hope Rd. And Valley Tree Rd.,,,,,,,,,,,,August 2024,,,True,False,,,,,700000.0,,,,,,,,,,Gallons Per Minute,R5-2007-0035_general_order,9547 New Hope Rd Galt 2024 Dairy AR,49,50,7,rancho_cordova,wastewater
New Hope Dairy,9547 New Hope Rd. Galt 95632,,,Pipeline From Dairy,9547 New Hope Rd. Galt 95632,Ron Silva,11211 Valensin Rd. Galt 95632,Northeast Corner Of New Hope Rd. And Valley Tree Rd.,,,,,,,,,,,,October 2024,,,True,False,,,,,350000.0,,,,,,,,,,Gallons Per Minute,R5-2007-0035_general_order,9547 New Hope Rd Galt 2024 Dairy AR,51,52,8,rancho_cordova,wastewater
Diniz Dairy,9558 Columbus Ave Hilmar Merced 95324,,,Diniz Pipeline,9558 Columbus Ave Turlock CA 95380,Sam Avila,9630 Tegner Rd Hilmar CA 95324,Hilmar 95324,Hilmar Road Merced,Farmer,,,,,,,,,,04/07/2024,,2024-04-07,True,False,,,,,624952.0,,,,,,,,,,Pond Drop,R5-2007-0035_software,"9558 Columbus Ave, Hilmar 2024 Dairy AR",40,41,1,,wastewater
Diniz Dairy,9558 Columbus Ave Hilmar Merced 95324,,,Diniz Pipeline,9558 Columbus Ave Turlock CA 95380,Sam Avila,9630 Tegner Rd Hilmar CA 95324,Hilmar 95324,Hilmar Road Merced,Farmer,,,,,,,,,,06/30/2024,,2024-06-30,True,False,,,,,398958.0,,,,,,,,,,Pond Drop,R5-2007-0035_software,"9558 Columbus Ave, Hilmar 2024 Dairy AR",42,43,2,,wastewater
Diniz Dairy,9558 Columbus Ave Hilmar Merced 95324,,,Diniz Pipeline,9558 Columbus Ave Turlock CA 95380,Sam Avila,9630 Tegner Rd Hilmar CA 95324,Hilmar 95324,Hilmar Road Merced,Farmer,,,,,,,,,,07/23/2024,,2024-07-23,True,False,,,,,353759.0,,,,,,,,,,Pond Drop,R5-2007-0035_software,"9558 Columbus Ave, Hilmar 2024 Dairy AR",44,45,3,,wastewater
Diniz Dairy,9558 Columbus Ave Hilmar Merced 95324,,,Diniz Pipeline,9558 Columbus Ave Turlock CA 95380,Sam Avila,9630 Tegner Rd Hilmar CA 95324,Hilmar 95324,Hilmar Road Merced,Farmer,,,,,,,,,,08/17/2024,,2024-08-17,True,False,,,,,308560.0,,,,,,,,,,Pond Drop,R5-2007-0035_software,"9558 Columbus Ave, Hilmar 2024 Dairy AR",46,47,4,,wastewater
Diniz Dairy,9558 Columbus Ave Hilmar Merced 95324,,,Diniz Pipeline,9558 Columbus Ave Turlock CA 95380,Sam Avila,9630 Tegner Rd Hilmar CA 95324,Hilmar 95324,Hilmar Road Merced,Farmer,,,,,,,,,,10/09/2024,,2024-10-09,True,False,,,,,534554.0,,,,,,,,,,Pond Drop,R5-2007-0035_software,"9558 Columbus Ave, Hilmar 2024 Dairy AR",48,49,5,,wastewater
Diniz Dairy,9558 Columbus Ave Hilmar Merced 95324,,,Diniz Pipeline,9558 Columbus Ave Turlock CA 95380,Babelle Brothers,9374 Columbus Ave Hilmar CA 95324,9374 Columbus Ave Hilmar 95324,Merced,Farmer,,,,,,,,,,01/06/2024,,2024-01-06,True,False,,,,,489356.0,,,,,,,,,,Pond Drop,R5-2007-0035_software,"9558 Columbus Ave, Hilmar 2024 Dairy AR",50,51,6,,wastewater
Diniz Dairy,9558 Columbus Ave Hilmar Merced 95324,,,Diniz Pipeline,9558 Columbus Ave Turlock CA 95380,Babelle Brothers,9374 Columbus Ave Hilmar CA 95324,9374 Columbus Ave Hilmar 95324,Merced,Farmer,,,,,,,,,,01/17/2024,,2024-01-17,True,False,,,,,489356.0,,,,,,,,,,Pond Drop,R5-2007-0035_software,"9558 Columbus Ave, Hilmar 2024 Dairy AR",52,53,7,,wastewater
Diniz Dairy,9558 Columbus Ave Hilmar Merced 95324,,,Diniz Pipeline,9558 Columbus Ave Turlock CA 95380,Babelle Brothers,9374 Columbus Ave Hilmar CA 95324,9374 Columbus Ave Hilmar 95324,Merced,Farmer,,,,,,,,,,02/29/2024,,2024-02-29,True,False,,,,,624952.0,,,,,,,,,,Pond Drop,R5-2007-0035_software,"9558 Columbus Ave, Hilmar 2024 Dairy AR",54,55,8,,wastewater
Diniz Dairy,9558 Columbus Ave Hilmar Merced 95324,,,Diniz Pipeline,9558 Columbus Ave Turlock CA 95380,Babelle Brothers,9374 Columbus Ave Hilmar CA 95324,9374 Columbus Ave Hilmar 95324,Merced,Farmer,,,,,,,,,,03/19/2024,,2024-03-19,True,False,,,,,624952.0,,,,,,,,,,Pond Drop,R5-2007-0035_software,"9558 Columbus Ave, Hilmar 2024 Dairy AR",56,57,9,,wastewater
Diniz Dairy,9558 Columbus Ave Hilmar Merced 95324,,,Diniz Pipeline,9558 Columbus Ave Turlock CA 95380,Babelle Brothers,9374 Columbus Ave Hilmar CA 95324,9374 Columbus Ave Hilmar 95324,Merced,Farmer,,,,,,,,,,05/02/2024,,2024-05-02,True,False,,,,,715349.0,,,,,,,,,,Pond Drop,R5-2007-0035_software,"9558 Columbus Ave, Hilmar 2024 Dairy AR",58,59,10,,wastewater
Diniz Dairy,9558 Columbus Ave Hilmar Merced 95324,,,Diniz Pipeline,9558 Columbus Ave Turlock CA 95380,Philip Deus,21476 Johnson Ave Hilmar CA 95324,21476 Johnson Ave Hilmar 95324,Merced,Farmer,,,,,,,,,,07/22/2024,,2024-07-22,True,False,,,,,715349.0,,,,,,,,,,Pond Drop,R5-2007-0035_software,"9558 Columbus Ave, Hilmar 2024 Dairy AR",60,61,11,,wastewater
Diniz Dairy,9558 Columbus Ave Hilmar Merced 95324,,,Diniz Pipeline,9558 Columbus Ave Turlock CA 95380,Philip Deus,21476 Johnson Ave Hilmar CA 95324,21476 Johnson Ave Hilmar 95324,Merced,Farmer,,,,,,,,,,08/28/2024,,2024-08-28,True,False,,,,,534554.0,,,,,,,,,,Pond Drop,R5-2007-0035_software,"9558 Columbus Ave, Hilmar 2024 Dairy AR",62,63,12,,wastewater
Diniz Dairy,9558 Columbus Ave Hilmar Merced 95324,,,Five Star Custom Spreading INC.,3410 S Hunt Rd Gustine CA 95322,Bobby Borba,6626 Cantral Ave Hilmar CA 95324,6626 Central Ave Hilmar 95324,Merced,Farmer,,,,,,,,,,04/01/2024,,2024-04-01,False,UNSURE,,,,,,,,,1664.0,,,73.7,,Tons Per Load,,R5-2007-0035_software,"9558 Columbus Ave, Hilmar 2024 Dairy AR",64,65,13,,manure
Diniz Dairy,9558 Columbus Ave Hilmar Merced 95324,,,Five Star Custom Spreading INC.,3410 S Hunt Rd Gustine CA 95322,Sam Avila,9630 Tegner Rd Hilmar CA 95324,Hilmar 95324,Hilmar Road Merced,Farmer,,,,,,,,,,06/01/2024,,2024-06-01,False,UNSURE,,,,,,,,,1040.0,,,73.7,,Tons Per Load,,R5-2007-0035_software,"9558 Columbus Ave, Hilmar 2024 Dairy AR",66,67,14,,manure
Diniz Dairy,9558 Columbus Ave Hilmar Merced 95324,,,Five Star Custom Spreading INC.,3410 S Hunt Rd Gustine CA 95322,Five Star Custom Spreading INC.,3410 S Hunt Rd Gustine CA 95322,3410 S Hunt Rd Gustine 95322,Merced,Broker,,,,,,,,,,06/01/2024,,2024-06-01,False,UNSURE,,,,,,,,,520.0,,,73.7,,Tons Per Load,,R5-2007-0035_software,"9558 Columbus Ave, Hilmar 2024 Dairy AR",68,69,15,,manure
Diniz Dairy,9558 Columbus Ave Hilmar Merced 95324,,,Five Star Custom Spreading INC.,3410 S Hunt Rd Gustine CA 95322,Five Star Custom Spreading INC.,3410 S Hunt Rd Gustine CA 95322,3410 S Hunt Rd Gustine 95324,Merced,Broker,,,,,,,,,,09/24/2024,,2024-09-24,False,UNSURE,,,,,,,,,845.0,,,51.0,,Tons Per Load,,R5-2007-0035_software,"9558 Columbus Ave, Hilmar 2024 Dairy AR",70,71,16,,manure
Diniz Dairy,9558 Columbus Ave Hilmar Merced 95324,,,T And L Family Composting,P.O. Box 760 Hilmar CA 95324,T And L Family Composting Yard,760 Hilmar CA 95324,Hilmar 95324,Tegner Road Merced,Composting Facility,,,,,,,,,,01/16/2024,,2024-01-16,False,UNSURE,,,,,,,,,338.0,,,75.2,,Tons Per Load,,R5-2007-0035_software,"9558 Columbus Ave, Hilmar 2024 Dairy AR",72,73,17,,manure
Diniz Dairy,9558 Columbus Ave Hilmar Merced 95324,,,T And L Family Composting,P.O. Box 760 Hilmar CA 95324,T And L Family Composting Yard,760 Hilmar CA 95324,Hilmar 95324,Tegner Road Merced,Composting Facility,,,,,,,,,,02/28/2024,,2024-02-28,False,UNSURE,,,,,,,,,364.0,,,75.2,,Tons Per Load,,R5-2007-0035_software,"9558 Columbus Ave, Hilmar 2024 Dairy AR",74,75,18,,manure
Diniz Dairy,9558 Columbus Ave Hilmar Merced 95324,,,T And L Family Composting,P.O. Box 760 Hilmar CA 95324,T And L Family Composting Yard,760 Hilmar CA 95324,Hilmar 95324,Tegner Road Merced,Composting Facility,,,,,,,,,,03/16/2024,,2024-03-16,False,UNSURE,,,,,,,,,130.0,,,75.2,,Tons Per Load,,R5-2007-0035_software,"9558 Columbus Ave, Hilmar 2024 Dairy AR",76,77,19,,manure
Diniz Dairy,9558 Columbus Ave Hilmar Merced 95324,,,T And L Family Composting,P.O. Box 760 Hilmar CA 95324,T And L Family Composting Yard,760 Hilmar CA 95324,Hilmar 95324,Tegner Road Merced,Composting Facility,,,,,,,,,,04/28/2024,,2024-04-28,False,UNSURE,,,,,,,,,286.0,,,75.2,,Tons Per Load,,R5-2007-0035_software,"9558 Columbus Ave, Hilmar 2024 Dairy AR",78,79,20,,manure
Diniz Dairy,9558 Columbus Ave Hilmar Merced 95324,,,T And L Family Composting,P.O. Box 760 Hilmar CA 95324,T And L Family Composting Yard,760 Hilmar CA 95324,Hilmar 95324,Tegner Road Merced,Composting Facility,,,,,,,,,,05/17/2024,,2024-05-17,False,UNSURE,,,,,,,,,156.0,,,75.2,,Tons Per Load,,R5-2007-0035_software,"9558 Columbus Ave, Hilmar 2024 Dairy AR",80,81,21,,manure
Diniz Dairy,9558 Columbus Ave Hilmar Merced 95324,,,T And L Family Composting,P.O. Box 760 Hilmar CA 95324,T And L Family Composting Yard,760 Hilmar CA 95324,Hilmar 95324,Tegner Road Merced,Composting Facility,,,,,,,,,,06/12/2024,,2024-06-12,False,UNSURE,,,,,,,,,78.0,,,51.0,,Tons Per Load,,R5-2007-0035_software,"9558 Columbus Ave, Hilmar 2024 Dairy AR",82,83,22,,manure
Diniz Dairy,9558 Columbus Ave Hilmar Merced 95324,,,T And L Family Composting,P.O. Box 760 Hilmar CA 95324,T And L Family Composting Yard,760 Hilmar CA 95324,Hilmar 95324,Tegner Road Merced,Composting Facility,,,,,,,,,,07/11/2024,,2024-07-11,False,UNSURE,,,,,,,,,156.0,,,51.0,,Tons Per Load,,R5-2007-0035_software,"9558 Columbus Ave, Hilmar 2024 Dairy AR",84,85,23,,manure
Diniz Dairy,9558 Columbus Ave Hilmar Merced 95324,,,T And L Family Composting,P.O. Box 760 Hilmar CA 95324,T And L Family Composting Yard,760 Hilmar CA 95324,Hilmar 95324,Tegner Road Merced,Composting Facility,,,,,,,,,,08/01/2024,,2024-08-01,False,UNSURE,,,,,,,,,156.0,,,51.0,,Tons Per Load,,R5-2007-0035_software,"9558 Columbus Ave, Hilmar 2024 Dairy AR",86,87,24,,manure
Diniz Dairy,9558 Columbus Ave Hilmar Merced 95324,,,T And L Family Composting,P.O. Box 760 Hilmar CA 95324,T And L Family Composting Yard,760 Hilmar CA 95324,Hilmar 95324,Tegner Road Merced,Composting Facility,,,,,,,,,,09/06/2024,,2024-09-06,False,UNSURE,,,,,,,,,130.0,,,51.0,,Tons Per Load,,R5-2007-0035_software,"9558 Columbus Ave, Hilmar 2024 Dairy AR",88,89,25,,manure
Diniz Dairy,9558 Columbus Ave Hilmar Merced 95324,,,T And L Family Composting,P.O. Box 760 Hilmar CA 95324,T And L Family Composting Yard,760 Hilmar CA 95324,Hilmar 95324,Tegner Road Merced,Composting Facility,,,,,,,,,,10/01/2024,,2024-10-01,False,UNSURE,,,,,,,,,104.0,,,51.0,,Tons Per Load,,R5-2007-0035_software,"9558 Columbus Ave, Hilmar 2024 Dairy AR",90,91,26,,manure
Diniz Dairy,9558 Columbus Ave Hilmar Merced 95324,,,T And L Family Composting,P.O. Box 760 Hilmar CA 95324,T And L Family Composting Yard,760 Hilmar CA 95324,Hilmar 95324,Tegner Road Merced,Composting Facility,,,,,,,,,,12/16/2024,,2024-12-16,False,UNSURE,,,,,,,,,286.0,,,51.0,,Tons Per Load,,R5-2007-0035_software,"9558 Columbus Ave, Hilmar 2024 Dairy AR",92,93,27,,manure
Vieira Dairy Farm,9701 Atwater Jordan Road Atwater Merced 95301,,,Hinds Manure Spreading,19075 3Rd. Avenue Stevenson CA 95374,Hinds Manure Spreading,19075 3Rd. Avenue Stevenson CA 95374,Stevenson 95374,3Rd. Avenu Merced,Broker,,,,,,,,,,06/05/2024,,2024-06-05,False,UNSURE,,,,,,,,,1400.0,,,83.9,,Averaged Scale Weighed Trucks Multiplied Bt The Number Of Trucks Hauled.,,R5-2007-0035_software,9701 Atwater Jordan Road Atwater 2024 Dairy AR,47,48,1,rancho_cordova,manure
Vieira Dairy Farm,9701 Atwater Jordan Road Atwater Merced 95301,,,Hinds Manure Spreading,19075 3Rd. Avenue Stevenson CA 95374,Hinds Manure Spreading,19075 3Rd. Avenue Stevenson CA 95374,Stevenson 95374,3Rd. Avenu Merced,Broker,,,,,,,,,,10/25/2024,,2024-10-25,False,UNSURE,,,,,,,,,2600.0,,,92.1,,Averaged Scale Weighed Trucks Multiplied Bt The Number Of Trucks Hauled.,,R5-2007-0035_software,9701 Atwater Jordan Road Atwater 2024 Dairy AR,49,50,2,rancho_cordova,manure
Gomes Dairy,9735 Washington Road Hilmar CA 95324,,,Silva & Sons LLC,23616 Williams Avenue Hilmar CA 95324,Silva & Sons LLC,23616 Williams Avenue Hilmar 95324,23616 Williams Avenue Hilmar 95324,,Broker,,,,,,,,,,10/23/24,,2024-10-23,False,UNSURE,,,,,,,,,2800.0,,,81.7,,Number Of Truckloads X Average Truck Weight,,R5-2007-0035_general_order,"9735 Washington Rd, Hilmar 2024 Dairy AR",31,32,1,rancho_cordova,manure
; E.R. Prins Dairy #2,9863 S. Van Allen Road Stockton CA 95215,,,E.R. Prins Dairy,10385 S. Van Allen Road Stockton CA 95215,E.R. Prins Dairy #1,10385 S. Van Allen Road Stockton CA 95215,0000 Carter Road Farmington CA 95230 Stanislaus County Apn,,,,002-001-074,,,,,,,,10/6/2024,,2024-10-06,False,UNSURE,,,,,,,,,700.0,,,,55.9,,,R5-2007-0035_general_order,9863 S Van Allen Rd Stockton 2024 Dairy AR,46,46,1,rancho_cordova,manure
B & J Dairy,9950 Arno Rd. Galt 95632,,,Jerry Warren,27613 Sowles Rd. Galt 95632,Mancebo Ranch,700 Village Dr. Galt 95632,X134-0280-X086-0000 X134-0280-X044-0000,,,,0134-0280-0043-0000,,,,,,,,October 2024,,,False,UNSURE,,,,,,,,,2000.0,,,8.6,,Hauler's Estimate,,R5-2007-0035_general_order,9950 Arno Rd Galt 2024 Dairy AR,43,44,1,rancho_cordova,manure
B & J Dairy,9950 Arno Rd. Galt 95632,,,Jerry Warren,27613 Sowles Rd. Galt 95632,B & J Farms,10490 Arno Rd. Galt 95632,X134-0280-X067-0000 X134-0280-X034-0000,,,,0134-0280-0072-0000,,,,,,,,October 2024,,,False,UNSURE,,,,,,,,,600.0,,,8.6,,Haulers Estimate,,R5-2007-0035_general_order,9950 Arno Rd Galt 2024 Dairy AR,45,46,2,rancho_cordova,manure
