Source PDF,Manifest Number,Start Page,End Page,Origin Dairy Name,Origin Dairy Address,Origin Dairy Latitude (Geocoded),Origin Dairy Longitude (Geocoded),Destination Address Final,Destination Address Final Source,Destination Type (Standardized),Destination Latitude (Geocoded),Destination Longitude (Geocoded),First Haul Date,Last Haul Date,Is Pipeline,Wastewater Volume per Haul (Gallons),Wastewater Number of Hauls,Wastewater Hours Pumped (Hours),Wastewater Pumping Rate (GPM),Total Process Wastewater Exports (Gallons),"Number of <8,000 gal Hauls for Analysis","Number of >=8,000 gal Hauls for Analysis"
2024AR_AJ Selnders Dairy_625 E Coleman Ave_Fresno,2,50,51,Aj Slenders Dai,625 E Coleman Ave Laton Fresno 93242,36.466719590345,-119.783410560239,Laton 93242 2G-1 2G-2 2G-3 Fresno,Destination Address,Farmer,,,,2024-07-30,False,,,,,5420000.0,834,375
2024AR_AJ Selnders Dairy_625 E Coleman Ave_Fresno,3,52,53,Aj Slenders Dai,625 E Coleman Ave Laton Fresno 93242,36.466719590345,-119.783410560239,Laton 93242 2G-1 2G-2 2G-3 Fresno,Destination Address,Farmer,,,,2024-05-10,False,,,,,6642000.0,1022,460
2024AR_AJ Selnders Dairy_625 E Coleman Ave_Fresno,4,54,55,Aj Slenders Dai,625 E Coleman Ave Laton Fresno 93242,36.466719590345,-119.783410560239,Laton 93242 2G-1 2G-2 2G-3 Fresno,Destination Address,Farmer,,,,2024-02-17,False,,,,,5400000.0,831,374
2024AR_Black Diamond Dairy_18789 S Fruit Ave_Fresno,1,36,37,Black Diamond Dai,18541 S Fruit Ave Riverdale Fresno 93656,36.463649173483,-119.829910090114,Riverdale 93656 Fruit Fresno,Destination Address,Farmer,36.438315206411,-119.812750275793,,2024-02-25,False,,,,,6400000.0,985,443
2024AR_Black Diamond Dairy_18789 S Fruit Ave_Fresno,2,38,39,Black Diamond Dairy,18541 S Fruit Ave Riverdale Fresno 93656,36.463649173483,-119.829910090114,Riverdale 93656 Fruit Fresno,Destination Address,Farmer,36.438315206411,-119.812750275793,,2024-05-10,False,,,,,6250000.0,961,433
2024AR_Black Diamond Dairy_18789 S Fruit Ave_Fresno,4,42,43,Black Diamond Dai,18541 S Fruit Ave Riverdale Fresno 93656,36.463649173483,-119.829910090114,Riverdale 93656 Fruit Fresno,Destination Address,Farmer,36.438315206411,-119.812750275793,,2024-10-10,False,,,,,2519000.0,387,174
2024AR_Black Diamond Dairy_18789 S Fruit Ave_Fresno,5,44,45,Black Diamond Dairy,18541 S Fruit Ave Riverdale Fresno 93656,36.463649173483,-119.829910090114,Riverdale 93656 Fruit Fresno,Destination Address,Farmer,36.438315206411,-119.812750275793,,2024-10-15,False,,,,,6320000.0,972,438
2024AR_Frea Dairy LLC_6205 S Brawley Ave_Fresno,1,18,19,Frea Dairy Llc,6205 S. Brawley Avenue Fresno Fresno 93706,36.645105516838,-119.863987304207,Fresno 93706 Brawley And Lincoln Avenues Fresno,Destination Address,Farmer,36.64854901221,-119.862485015701,,2024-12-31,False,,,,,1423800.0,219,99
2024AR_Frea Dairy LLC_6205 S Brawley Ave_Fresno,5,26,27,Frea Dairy Llc,6205 S. Brawley Avenue Fresno Fresno 93706,36.645105516838,-119.863987304207,Fresno 93706 S. Brawley & Lincoln Avenue Fresno,Destination Address,Farmer,36.64854901221,-119.862485015701,,2024-10-08,False,,,,,600000.0,92,42
2024AR_Frea Dairy LLC_6205 S Brawley Ave_Fresno,6,28,29,Frea Dairy Llc,6205 S. Brawley Avenue Fresno Fresno 93706,36.645105516838,-119.863987304207,Fresno 93706 Brawley And Lincoln Avenues Fresno Stanislaus,Destination Address,Farmer,36.64855,-119.86249,,2024-09-30,False,,,,,762300.0,117,53
2024AR_Frea Dairy LLC_6205 S Brawley Ave_Fresno,8,32,33,Frea Dairy Llc,6205 S. Brawley Avenue Fresno Fresno 93706,36.645105516838,-119.863987304207,Fresno 93706 Brawley And Lincoln Avenues Fresno,Destination Address,Farmer,36.64854901221,-119.862485015701,,2024-06-30,False,,,,,1272600.0,196,88
2024AR_Frea Dairy LLC_6205 S Brawley Ave_Fresno,9,34,35,Frea Dairy Llc,6205 S. Brawley Avenue Fresno Fresno 93706,36.645105516838,-119.863987304207,Fresno 93706 Brawley And Lincoln Avenues Fresno,Destination Address,Farmer,36.64854901221,-119.862485015701,,2024-03-31,False,,,,,1627200.0,250,113
2024AR_G & A Dairy #2_6043 S Madera Ave_Fresno,2,23,24,G & A Dairy #2,6043 S Madera Kerman Fresno 93630,36.646002590026,-120.061560412898,Fresno 93706 S. Madera And Lincoln Avenues Fresno,Destination Address,Farmer,36.64744700149,-120.061134025483,,2024-03-31,False,,,,,6300021.0,969,436
2024AR_G & A Dairy #2_6043 S Madera Ave_Fresno,3,25,26,G & A Dairy #2,6043 S Madera Kerman Fresno 93630,36.646002590026,-120.061560412898,Fresno 93706 S. Madera And Lincoln Avenues Fresno,Destination Address,Farmer,36.64744700149,-120.061134025483,,2024-06-30,False,,,,,4921891.0,757,341
2024AR_G & A Dairy #2_6043 S Madera Ave_Fresno,4,27,28,G & A Dairy #2,6043 S Madera Kerman Fresno 93630,36.646002590026,-120.061560412898,Fresno 93706 S. Madera And Lincoln Avenues Fresno Merced,Destination Address,Farmer,36.64745,-120.06113,,2024-09-30,False,,,,,2953135.0,454,204
2024AR_G & A Dairy #2_6043 S Madera Ave_Fresno,6,31,32,G & A Dairy #2,6043 S Madera Kerman Fresno 93630,36.646002590026,-120.061560412898,Fresno 93706 S. Madera And Lincoln Avenues Fresno,Destination Address,Farmer,36.64744700149,-120.061134025483,,2024-10-23,False,,,,,600000.0,92,42
2024AR_G & A Dairy #2_6043 S Madera Ave_Fresno,7,33,34,G & A Dairy #2,6043 S Madera Kerman Fresno 93630,36.646002590026,-120.061560412898,Fresno 93706 S. Madera And Lincoln Avenues Fresno,Destination Address,Farmer,36.64744700149,-120.061134025483,,2024-12-31,False,,,,,5512518.0,848,382
2024AR_Silveira Dairy_11277 Ave 21.5_Madera,1,52,53,Silveira Dairy,11277 Avenue 21 1/2 Chowchilla Madera 93610,37.062726047385,-120.34327047893,Chowchilla 93610 10221 Ave 21 1/2 Madera,Destination Address,Farmer,,,,2024-01-01,True,,,,,3030000.0,466,210
2024AR_Silveira Dairy_11277 Ave 21.5_Madera,2,54,55,Silveira Dairy,11277 Avenue 21 1/2 Chowchilla Madera 93610,37.062726047385,-120.34327047893,Chowchilla 93610 10221 Ave 21 1/2 Madera,Destination Address,Farmer,,,,2024-04-04,True,,,,,3600000.0,554,249
2024AR_Silveira Dairy_11277 Ave 21.5_Madera,3,56,57,Silveira Dairy,11277 Avenue 21 1/2 Chowchilla Madera 93610,37.062726047385,-120.34327047893,Chowchilla 93610 10221 Ave 21 1/2 Madera,Destination Address,Farmer,,,,2024-05-20,True,,,,,3960000.0,609,274
2024AR_Silveira Dairy_11277 Ave 21.5_Madera,4,58,59,Silveira Dairy,11277 Avenue 21 1/2 Chowchilla Madera 93610,37.062726047385,-120.34327047893,Chowchilla 93610 10221 Ave 21 1/2 Madera,Destination Address,Farmer,,,,2024-06-30,True,,,,,3720000.0,572,258
2024AR_Silveira Dairy_11277 Ave 21.5_Madera,5,60,61,Silveira Dairy,11277 Avenue 21 1/2 Chowchilla Madera 93610,37.062726047385,-120.34327047893,Chowchilla 93610 10221 Ave 21 1/2 Madera,Destination Address,Farmer,,,,2024-07-13,True,,,,,2520000.0,388,174
2024AR_Vlot Calf Ranch_20330 Road 4_Madera,1,317,318,Vlot Calf Ranch,20330 Road 4 Chowchilla Madera 93610,37.045743768393,-120.473613625191,29808 Avenue 12 Madera 93638 Madera,Destination Address,Farmer,36.922218276617,-120.003269892187,,2024-03-09,False,,,,,9984000.0,1536,691
2024AR_Vlot Calf Ranch_20330 Road 4_Madera,2,319,320,Vlot Calf Ranch,20330 Road 4 Chowchilla Madera 93610,37.045743768393,-120.473613625191,29808 Avenue 12 Madera 93638 Madera,Destination Address,Farmer,36.922218276617,-120.003269892187,,2024-03-26,False,,,,,10000000.0,1538,692
2024AR_Vlot Calf Ranch_20330 Road 4_Madera,3,321,322,Vlot Calf Ranch,20330 Road 4 Chowchilla Madera 93610,37.045743768393,-120.473613625191,29808 Avenue 12 Madera 93638 Madera,Destination Address,Farmer,36.922218276617,-120.003269892187,,2024-03-26,False,,,,,7472000.0,1149,517
2024AR G3 Dairy,1b,24,24,G3 Dairy,5829 E. Panama Lane Bakersfield Ca 93311,35.295934802695,-118.939443717875,"6219 E. Panam Lane Bakersfield, CA",Destination Address,Composting Facility,35.295475816957,-118.933707028131,2024-02-01,2024-02-29,False,,,,,,,
2024AR G3 Dairy,1d,24,24,G3 Dairy,5829 E. Panama Lane Bakersfield Ca 93311,35.295934802695,-118.939443717875,"6219 E. Panam Lane Bakersfield, CA Merced",Destination Address,Composting Facility,35.29234,-118.93435,2024-04-01,2024-04-30,False,,,,,,,
2024AR G3 Dairy,1g,24,24,G3 Dairy,5829 E. Panama Lane Bakersfield Ca 93311,35.295934802695,-118.939443717875,"6219 E. Panam Lane Bakersfield, CA",Destination Address,Composting Facility,35.295475816957,-118.933707028131,2024-07-01,2024-07-31,False,,,,,,,
2024AR G3 Dairy,1h,24,24,G3 Dairy,5829 E. Panama Lane Bakersfield Ca 93311,35.295934802695,-118.939443717875,"6219 E. Panam Lane Bakersfield, CA",Destination Address,Composting Facility,35.295475816957,-118.933707028131,2024-08-01,2024-08-31,False,,,,,,,
2024AR_AJB Ranch Dairy,1b,104,104,AJB Ranch Dairy,2874 Stockdale Hwy Wastewater Bakersfield Ca 93312 Rwqcd? No,35.353777906384,-119.136484752428,7540 Tracy Ave Buttonwillow Ca,Destination Address,Other,35.431147522959,-119.4247957782,2024-06-01,2024-06-30,False,,,,,,,
2024AR_AJB Ranch Dairy,2b,106,106,AJB Ranch Dairy,2874 Stockdale Hwy Wastewater Bakersfield Ca 93312 Rwqcd? No,35.353777906384,-119.136484752428,Po Box 81498  Bakersfield Ca,Destination Address,Farmer,,,2024-09-01,2024-09-30,False,,,,,,,
2024AR_Bear Mountain Dairy,2a,84,84,Bear Mountain Dairy,4551 Bear Mountain Blvd Wastewater Bakersfield Ca 93313 Rwqcd? No,35.21614298933,-119.190643038224,Po Box 20370 Bakersfield Ca,Destination Address,Farmer,,,2024-06-01,2024-06-30,False,,,,,,,
2024AR_Bear Mountain Dairy,2b,84,84,Bear Mountain Dairy,4551 Bear Mountain Blvd Wastewater Bakersfield Ca 93313 Rwqcd? No,35.21614298933,-119.190643038224,Po Box 20370 Bakersfield Ca,Destination Address,Farmer,,,2024-08-01,2024-08-31,False,,,,,,,
2024AR_Bear Mountain Dairy,3b,86,86,Bear Mountain Dairy,4551 Bear Mountain Blvd Wastewater Bakersfield Ca 93313 Rwqcd? No,35.21614298933,-119.190643038224,"Po Box 27 Edison, CA",Destination Address,Farmer,,,2024-11-01,2024-11-30,False,,,,,,,
2024AR_Bear Mountain Dairy,4a,88,88,Bear Mountain Dairy,4551 Bear Mountain Blvd Wastewater Bakersfield Ca 93313 Rwqcd? No,35.21614298933,-119.190643038224,9442 Bear Mountain Blvd. Bakersfield Ca,Destination Address,Farmer,35.210777230193,-119.105872241364,2024-08-01,2024-08-31,False,,,,,,,
2024AR_Bear Mountain Dairy,4b,88,88,Bear Mountain Dairy,4551 Bear Mountain Blvd Wastewater Bakersfield Ca 93313 Rwqcd? No,35.21614298933,-119.190643038224,9442 Bear Mountain Blvd. Bakersfield Ca,Destination Address,Farmer,35.210777230193,-119.105872241364,2024-09-01,2024-09-30,False,,,,,,,
2024AR_Solo Dairy_11495 Jumper Ave_Kern,1,70,70,Solo Dairy,11495 Jumper Ave Wasco 93280,35.730303011709,-119.419379979102,,,Blank,,,2024-01-01,2024-12-31,False,,,,,13507200.0,2078,935
2024AR_Diamond D LLC Dairy_9423 Idaho Ave_Kings,2,68,69,Diamond D Dairy,9423 Idaho Ave Hanford 93230,36.269168693698,-119.626552462404,016-270-066,Destination Assessor Parcel Number,Blank,,,2024-01-01,2024-12-31,False,,,,,7000000.0,1077,485
2024AR_Diamond D LLC Dairy_9423 Idaho Ave_Kings,3,70,71,Diamond D Dairy,9423 Idaho Ave Hanford 93230,36.269168693698,-119.626552462404,"016-270-010, 016-270-033",Destination Assessor Parcel Number,Blank,39.672295,-120.242033,2024-01-01,2024-12-31,False,,,,,7000000.0,1077,485
2024AR_Diamond D LLC Dairy_9423 Idaho Ave_Kings,4,72,73,Diamond D Dairy,9423 Idaho Ave Hanford 93230,36.269168693698,-119.626552462404,"028-090-001, 028-090-022",Destination Assessor Parcel Number,Blank,39.364051,-121.403652,2024-01-01,2024-12-31,False,,,,,16000000.0,2461,1108
2024AR_Dover Dairy_4265 Dover Ave_Kings,1,137,138,Dover Dairy,4265 Dover AVE Hanford Kings 93230,,,,,Farmer,,,2024-10-16,2024-10-29,False,,,,,2216000.0,341,153
2024AR_Flatland Farms LLC_8483 15th Ave_Kings,2,51,52,Flatland Farms LLC,8431 15th Ave Hanford 93230,36.350695065386,-119.726593410469,15Th & Fargo Hanford 93230,Destination Address,Farmer,36.357206002044,-119.726874036587,2024-01-01,2024-12-31,False,,,,,505000.0,78,35
2024AR_Flatland Farms LLC_8483 15th Ave_Kings,3,53,54,Flatland Farms LLC,8431 15th Ave Hanford 93230,36.350695065386,-119.726593410469,005-080-007,Destination Assessor Parcel Number,Farmer,,,2024-01-01,2024-12-31,False,,,,,525000.0,81,36
2024AR_Flint Dairy_6511 Flint Ave_Kings,13,174,175,Flint Dairy,6511 Flint Ave. Hanford Kings 93230,36.369763853201,-119.575398880791,7442 7Th Ave Hanford 93230 Kings,Destination Address,Farmer,36.360022531059,-119.590966841015,,2024-01-01,False,,,,,1629000.0,251,113
2024AR_Flint Dairy_6511 Flint Ave_Kings,14,176,177,Flint Dairy,6511 Flint Ave. Hanford Kings 93230,36.369763853201,-119.575398880791,7442 7Th Ave Hanford 93230 Kings,Destination Address,Farmer,36.360022531059,-119.590966841015,,2024-03-25,False,,,,,981000.0,151,68
2024AR_Flint Dairy_6511 Flint Ave_Kings,15,178,179,Flint Dairy,6511 Flint Ave. Hanford Kings 93230,36.369763853201,-119.575398880791,7442 7Th Ave Hanford 93230 Kings,Destination Address,Farmer,36.360022531059,-119.590966841015,,2024-06-27,False,,,,,2481000.0,382,172
2024AR_Flint Dairy_6511 Flint Ave_Kings,16,180,181,Flint Dairy,6511 Flint Ave. Hanford Kings 93230,36.369763853201,-119.575398880791,7442 7Th Ave Hanford 93230 Kings,Destination Address,Farmer,36.360022531059,-119.590966841015,,2024-08-02,False,,,,,2172000.0,334,150
337 N Gates Rd MOdesto 2024 Dairy AR,1,33,34,Jelle Van Der Hoek,337 Gates Rd Modesto Stanislaus 95358,37.642746790146,-121.159845460746,x012-x025-x013-xxxx,Destination Assessor Parcel Number,Farmer,,,,2024-08-25,True,,,71.0,1000.0,4260000.0,655,295
337 N Gates Rd MOdesto 2024 Dairy AR,3,38,39,Jelle Van Der Hoek,337 Gates Rd Modesto Stanislaus 95358,37.642746790146,-121.159845460746,x012-x025-x013-xxxx,Destination Assessor Parcel Number,Farmer,,,,2024-06-02,True,,,76.0,1000.0,4560000.0,701,316
348 E Monte Vista Rd Ceres 2024 Dairy AR,1,107,108,S & S Dairy Inc.,384 E. Monte Vista Ave. Ceres Ca. 95307,37.5217215,-120.9895892,730 W. Monte Vista Ave Ceres 95307,Destination Address,Farmer,37.521650543214,-121.003358262127,,2024-05-08,False,,,,,924000.0,142,64
348 E Monte Vista Rd Ceres 2024 Dairy AR,2,109,110,S & S Dairy Inc.,384 E. Monte Vista Ave. Ceres Ca. 95307,37.5217215,-120.9895892,730 W. Monte Vista Ave Ceres 95307,Destination Address,Farmer,37.521650543214,-121.003358262127,2024-07-04,2024-09-23,False,,,,,2797200.0,430,194
348 E Monte Vista Rd Ceres 2024 Dairy AR,3,111,112,S & S Dairy Inc.,384 E. Monte Vista Ave. Ceres Ca. 95307,37.5217215,-120.9895892,730 W. Monte Vista Ave Ceres 95307,Destination Address,Farmer,37.521650543214,-121.003358262127,2024-10-08,2024-10-13,False,,,,,1428000.0,220,99
"501 S Story Rd, Turlock 2024 Dairy AR",1,28,29,MHF Dairy,501 S. Story Rd. Turlock 95380,37.488024610788,-120.789904212947,024-045-027,Destination Assessor Parcel Number,Farmer,,,,2024-03-24,True,,,,,535000.0,82,37
"501 S Story Rd, Turlock 2024 Dairy AR",2,30,31,MHF Dairy,501 S. Story Rd. Turlock 95380,37.488024610788,-120.789904212947,024-045-027,Destination Assessor Parcel Number,Farmer,,,,2024-04-12,True,,,,,812000.0,125,56
"501 S Story Rd, Turlock 2024 Dairy AR",3,32,33,MHF Dairy,501 S. Story Rd. Turlock 95380,37.488024610788,-120.789904212947,024-045-026,Destination Assessor Parcel Number,Farmer,38.245027,-120.326183,,2024-04-24,True,,,,,585000.0,90,41
"501 S Story Rd, Turlock 2024 Dairy AR",4,34,35,MHF Dairy,501 S. Story Rd. Turlock 95380,37.488024610788,-120.789904212947,024-009-033,Destination Assessor Parcel Number,Farmer,36.0604868,-119.2388644,,2024-04-25,True,,,,,520000.0,80,36
"501 S Story Rd, Turlock 2024 Dairy AR",5,36,37,MHF Dairy,501 S. Story Rd. Turlock 95380,37.488024610788,-120.789904212947,024-045-027,Destination Assessor Parcel Number,Farmer,,,,2024-07-25,True,,,,,690000.0,106,48
"501 S Story Rd, Turlock 2024 Dairy AR",6,38,39,MHF Dairy,501 S. Story Rd. Turlock 95380,37.488024610788,-120.789904212947,024-045-027,Destination Assessor Parcel Number,Farmer,,,,2024-08-20,True,,,,,575000.0,88,40
"501 S Story Rd, Turlock 2024 Dairy AR",7,40,41,MHF Dairy,501 S. Story Rd. Turlock 95380,37.488024610788,-120.789904212947,024-045-026,Destination Assessor Parcel Number,Farmer,38.245027,-120.326183,,2024-10-09,True,,,,,330550.0,51,23
"501 S Story Rd, Turlock 2024 Dairy AR",8,42,43,MHF Dairy,501 S. Story Rd. Turlock 95380,37.488024610788,-120.789904212947,024-009-033,Destination Assessor Parcel Number,Farmer,35.550014,-121.080001,,2024-10-10,True,,,,,300000.0,46,21
"501 S Story Rd, Turlock 2024 Dairy AR",9,44,45,MHF Dairy,501 S. Story Rd. Turlock 95380,37.488024610788,-120.789904212947,024-045-027,Destination Assessor Parcel Number,Farmer,,,,2024-10-27,True,,,,,860000.0,132,60
505 E Washington Rd El Nido 2024 Dairy AR,6,387,388,Double Diamond Dairy,505 E Washington Rd El Nido Merced 95317,37.111988671642,-120.483451355474,2025 Washington Rd El Nido 95317 Merced,Destination Address,Farmer,37.113114606142,-120.537649311777,,2024-08-20,False,,,,,10000000.0,1538,692
505 E Washington Rd El Nido 2024 Dairy AR,7,389,390,Double Diamond Dairy,505 E Washington Rd El Nido Merced 95317,37.111988671642,-120.483451355474,2025 Washington Rd El Nido 95317 Merced,Destination Address,Farmer,37.113114606142,-120.537649311777,,2024-08-20,False,,,,,10000000.0,1538,692
505 E Washington Rd El Nido 2024 Dairy AR,8,391,392,Double Diamond Dairy,505 E Washington Rd El Nido Merced 95317,37.111988671642,-120.483451355474,2025 Washington Rd El Nido 95317 Merced,Destination Address,Farmer,37.113114606142,-120.537649311777,,2024-08-20,False,,,,,10000000.0,1538,692
505 E Washington Rd El Nido 2024 Dairy AR,9,393,394,Double Diamond Dairy,505 E Washington Rd El Nido Merced 95317,37.111988671642,-120.483451355474,2025 Washington Rd El Nido 95317 Merced,Destination Address,Farmer,37.113114606142,-120.537649311777,,2024-08-20,False,,,,,5881590.0,905,407
724 Ruble Rd Crows Landing 2024 Dairy AR,2,49,50,Pinnacle Dairy,724 Ruble Rd. Crowslanding Ca 95313,37.483244704773,-121.002979819199,058-005-016,Destination Assessor Parcel Number,Blank,37.482806,-120.995625,2024-01-02,2024-01-19,False,,,,,900000.0,138,62
724 Ruble Rd Crows Landing 2024 Dairy AR,3,51,52,Pinnacle Dairy,724 Ruble Rd. Crowslanding Ca 95313,37.483244704773,-121.002979819199,058-005-016,Destination Assessor Parcel Number,Blank,37.482806,-120.995625,2024-02-02,2024-02-09,False,,,,,480000.0,74,33
724 Ruble Rd Crows Landing 2024 Dairy AR,4,53,54,Pinnacle Dairy,724 Ruble Rd. Crowslanding Ca 95313,37.483244704773,-121.002979819199,058-005-016,Destination Assessor Parcel Number,Blank,37.482806,-120.995625,2024-04-12,2024-04-15,False,,,,,660000.0,102,46
724 Ruble Rd Crows Landing 2024 Dairy AR,5,55,56,Pinnacle Dairy,724 Ruble Rd. Crowslanding Ca 95313,37.483244704773,-121.002979819199,058-005-016,Destination Assessor Parcel Number,Blank,37.482806,-120.995625,,2024-05-07,False,,,,,120000.0,18,8
724 Ruble Rd Crows Landing 2024 Dairy AR,6,57,58,Pinnacle Dairy,724 Ruble Rd. Crowslanding Ca 95313,37.483244704773,-121.002979819199,058-005-016,Destination Assessor Parcel Number,Blank,37.482806,-120.995625,,2024-06-13,False,,,,,120000.0,18,8
724 Ruble Rd Crows Landing 2024 Dairy AR,7,59,60,Pinnacle Dairy,724 Ruble Rd. Crowslanding Ca 95313,37.483244704773,-121.002979819199,058-005-016,Destination Assessor Parcel Number,Blank,37.482806,-120.995625,,2024-06-27,False,,,,,120000.0,18,8
724 Ruble Rd Crows Landing 2024 Dairy AR,8,61,62,Pinnacle Dairy,724 Ruble Rd. Crowslanding Ca 95313,37.483244704773,-121.002979819199,058-005-016,Destination Assessor Parcel Number,Blank,37.482806,-120.995625,,2024-07-10,False,,,,,120000.0,18,8
724 Ruble Rd Crows Landing 2024 Dairy AR,9,63,64,Pinnacle Dairy,724 Ruble Rd. Crowslanding Ca 95313,37.483244704773,-121.002979819199,058-005-016,Destination Assessor Parcel Number,Blank,37.482806,-120.995625,,2024-07-24,False,,,,,120000.0,18,8
724 Ruble Rd Crows Landing 2024 Dairy AR,10,65,66,Pinnacle Dairy,724 Ruble Rd. Crowslanding Ca 95313,37.483244704773,-121.002979819199,058-005-016,Destination Assessor Parcel Number,Blank,37.482806,-120.995625,,2024-08-01,False,,,,,120000.0,18,8
724 Ruble Rd Crows Landing 2024 Dairy AR,11,67,68,Pinnacle Dairy,724 Ruble Rd. Crowslanding Ca 95313,37.483244704773,-121.002979819199,058-005-016,Destination Assessor Parcel Number,Blank,37.482806,-120.995625,,2024-08-14,False,,,,,120000.0,18,8
724 Ruble Rd Crows Landing 2024 Dairy AR,12,69,70,Pinnacle Dairy,724 Ruble Rd. Crowslanding Ca 95313,37.483244704773,-121.002979819199,058-005-016,Destination Assessor Parcel Number,Blank,37.482806,-120.995625,,2024-08-22,False,,,,,120000.0,18,8
724 Ruble Rd Crows Landing 2024 Dairy AR,13,71,72,Pinnacle Dairy,724 Ruble Rd. Crowslanding Ca 95313,37.483244704773,-121.002979819199,058-005-016,Destination Assessor Parcel Number,Blank,37.482806,-120.995625,,2024-10-12,False,,,,,300000.0,46,21
724 Ruble Rd Crows Landing 2024 Dairy AR,14,73,74,Pinnacle Dairy,724 Ruble Rd. Crowslanding Ca 95313,37.483244704773,-121.002979819199,058-005-016,Destination Assessor Parcel Number,Blank,37.482806,-120.995625,,2024-12-05,False,,,,,240000.0,37,17
724 Ruble Rd Crows Landing 2024 Dairy AR,15,75,76,Pinnacle Dairy,724 Ruble Rd. Crowslanding Ca 95313,37.483244704773,-121.002979819199,058-005-006,Destination Assessor Parcel Number,Blank,38.065403,-120.571106,,2024-02-09,False,,,,,240000.0,37,17
724 Ruble Rd Crows Landing 2024 Dairy AR,16,77,78,Pinnacle Dairy,724 Ruble Rd. Crowslanding Ca 95313,37.483244704773,-121.002979819199,058-005-006,Destination Assessor Parcel Number,Blank,38.065403,-120.571106,2024-04-18,2024-04-19,False,,,,,780000.0,120,54
724 Ruble Rd Crows Landing 2024 Dairy AR,17,79,80,Pinnacle Dairy,724 Ruble Rd. Crowslanding Ca 95313,37.483244704773,-121.002979819199,058-005-006,Destination Assessor Parcel Number,Blank,38.065403,-120.571106,2024-05-03,2024-05-06,False,,,,,360000.0,55,25
724 Ruble Rd Crows Landing 2024 Dairy AR,18,81,82,Pinnacle Dairy,724 Ruble Rd. Crowslanding Ca 95313,37.483244704773,-121.002979819199,058-005-006,Destination Assessor Parcel Number,Blank,38.065403,-120.571106,,2024-06-13,False,,,,,240000.0,37,17
724 Ruble Rd Crows Landing 2024 Dairy AR,19,83,84,Pinnacle Dairy,724 Ruble Rd. Crowslanding Ca 95313,37.483244704773,-121.002979819199,058-005-006,Destination Assessor Parcel Number,Blank,38.065403,-120.571106,,2024-06-27,False,,,,,240000.0,37,17
724 Ruble Rd Crows Landing 2024 Dairy AR,20,85,86,Pinnacle Dairy,724 Ruble Rd. Crowslanding Ca 95313,37.483244704773,-121.002979819199,058-005-006,Destination Assessor Parcel Number,Blank,38.065403,-120.571106,,2024-07-09,False,,,,,240000.0,37,17
724 Ruble Rd Crows Landing 2024 Dairy AR,21,87,88,Pinnacle Dairy,724 Ruble Rd. Crowslanding Ca 95313,37.483244704773,-121.002979819199,058-005-006,Destination Assessor Parcel Number,Blank,38.065403,-120.571106,,2024-07-23,False,,,,,180000.0,28,12
724 Ruble Rd Crows Landing 2024 Dairy AR,22,89,90,Pinnacle Dairy,724 Ruble Rd. Crowslanding Ca 95313,37.483244704773,-121.002979819199,058-005-006,Destination Assessor Parcel Number,Blank,38.065403,-120.571106,,2024-08-01,False,,,,,240000.0,37,17
724 Ruble Rd Crows Landing 2024 Dairy AR,23,91,92,Pinnacle Dairy,724 Ruble Rd. Crowslanding Ca 95313,37.483244704773,-121.002979819199,058-005-006,Destination Assessor Parcel Number,Blank,38.065403,-120.571106,,2024-08-13,False,,,,,180000.0,28,12
724 Ruble Rd Crows Landing 2024 Dairy AR,24,93,94,Pinnacle Dairy,724 Ruble Rd. Crowslanding Ca 95313,37.483244704773,-121.002979819199,058-005-006,Destination Assessor Parcel Number,Blank,38.065403,-120.571106,,2024-08-22,False,,,,,120000.0,18,8
724 Ruble Rd Crows Landing 2024 Dairy AR,25,95,96,Pinnacle Dairy,724 Ruble Rd. Crowslanding Ca 95313,37.483244704773,-121.002979819199,058-005-006,Destination Assessor Parcel Number,Blank,38.065403,-120.571106,,2024-10-11,False,,,,,400000.0,62,28
724 Ruble Rd Crows Landing 2024 Dairy AR,26,97,98,Pinnacle Dairy,724 Ruble Rd. Crowslanding Ca 95313,37.483244704773,-121.002979819199,058-005-006,Destination Assessor Parcel Number,Blank,38.065403,-120.571106,2024-12-10,2024-12-18,False,,,,,840000.0,129,58
730 Bystrum Rd Turlock 2024 Dairy AR,1,76,77,Live Oak Dairy G,730 Bystrum Rd Turlock Stanislaus 95380,37.49989460106,-120.983643690582,0022-0380-0100-0000,Destination Assessor Parcel Number,Farmer,,,,2024-06-13,True,,,,,1560000.0,240,108
1007 S Hart Rd Modesto 2024 Dairy AR,3,75,76,Frank Gwerder Dairy Inc.,1007 S. Hart Rd. Modesto 95358,37.627506897611,-121.1223014915,012-050-005,Destination Assessor Parcel Number,Farmer,,,,2024-03-20,True,,,12.0,1000.0,720000.0,111,50
1007 S Hart Rd Modesto 2024 Dairy AR,4,77,78,Frank Gwerder Dairy Inc.,1007 S. Hart Rd. Modesto 95358,37.627506897611,-121.1223014915,012-050-005,Destination Assessor Parcel Number,Farmer,,,,2024-07-12,True,,,5.0,1000.0,300000.0,46,21
1007 S Hart Rd Modesto 2024 Dairy AR,5,79,80,Frank Gwerder Dairy Inc.,1007 S. Hart Rd. Modesto 95358,37.627506897611,-121.1223014915,012-050-005,Destination Assessor Parcel Number,Farmer,,,,2024-07-26,True,,,12.0,1000.0,720000.0,111,50
1007 S Hart Rd Modesto 2024 Dairy AR,6,81,82,Frank Gwerder Dairy Inc.,1007 S. Hart Rd. Modesto 95358,37.627506897611,-121.1223014915,012-052-008,Destination Assessor Parcel Number,Farmer,,,,2024-10-24,False,9500.0,60.0,,,570000.0,0,60
1007 S Hart Rd Modesto 2024 Dairy AR,7,83,84,Frank Gwerder Dairy Inc.,1007 S. Hart Rd. Modesto 95358,37.627506897611,-121.1223014915,017-065-012,Destination Assessor Parcel Number,Farmer,,,,2024-11-04,False,9500.0,100.0,,,950000.0,0,100
1218 W Keyes Rd Modesto 2024 Dairy AR,1,72,73,MB Lucky Lady,1218 W. Keyes Road Modesto Ca 95358,37.551184723876,-121.009299774193,041-025-003,Destination Assessor Parcel Number,Farmer,,,,2024-03-21,True,1500.0,,20.0,,1800000.0,277,125
1218 W Keyes Rd Modesto 2024 Dairy AR,2,74,75,MB Lucky Lady,1218 W. Keyes Road Modesto Ca 95358,37.551184723876,-121.009299774193,041-025-003,Destination Assessor Parcel Number,Farmer,,,,2024-04-01,True,1500.0,,21.0,,1890000.0,291,131
1218 W Keyes Rd Modesto 2024 Dairy AR,3,76,77,MB Lucky Lady,1218 W. Keyes Road Modesto Ca 95358,37.551184723876,-121.009299774193,041-025-003,Destination Assessor Parcel Number,Farmer,,,,2024-06-29,True,1500.0,,17.0,,1530000.0,235,106
1218 W Keyes Rd Modesto 2024 Dairy AR,4,78,79,MB Lucky Lady,1218 W. Keyes Road Modesto Ca 95358,37.551184723876,-121.009299774193,041-025-003,Destination Assessor Parcel Number,Farmer,,,,2024-07-22,True,1500.0,,18.0,,1620000.0,249,112
1218 W Keyes Rd Modesto 2024 Dairy AR,5,80,81,MB Lucky Lady,1218 W. Keyes Road Modesto Ca 95358,37.551184723876,-121.009299774193,041-025-003,Destination Assessor Parcel Number,Farmer,,,,2024-09-01,True,1500.0,,21.0,,1890000.0,291,131
1369 S Hunt Rd Gustine 2024 Dairy AR,3,54,55,Martins View Jersey Dairy Inc,1369 S Hunt Rd Gustine Merced 95322,37.269334889608,-120.996679142582,28336 W Bambauer Rd Gustine 95322 Merced,Destination Address,Farmer,37.274704353814,-121.000896380799,,2024-01-01,False,,,,,840174.0,129,58
1369 S Hunt Rd Gustine 2024 Dairy AR,4,56,57,Martins View Jersey Dairy Inc,1369 S Hunt Rd Gustine Merced 95322,37.269334889608,-120.996679142582,28336 W Bambauer Rd Gustine 95322 Merced,Destination Address,Farmer,37.274704353814,-121.000896380799,,2024-03-20,False,,,,,538220.0,83,37
1369 S Hunt Rd Gustine 2024 Dairy AR,5,58,59,Martins View Jersey Dairy Inc,1369 S Hunt Rd Gustine Merced 95322,37.269334889608,-120.996679142582,28336 W Bambauer Rd Gustine 95322 Merced,Destination Address,Farmer,37.274704353814,-121.000896380799,,2024-06-16,False,,,,,636845.0,98,44
1369 S Hunt Rd Gustine 2024 Dairy AR,6,60,61,Martins View Jersey Dairy Inc,1369 S Hunt Rd Gustine Merced 95322,37.269334889608,-120.996679142582,28336 W Bambauer Rd Gustine 95322 Merced,Destination Address,Farmer,37.274704353814,-121.000896380799,,2024-08-15,False,,,,,1126270.0,173,78
1369 S Hunt Rd Gustine 2024 Dairy AR,7,62,63,Martins View Jersey Dairy Inc,1369 S Hunt Rd Gustine Merced 95322,37.269334889608,-120.996679142582,28336 W Bambauer Rd Gustine 95322 Merced,Destination Address,Farmer,37.274704353814,-121.000896380799,,2024-08-25,False,,,,,333885.0,51,23
"1431 N Central Ave, Turlock 2024 Dairy AR",3,62,63,Alden Peterson & Sons Dairy,1431 N. Central Ave Turlock 95380,37.506513789998,-120.958869802281,"0022-0021-0005-0000,0022-0022-0011-0000,0022-0021-0006,0022-0021-0007",Destination Assessor Parcel Number,Blank,,,,2024-01-04,False,,,,,810000.0,125,56
"1431 N Central Ave, Turlock 2024 Dairy AR",4,64,65,Alden Peterson & Sons Dairy,1431 N. Central Ave Turlock 95380,37.506513789998,-120.958869802281,"0022-0021-0005-0000,0022-0022-0011-0000,0022-0021-0006,0022-0021-0007",Destination Assessor Parcel Number,Blank,,,,2024-02-17,False,,,,,432000.0,66,30
"1431 N Central Ave, Turlock 2024 Dairy AR",5,66,67,Alden Peterson & Sons Dairy,1431 N. Central Ave Turlock 95380,37.506513789998,-120.958869802281,"0022-0021-0005-0000,0022-0022-0011-0000,0022-0021-0006,0022-0021-0007",Destination Assessor Parcel Number,Blank,,,,2024-03-02,False,,,,,486000.0,75,34
"1431 N Central Ave, Turlock 2024 Dairy AR",6,68,69,Alden Peterson & Sons Dairy,1431 N. Central Ave Turlock 95380,37.506513789998,-120.958869802281,"0022-0021-0005-0000,0022-0022-0011-0000,0022-0021-0006,0022-0021-0007",Destination Assessor Parcel Number,Blank,,,,2024-03-16,False,,,,,648000.0,100,45
"1431 N Central Ave, Turlock 2024 Dairy AR",7,70,71,Alden Peterson & Sons Dairy,1431 N. Central Ave Turlock 95380,37.506513789998,-120.958869802281,"0022-0021-0005-0000,0022-0022-0011-0000,0022-0021-0006,0022-0021-0007",Destination Assessor Parcel Number,Blank,,,2024-05-03,2024-05-04,False,,,,,1350000.0,208,93
"1431 N Central Ave, Turlock 2024 Dairy AR",8,72,73,Alden Peterson & Sons Dairy,1431 N. Central Ave Turlock 95380,37.506513789998,-120.958869802281,"0022-0021-0005-0000,0022-0022-0011-0000,0022-0021-0006,0022-0021-0007",Destination Assessor Parcel Number,Blank,,,,2024-06-01,False,,,,,1539000.0,237,107
"1431 N Central Ave, Turlock 2024 Dairy AR",9,74,75,Alden Peterson & Sons Dairy,1431 N. Central Ave Turlock 95380,37.506513789998,-120.958869802281,"0022-0021-0005-0000,0022-0022-0011-0000,0022-0021-0006,0022-0021-0007",Destination Assessor Parcel Number,Blank,,,2024-06-12,2024-06-13,False,,,,,972000.0,150,67
"1431 N Central Ave, Turlock 2024 Dairy AR",10,76,77,Alden Peterson & Sons Dairy,1431 N. Central Ave Turlock 95380,37.506513789998,-120.958869802281,"0022-0021-0005-0000,0022-0022-0011-0000,0022-0021-0006,0022-0021-0007",Destination Assessor Parcel Number,Blank,,,2024-06-22,2024-06-23,False,,,,,1242000.0,191,86
"1431 N Central Ave, Turlock 2024 Dairy AR",11,78,79,Alden Peterson & Sons Dairy,1431 N. Central Ave Turlock 95380,37.506513789998,-120.958869802281,"0022-0021-0005-0000,0022-0022-0011-0000,0022-0021-0006,0022-0021-0007",Destination Assessor Parcel Number,Blank,,,,2024-07-01,False,,,,,877500.0,135,61
"1431 N Central Ave, Turlock 2024 Dairy AR",12,80,81,Alden Peterson & Sons Dairy,1431 N. Central Ave Turlock 95380,37.506513789998,-120.958869802281,"0022-0021-0005-0000,0022-0022-0011-0000,0022-0021-0006,0022-0021-0007",Destination Assessor Parcel Number,Blank,,,,2024-07-08,False,,,,,729000.0,112,50
"1431 N Central Ave, Turlock 2024 Dairy AR",13,82,83,Alden Peterson & Sons Dairy,1431 N. Central Ave Turlock 95380,37.506513789998,-120.958869802281,"0022-0021-0005-0000,0022-0022-0011-0000,0022-0021-0006,0022-0021-0007",Destination Assessor Parcel Number,Blank,,,,2024-07-16,False,,,,,1188000.0,183,82
"1431 N Central Ave, Turlock 2024 Dairy AR",14,84,85,Alden Peterson & Sons Dairy,1431 N. Central Ave Turlock 95380,37.506513789998,-120.958869802281,"0022-0021-0005-0000,0022-0022-0011-0000,0022-0021-0006,0022-0021-0007",Destination Assessor Parcel Number,Blank,,,,2024-07-21,False,,,,,945000.0,145,65
"1431 N Central Ave, Turlock 2024 Dairy AR",15,86,87,Alden Peterson & Sons Dairy,1431 N. Central Ave Turlock 95380,37.506513789998,-120.958869802281,"0022-0021-0005-0000,0022-0022-0011-0000,0022-0021-0006,0022-0021-0007",Destination Assessor Parcel Number,Blank,,,2024-07-28,2024-07-31,False,,,,,2767500.0,426,192
"1431 N Central Ave, Turlock 2024 Dairy AR",16,88,89,Alden Peterson & Sons Dairy,1431 N. Central Ave Turlock 95380,37.506513789998,-120.958869802281,"0022-0021-0005-0000,0022-0022-0011-0000,0022-0021-0006,0022-0021-0007",Destination Assessor Parcel Number,Blank,,,2024-08-08,2024-08-09,False,,,,,2133000.0,328,148
"1431 N Central Ave, Turlock 2024 Dairy AR",17,90,91,Alden Peterson & Sons Dairy,1431 N. Central Ave Turlock 95380,37.506513789998,-120.958869802281,"0022-0021-0005-0000,0022-0022-0011-0000,0022-0021-0006,0022-0021-0007",Destination Assessor Parcel Number,Blank,,,2024-08-18,2024-08-19,False,,,,,1917000.0,295,133
"1431 N Central Ave, Turlock 2024 Dairy AR",18,92,93,Alden Peterson & Sons Dairy,1431 N. Central Ave Turlock 95380,37.506513789998,-120.958869802281,"0022-0021-0005-0000,0022-0022-0011-0000,0022-0021-0006,0022-0021-0007",Destination Assessor Parcel Number,Blank,,,2024-08-29,2024-08-30,False,,,,,1971000.0,303,136
"1431 N Central Ave, Turlock 2024 Dairy AR",19,94,95,Alden Peterson & Sons Dairy,1431 N. Central Ave Turlock 95380,37.506513789998,-120.958869802281,"0022-0021-0005-0000,0022-0022-0011-0000,0022-0021-0006,0022-0021-0007",Destination Assessor Parcel Number,Blank,,,,2024-09-13,False,,,,,931500.0,143,64
"1431 N Central Ave, Turlock 2024 Dairy AR",20,96,97,Alden Peterson & Sons Dairy,1431 N. Central Ave Turlock 95380,37.506513789998,-120.958869802281,"0022-0021-0005-0000,0022-0022-0011-0000,0022-0021-0006,0022-0021-0007",Destination Assessor Parcel Number,Blank,,,,2024-09-23,False,,,,,702000.0,108,49
"1431 N Central Ave, Turlock 2024 Dairy AR",21,98,99,Alden Peterson & Sons Dairy,1431 N. Central Ave Turlock 95380,37.506513789998,-120.958869802281,"0022-0021-0005-0000,0022-0022-0011-0000,0022-0021-0006,0022-0021-0007",Destination Assessor Parcel Number,Blank,,,,2024-10-05,False,,,,,1350000.0,208,93
1500 Fulkerth Rd Crows Landing 2024 Dairy AR,3,19,20,Alamo Dairy,1500 W. Fulkerth Rd. Crowslanding 95313,37.505571622171,-121.013470944489,"022-035-012,022-035-006,022-036-018,022-036-019,022-036-016,022-033-006,022-033-007,022-033-008,022-034-011,022-034-013,022-034-013,022-034-014,022-034-015,022-034-016,022-034-017,022-036-023,022-033-002,022-034-004,058-001-015,022-037-004,058-002-003",Destination Assessor Parcel Number,Farmer,37.50229,-121.008182,2024-01-02,2024-01-05,False,,,,,1436155.0,221,99
1500 Fulkerth Rd Crows Landing 2024 Dairy AR,4,21,22,Alamo Dairy,1500 W. Fulkerth Rd. Crowslanding 95313,37.505571622171,-121.013470944489,"022-035-012,022-035-006,022-036-018,022-036-019,022-036-016,022-033-006,022-033-007,022-033-008,022-034-011,022-034-013,022-034-013,022-034-014,022-034-015,022-034-016,022-034-017,022-036-023,022-033-002,022-034-004,058-001-015,022-037-004,058-002-003",Destination Assessor Parcel Number,Farmer,37.50229,-121.008182,2024-01-17,2024-01-21,False,,,,,719922.0,111,50
1500 Fulkerth Rd Crows Landing 2024 Dairy AR,5,23,24,Alamo Dairy,1500 W. Fulkerth Rd. Crowslanding 95313,37.505571622171,-121.013470944489,"022-035-012,022-035-006,022-036-018,022-036-019,022-036-016,022-033-006,022-033-007,022-033-008,022-034-011,022-034-013,022-034-013,022-034-014,022-034-015,022-034-016,022-034-017,022-036-023,022-033-002,022-034-004,058-001-015,022-037-004,058-002-003",Destination Assessor Parcel Number,Farmer,36.0606814,-119.2385134,2024-01-31,2024-02-12,False,,,,,4574139.0,704,317
1500 Fulkerth Rd Crows Landing 2024 Dairy AR,6,25,26,Alamo Dairy,1500 W. Fulkerth Rd. Crowslanding 95313,37.505571622171,-121.013470944489,"022-035-012,022-035-006,022-036-018,022-036-019,022-036-016,022-033-006,022-033-007,022-033-008,022-034-011,022-034-013,022-034-013,022-034-014,022-034-015,022-034-016,022-034-017,022-036-023,022-033-002,022-034-004,058-001-015,022-037-004,058-002-003",Destination Assessor Parcel Number,Farmer,37.50229,-121.008182,2024-02-18,2024-02-26,False,,,,,3302792.0,508,229
1500 Fulkerth Rd Crows Landing 2024 Dairy AR,7,27,28,Alamo Dairy,1500 W. Fulkerth Rd. Crowslanding 95313,37.505571622171,-121.013470944489,"022-035-012,022-035-006,022-036-018,022-036-019,022-036-016,022-033-006,022-033-007,022-033-008,022-034-011,022-034-013,022-034-013,022-034-014,022-034-015,022-034-016,022-034-017,022-036-023,022-033-002,022-034-004,058-001-015,022-037-004,058-002-003",Destination Assessor Parcel Number,Farmer,37.50229,-121.008182,2024-03-22,2024-03-31,False,,,,,1642690.0,253,114
1500 Fulkerth Rd Crows Landing 2024 Dairy AR,8,29,30,Alamo Dairy,1500 W. Fulkerth Rd. Crowslanding 95313,37.505571622171,-121.013470944489,"022-035-012,022-035-006,022-036-018,022-036-019,022-036-016,022-033-006,022-033-007,022-033-008,022-034-011,022-034-013,022-034-013,022-034-014,022-034-015,022-034-016,022-034-017,022-036-023,022-033-002,022-034-004,058-001-015,022-037-004,058-002-003",Destination Assessor Parcel Number,Farmer,37.50229,-121.008182,2024-05-08,2024-05-20,False,,,,,3266197.0,502,226
1500 Fulkerth Rd Crows Landing 2024 Dairy AR,9,31,32,Alamo Dairy,1500 W. Fulkerth Rd. Crowslanding 95313,37.505571622171,-121.013470944489,"022-035-012,022-035-006,022-036-018,022-036-019,022-036-016,022-033-006,022-033-007,022-033-008,022-034-011,022-034-013,022-034-013,022-034-014,022-034-015,022-034-016,022-034-017,022-036-023,022-033-002,022-034-004,058-001-015,022-037-004,058-002-003",Destination Assessor Parcel Number,Farmer,37.50229,-121.008182,2024-06-23,2024-06-29,False,,,,,2362602.0,363,164
1500 Fulkerth Rd Crows Landing 2024 Dairy AR,10,33,34,Alamo Dairy,1500 W. Fulkerth Rd. Crowslanding 95313,37.505571622171,-121.013470944489,"022-035-012,022-035-006,022-036-018,022-036-019,022-036-016,022-033-006,022-033-007,022-033-008,022-034-011,022-034-013,022-034-013,022-034-014,022-034-015,022-034-016,022-034-017,022-036-023,022-033-002,022-034-004,058-001-015,022-037-004,058-002-003",Destination Assessor Parcel Number,Farmer,37.50229,-121.008182,2024-07-03,2024-07-08,False,,,,,3367037.0,518,233
1500 Fulkerth Rd Crows Landing 2024 Dairy AR,11,35,36,Alamo Dairy,1500 W. Fulkerth Rd. Crowslanding 95313,37.505571622171,-121.013470944489,"022-035-012,022-035-006,022-036-018,022-036-019,022-036-016,022-033-006,022-033-007,022-033-008,022-034-011,022-034-013,022-034-013,022-034-014,022-034-015,022-034-016,022-034-017,022-036-023,022-033-002,022-034-004,058-001-015,022-037-004,058-002-003",Destination Assessor Parcel Number,Farmer,37.50229,-121.008182,2024-07-17,2024-07-22,False,,,,,4269532.0,657,296
1500 Fulkerth Rd Crows Landing 2024 Dairy AR,12,37,38,Alamo Dairy,1500 W. Fulkerth Rd. Crowslanding 95313,37.505571622171,-121.013470944489,"022-035-012,022-035-006,022-036-018,022-036-019,022-036-016,022-033-006,022-033-007,022-033-008,022-034-011,022-034-013,022-034-013,022-034-014,022-034-015,022-034-016,022-034-017,022-036-023,022-033-002,022-034-004,058-001-015,022-037-004,058-002-003",Destination Assessor Parcel Number,Farmer,37.50229,-121.008182,2024-07-30,2024-08-08,False,,,,,4691825.0,722,325
1500 Fulkerth Rd Crows Landing 2024 Dairy AR,13,39,40,Alamo Dairy,1500 W. Fulkerth Rd. Crowslanding 95313,37.505571622171,-121.013470944489,"022-035-012,022-035-006,022-036-018,022-036-019,022-036-016,022-033-006,022-033-007,022-033-008,022-034-011,022-034-013,022-034-013,022-034-014,022-034-015,022-034-016,022-034-017,022-036-023,022-033-002,022-034-004,058-001-015,022-037-004,058-002-003",Destination Assessor Parcel Number,Farmer,37.50229,-121.008182,2024-08-14,2024-08-28,False,,,,,5113210.0,787,354
1500 Fulkerth Rd Crows Landing 2024 Dairy AR,14,41,42,Alamo Dairy,1500 W. Fulkerth Rd. Crowslanding 95313,37.505571622171,-121.013470944489,"022-035-012,022-035-006,022-036-018,022-036-019,022-036-016,022-033-006,022-033-007,022-033-008,022-034-011,022-034-013,022-034-013,022-034-014,022-034-015,022-034-016,022-034-017,022-036-023,022-033-002,022-034-004,058-001-015,022-037-004,058-002-003",Destination Assessor Parcel Number,Farmer,37.50229,-121.008182,2024-12-24,2024-12-28,False,,,,,3846349.0,592,266
1500 Fulkerth Rd Crows Landing 2024 Dairy AR,15,43,44,Alamo Dairy,1500 W. Fulkerth Rd. Crowslanding 95313,37.505571622171,-121.013470944489,"058-001-015,022-037-004,058-002-003",Destination Assessor Parcel Number,Blank,37.491439,-121.041676,2024-11-13,2024-11-15,False,10000.0,,,,2220000.0,341,154
1980 County Rd QQ Willows 2024 Dairy AR,2,35,36,Couto Dairy,1980 County Road Qq Willows Glenn 95988,39.536479394667,-122.121338519324,0001-0001-0001-0001 Glenn,Destination Assessor Parcel Number,Farmer,,,,2024-12-31,False,,,,,2500000.0,385,173
2306 W Fulkerth Rd Crows Landing 2025 Dairy AR,2,36,37,Edelweiss Dairy,2306 W. Fulkerth Rd Crows Landing 95313,37.507547278659,-121.032046331573,022-003-007,Destination Assessor Parcel Number,Blank,,,,2024-01-09,False,,,,,2751800.0,423,191
2306 W Fulkerth Rd Crows Landing 2025 Dairy AR,3,38,39,Edelweiss Dairy,2306 W. Fulkerth Rd Crows Landing 95313,37.507547278659,-121.032046331573,022-003-007,Destination Assessor Parcel Number,Blank,,,,2024-02-28,False,,,,,1748000.0,269,121
2306 W Fulkerth Rd Crows Landing 2025 Dairy AR,4,40,41,Edelweiss Dairy,2306 W. Fulkerth Rd Crows Landing 95313,37.507547278659,-121.032046331573,022-003-007,Destination Assessor Parcel Number,Blank,,,,2024-11-07,False,,,,,1890750.0,291,131
2306 W Fulkerth Rd Crows Landing 2025 Dairy AR,5,42,43,Edelweiss Dairy,2306 W. Fulkerth Rd Crows Landing 95313,37.507547278659,-121.032046331573,022-003-007,Destination Assessor Parcel Number,Blank,,,,2024-12-29,False,,,,,2020400.0,311,140
2743 Baker Rd Modesto 2024 Dairy AR,3,73,74,Diamond O Dairy,2743 Baker Road Modesto CA 95358,37.599320024065,-121.094649425286,017-037-005,Destination Assessor Parcel Number,Blank,37.603472,-121.097399,,2024-09-25,False,9500.0,17.0,,,161500.0,0,17
2892 N Gurr Rd Atwater 2024 Dairy AR,1,25,26,D Barcellos Dairy,2892 N Gurr Rd Atwater Merced 95301,37.33004312838,-120.558155235163,Atwater 95301 Gurr Rd Keith Moss Land Merced Madera,Destination Address,Farmer,,,,2024-10-27,False,,,,1200.0,576000.0,89,40
3449 Paradise Rd Modesto 2024 Dairy AR,2,54,55,Furtado Farms,3449 Paradise Road Modesto CA 95358,37.609516525459,-121.057328666121,"017-054-026,017-054-45",Destination Assessor Parcel Number,Farmer,37.607159,-121.077789,,2024-11-04,False,9500.0,150.0,,,1425000.0,0,150
3636 E Monte Vista Rd Ceres 2024 Dairy AR,3,45,46,Double D Dairy #2,3636 E. Monte Vista Ave. Ceres 95307,37.52141974751,-120.927587869078,022-017-001,Destination Assessor Parcel Number,Farmer,37.519953,-120.939384,,2024-01-21,True,,,,,405000.0,62,28
3636 E Monte Vista Rd Ceres 2024 Dairy AR,4,47,48,Double D Dairy #2,3636 E Monte Vista AVE Ceres Stanislaus 95307,,,022-017-001,Destination Assessor Parcel Number,Farmer,36.0606814,-119.2385134,,2024-04-26,True,,,,,360000.0,55,25
3636 E Monte Vista Rd Ceres 2024 Dairy AR,5,49,50,Double D Dairy #2,3636 E. Monte Vista Ave. Ceres 95307,37.52141974751,-120.927587869078,022-017-001,Destination Assessor Parcel Number,Farmer,37.519953,-120.939384,,2024-06-22,True,,,,,405000.0,62,28
3636 E Monte Vista Rd Ceres 2024 Dairy AR,6,51,52,Double D Dairy #2,3636 E. Monte Vista Ave. Ceres 95307,37.52141974751,-120.927587869078,022-017-001,Destination Assessor Parcel Number,Farmer,37.519953,-120.939384,,2024-08-17,True,,,,,330000.0,51,23
3636 E Monte Vista Rd Ceres 2024 Dairy AR,7,53,54,Double D Dairy #2,3636 E. Monte Vista Ave. Ceres 95307,37.52141974751,-120.927587869078,022-017-001,Destination Assessor Parcel Number,Farmer,37.519953,-120.939384,,2024-09-06,True,,,,,300000.0,46,21
3636 E Monte Vista Rd Ceres 2024 Dairy AR,8,55,56,Double D Dairy #2,3636 E. Monte Vista Ave. Ceres 95307,37.52141974751,-120.927587869078,022-017-001,Destination Assessor Parcel Number,Farmer,37.519953,-120.939384,,2024-10-27,True,,,,,375000.0,58,26
4390 N Fox Rd Merced 2024 Dairy AR,1,94,95,Blue Sky Dairy,4390 N Fox Rd Merced Merced 95340,37.353520136529,-120.549468100229,Merced 95340 Franklin Rd Merced,Destination Address,Farmer,36.0606814,-119.2385134,,2024-03-20,True,,,,,1656000.0,255,115
4390 N Fox Rd Merced 2024 Dairy AR,2,96,97,Blue Sky Dairy,4390 N Fox Rd Merced Merced 95340,37.353520136529,-120.549468100229,Merced 95340 Franklin Rd Merced,Destination Address,Farmer,37.311331012086,-120.541070810774,,2024-09-29,True,,,,,1368000.0,210,95
4890 S Healy Rd Merced 2024 Dairy AR,6,168,169,Meirinho Holsteins Inc,4890 Healy Rd Merced Merced 95341,37.215628557473,-120.432373043351,X066-X180-X002-Xxxx Merced,Destination Assessor Parcel Number,Farmer,,,,2024-01-01,False,,,,,8700000.0,1338,602
4890 S Healy Rd Merced 2024 Dairy AR,7,170,171,Meirinho Holsteins Inc,4890 Healy Rd Merced Merced 95341,37.215628557473,-120.432373043351,X066-X180-X002-Xxxx Merced,Destination Assessor Parcel Number,Farmer,,,,2024-03-05,False,,,,,8100000.0,1246,561
4890 S Healy Rd Merced 2024 Dairy AR,8,172,173,Meirinho Holsteins Inc,4890 Healy Rd Merced Merced 95341,37.215628557473,-120.432373043351,X066-X180-X002-Xxxx Merced,Destination Assessor Parcel Number,Farmer,,,,2024-06-11,False,,,,,9800000.0,1508,678
4890 S Healy Rd Merced 2024 Dairy AR,9,174,175,Meirinho Holsteins Inc,4890 Healy Rd Merced Merced 95341,37.215628557473,-120.432373043351,X066-X180-X002-Xxxx Merced,Destination Assessor Parcel Number,Farmer,,,,2024-07-21,False,,,,,9200000.0,1415,637
5000 W Keyes Rd Modesto 2024 Dairy AR,1,15,16,Alamo Farms,5000 Keyes Rd. Modesto 95358,37.545854462099,-121.087299669668,"017-061-020,017-061-009,017-062-029,017-061-021,017-061-004,017-061-007",Destination Assessor Parcel Number,Farmer,37.636789,-122.462718,2024-01-15,2024-01-24,False,,,,,8589293.0,1321,595
5000 W Keyes Rd Modesto 2024 Dairy AR,2,17,18,Alamo Farms,5000 Keyes Rd. Modesto 95358,37.545854462099,-121.087299669668,"017-061-020,017-061-009,017-062-029,017-061-021,017-061-004,017-061-007",Destination Assessor Parcel Number,Farmer,37.636789,-122.462718,2024-02-05,2024-02-10,False,,,,,5708478.0,878,395
5000 W Keyes Rd Modesto 2024 Dairy AR,3,19,20,Alamo Farms,5000 Keyes Rd. Modesto 95358,37.545854462099,-121.087299669668,"017-061-020,017-061-009,017-062-029,017-061-021,017-061-004,017-061-007",Destination Assessor Parcel Number,Farmer,37.636789,-122.462718,2024-03-05,2024-03-12,False,,,,,5670466.0,872,393
5000 W Keyes Rd Modesto 2024 Dairy AR,4,21,22,Alamo Farms,5000 Keves Rd. Modesto 95358,37.545854462099,-121.087299669668,"017-061-020,017-061-009,017-062-029,017-061-021,017-061-004,017-061-007",Destination Assessor Parcel Number,Farmer,37.636789,-122.462718,2024-06-16,2024-06-30,False,,,,,4966016.0,764,344
5000 W Keyes Rd Modesto 2024 Dairy AR,5,23,24,Alamo Farms,5000 Keyes Rd. Modesto 95358,37.545854462099,-121.087299669668,"017-061-020,017-061-009,017-062-029,017-061-021,017-061-004,017-061-007",Destination Assessor Parcel Number,Farmer,37.636789,-122.462718,2024-07-08,2024-07-11,False,,,,,2781941.0,428,193
5000 W Keyes Rd Modesto 2024 Dairy AR,6,25,26,Alamo Farms,5000 Keyes Rd. Modesto 95358,37.545854462099,-121.087299669668,"017-061-020,017-061-009,017-062-029,017-061-021,017-061-004,017-061-007",Destination Assessor Parcel Number,Farmer,37.636789,-122.462718,2024-02-15,2024-02-15,False,,,,,5670466.0,872,393
5000 W Keyes Rd Modesto 2024 Dairy AR,7,27,28,Alamo Farms,5000 Keves Rd. Modesto 95358,37.545854462099,-121.087299669668,"017-061-020,017-061-009,017-062-029,017-061-021,017-061-004,017-061-007",Destination Assessor Parcel Number,Farmer,37.636789,-122.462718,2024-08-05,2024-08-12,False,,,,,3553278.0,547,246
5000 W Keyes Rd Modesto 2024 Dairy AR,8,29,30,Alamo Farms,5000 Keves Rd. Modesto 95358,37.545854462099,-121.087299669668,"017-061-020,017-061-009,017-062-029,017-061-021,017-061-004,017-061-007",Destination Assessor Parcel Number,Farmer,37.636789,-122.462718,2024-08-19,2024-08-22,False,,,,,4982787.0,766,345
5000 W Keyes Rd Modesto 2024 Dairy AR,9,31,32,Alamo Farms,5000 Keyes Rd. Modesto 95358,37.545854462099,-121.087299669668,"017-061-020,017-061-009,017-062-029,017-061-021,017-061-004,017-061-007",Destination Assessor Parcel Number,Farmer,37.636789,-122.462718,2024-09-02,2024-09-08,False,,,,,5689769.0,875,394
5000 W Keyes Rd Modesto 2024 Dairy AR,10,33,34,Alamo Farms,5000 Keves Rd. Modesto 95358,37.545854462099,-121.087299669668,"017-061-020,017-061-009,017-062-029,017-061-021,017-061-004,017-061-007",Destination Assessor Parcel Number,Farmer,37.636789,-122.462718,2024-12-05,2024-12-12,False,,,,,5539502.0,852,384
5000 W Keyes Rd Modesto 2024 Dairy AR,11,35,36,Alamo Farms,5000 Keyes Rd. Modesto 95358,37.545854462099,-121.087299669668,"022-002-050,017-062-047,017-062-048,022-003-009,058-001-013,058-001-014,058-001-003",Destination Assessor Parcel Number,Farmer,37.707363,-122.482716,2024-10-30,2024-11-04,False,,,,,4780000.0,735,331
5254 Blue Gum Ave Modesto 2024 Dairy AR,14,60,61,Blue Star Dairy,5254 Blue Gum Avenue Modesto CA 95358,37.659546806318,-121.091390457513,"012-030-050,012-031-026",Destination Assessor Parcel Number,Farmer,37.927171,-121.715711,,2024-10-26,False,,,10.0,1300.0,780000.0,120,54
5254 Blue Gum Ave Modesto 2024 Dairy AR,15,62,63,Blue Star Dairy,5254 Blue Gum Avenue Modesto CA 95358,37.659546806318,-121.091390457513,"012-030-050,012-031-026",Destination Assessor Parcel Number,Farmer,360607199.0,-119.2391615,,2024-10-30,False,,,5.0,1300.0,390000.0,60,27
"5600 Clayton Rd, Turlock 2024 Dairy AR",1,19,20,J-D Brasil Dairy,5600 Clayton Road Turlock CA 95380,37.481291050781,-120.913112992846,0044-0020-0031-0000,Destination Assessor Parcel Number,Farmer,,,,2024-04-23,False,,,,,1026000.0,158,71
"5600 Clayton Rd, Turlock 2024 Dairy AR",2,21,22,J-D Brasil Dairy,5600 Clayton Road Turlock CA 95380,37.481291050781,-120.913112992846,0044-0020-0031-0000,Destination Assessor Parcel Number,Farmer,,,,2024-09-02,False,,,,,1896000.0,292,131
"5638 Columbus Ave, Hilmar 2024 Dairy AR",1,105,106,Wickstrom Jersey Farms,5638 Columbus Rd. Hilmar 95324,37.369953895626,-120.868669460001,0045-0034-0012-0000,Destination Assessor Parcel Number,Blank,,,,2024-05-14,False,,,,,325000.0,50,23
"5638 Columbus Ave, Hilmar 2024 Dairy AR",2,107,108,Wickstrom Jersey Farms,5638 Columbus Rd. Hilmar 95324,37.369953895626,-120.868669460001,0045-0034-0012-0000,Destination Assessor Parcel Number,Blank,,,,2024-05-26,False,,,,,400000.0,62,28
"5638 Columbus Ave, Hilmar 2024 Dairy AR",3,109,110,Wickstrom Jersey Farms,5638 Columbus Rd. Hilmar 95324,37.369953895626,-120.868669460001,0045-0034-0012-0000,Destination Assessor Parcel Number,Blank,,,,2024-06-09,False,,,,,325000.0,50,23
"5638 Columbus Ave, Hilmar 2024 Dairy AR",4,111,112,Wickstrom Jersey Farms,5638 Columbus Rd. Hilmar 95324,37.369953895626,-120.868669460001,0045-0034-0012-0000,Destination Assessor Parcel Number,Blank,,,,2024-06-21,False,,,,,380000.0,58,26
"5638 Columbus Ave, Hilmar 2024 Dairy AR",5,113,114,Wickstrom Jersey Farms,5638 Columbus Rd. Hilmar 95324,37.369953895626,-120.868669460001,0045-0034-0012-0000,Destination Assessor Parcel Number,Blank,,,,2024-06-30,False,,,,,400000.0,62,28
"5638 Columbus Ave, Hilmar 2024 Dairy AR",6,115,116,Wickstrom Jersey Farms,5638 Columbus Rd. Hilmar 95324,37.369953895626,-120.868669460001,0045-0034-0012-0000,Destination Assessor Parcel Number,Blank,,,,2024-10-24,False,,,,,350000.0,54,24
"5638 Columbus Ave, Hilmar 2024 Dairy AR",7,117,118,Wickstrom Jersey Farms,5638 Columbus Rd. Hilmar 95324,37.369953895626,-120.868669460001,0045-0034-0012-0000,Destination Assessor Parcel Number,Blank,,,,2024-12-05,False,,,,,450000.0,69,31
"5638 Columbus Ave, Hilmar 2024 Dairy AR",8,119,120,Wickstrom Jersey Farms,5638 Columbus Rd. Hilmar 95324,37.369953895626,-120.868669460001,"0045-0360-0022-0000,0045-0360-0014-0000,045-0262-0001-0000",Destination Assessor Parcel Number,Blank,,,,2024-04-12,False,,,,,1000000.0,154,69
"5638 Columbus Ave, Hilmar 2024 Dairy AR",9,121,122,Wickstrom Jersey Farms,5638 Columbus Rd. Hilmar 95324,37.369953895626,-120.868669460001,"0045-0360-0022-0000,0045-0360-0014-0000,045-0262-0001-0000",Destination Assessor Parcel Number,Blank,,,,2024-06-07,False,,,,,1100000.0,169,76
"5638 Columbus Ave, Hilmar 2024 Dairy AR",10,123,124,Wickstrom Jersey Farms,5638 Columbus Rd. Hilmar 95324,37.369953895626,-120.868669460001,"0045-0360-0022-0000,0045-0360-0014-0000,045-0262-0001-0000",Destination Assessor Parcel Number,Blank,,,,2024-06-20,False,,,,,1000000.0,154,69
"5638 Columbus Ave, Hilmar 2024 Dairy AR",11,125,126,Wickstrom Jersey Farms,5638 Columbus Rd. Hilmar 95324,37.369953895626,-120.868669460001,"0045-0360-0022-0000,0045-0360-0014-0000,045-0262-0001-0000",Destination Assessor Parcel Number,Blank,,,,2024-06-30,False,,,,,900000.0,138,62
"5638 Columbus Ave, Hilmar 2024 Dairy AR",12,127,128,Wickstrom Jersey Farms,5638 Columbus Rd. Hilmar 95324,37.369953895626,-120.868669460001,"0045-0360-0022-0000,0045-0360-0014-0000,045-0262-0001-0000",Destination Assessor Parcel Number,Blank,,,,2024-07-09,False,,,,,950000.0,146,66
"5638 Columbus Ave, Hilmar 2024 Dairy AR",13,129,130,Wickstrom Jersey Farms,5638 Columbus Rd. Hilmar 95324,37.369953895626,-120.868669460001,"0045-0360-0022-0000,0045-0360-0014-0000,045-0262-0001-0000",Destination Assessor Parcel Number,Blank,,,,2024-10-15,False,,,,,1100000.0,169,76
"5638 Columbus Ave, Hilmar 2024 Dairy AR",14,131,132,Wickstrom Jersey Farms,5638 Columbus Rd. Hilmar 95324,37.369953895626,-120.868669460001,"0045-0025-0021-0000,0045-0025-0065-0000",Destination Assessor Parcel Number,Blank,,,,2024-03-13,False,,,,,1500000.0,231,104
"5638 Columbus Ave, Hilmar 2024 Dairy AR",15,133,134,Wickstrom Jersey Farms,5638 Columbus Rd. Hilmar 95324,37.369953895626,-120.868669460001,"0045-0025-0021-0000,0045-0025-0065-0000",Destination Assessor Parcel Number,Blank,,,,2024-04-20,False,,,,,1600000.0,246,111
"5638 Columbus Ave, Hilmar 2024 Dairy AR",16,135,136,Wickstrom Jersey Farms,5638 Columbus Rd. Hilmar 95324,37.369953895626,-120.868669460001,"0045-0025-0021-0000,0045-0025-0065-0000",Destination Assessor Parcel Number,Blank,,,,2024-07-02,False,,,,,1100000.0,169,76
"5638 Columbus Ave, Hilmar 2024 Dairy AR",17,137,138,Wickstrom Jersey Farms,5638 Columbus Rd. Hilmar 95324,37.369953895626,-120.868669460001,0045-0025-0031-0000,Destination Assessor Parcel Number,Blank,,,,2024-02-29,False,,,,,900000.0,138,62
"5638 Columbus Ave, Hilmar 2024 Dairy AR",18,139,140,Wickstrom Jersey Farms,5638 Columbus Rd. Hilmar 95324,37.369953895626,-120.868669460001,0045-0025-0031-0000,Destination Assessor Parcel Number,Blank,,,,2024-04-15,False,,,,,915000.0,141,63
"5638 Columbus Ave, Hilmar 2024 Dairy AR",19,141,142,Wickstrom Jersey Farms,5638 Columbus Rd. Hilmar 95324,37.369953895626,-120.868669460001,0045-0025-0031-0000,Destination Assessor Parcel Number,Blank,,,,2024-05-26,False,,,,,850000.0,131,59
"5638 Columbus Ave, Hilmar 2024 Dairy AR",20,143,144,Wickstrom Jersey Farms,5638 Columbus Rd. Hilmar 95324,37.369953895626,-120.868669460001,0045-0025-0031-0000,Destination Assessor Parcel Number,Blank,,,,2024-06-08,False,,,,,750000.0,115,52
"5638 Columbus Ave, Hilmar 2024 Dairy AR",21,145,146,Wickstrom Jersey Farms,5638 Columbus Rd. Hilmar 95324,37.369953895626,-120.868669460001,0045-0025-0031-0000,Destination Assessor Parcel Number,Blank,,,,2024-06-21,False,,,,,800000.0,123,55
"5638 Columbus Ave, Hilmar 2024 Dairy AR",22,147,148,Wickstrom Jersey Farms,5638 Columbus Rd. Hilmar 95324,37.369953895626,-120.868669460001,0045-0025-0031-0000,Destination Assessor Parcel Number,Blank,,,,2024-06-30,False,,,,,750000.0,115,52
"5638 Columbus Ave, Hilmar 2024 Dairy AR",23,149,150,Wickstrom Jersey Farms,5638 Columbus Rd. Hilmar 95324,37.369953895626,-120.868669460001,0045-0025-0031-0000,Destination Assessor Parcel Number,Blank,,,,2024-10-20,False,,,,,900000.0,138,62
5817 E Worden Ave Merced 2024 Dairy AR,1,109,110,Double B Dairy,5817 E Worden Ave Merced Merced 95340,37.2360771,-120.3832041,602 E Sandy Mush Rd M 95341 Merced,Destination Address,Farmer,37.187149239326,-120.477986270784,,2024-08-02,False,,,,,3980500.0,612,276
"5837 Hultberg RD, Turlock 2024 Dairy AR",1,33,34,Kooistra Dairy,5837 Hultberg Road Turlock CA 95380,37.438153041265,-120.895575117737,045-X013-X027-Xxxx,Destination Assessor Parcel Number,Farmer,,,2024-03-19,2024-08-09,False,,,,,1650000.0,254,114
"5837 Hultberg RD, Turlock 2024 Dairy AR",2,35,36,Kooistra Dairy,5837 Hultberg Road Turlock CA 95380,37.438153041265,-120.895575117737,057-X017-X004-Xxxx,Destination Assessor Parcel Number,Farmer,,,2024-07-02,2024-07-29,False,,,,,780000.0,120,54
5931 W Tuolumne Rd Ceres 2024 Dairy AR,5,53,54,Nelson Farms,5931 W Tuolumne Rd Ceres 95307,37.514649349039,-120.917168744335,0023-0005-0001-0000,Destination Assessor Parcel Number,Farmer,,,,2024-05-04,False,,,8.0,1000.0,480000.0,74,33
5931 W Tuolumne Rd Ceres 2024 Dairy AR,6,55,56,Nelson Farms,5931 W Tuolumne Rd Ceres 95307,37.514649349039,-120.917168744335,0023-0005-0001-0000,Destination Assessor Parcel Number,Farmer,,,,2024-07-22,False,,,8.0,1000.0,480000.0,74,33
5931 W Tuolumne Rd Ceres 2024 Dairy AR,7,57,58,Nelson Farms,5931 W Tadumne Rd Ceres 95307,37.5150913,-120.915848,0023-0005-0001-0000,Destination Assessor Parcel Number,Farmer,,,,2024-02-21,False,,,8.0,1000.0,480000.0,74,33
6025 Hultberg Rd Turlock 2024 Dairy AR,1,31,32,N & C Silveira Dairy,6025 Hultberg Road Turlock CA 95380,37.436642789951,-120.896652862847,5026 Christofferson Road Turlock 95380,Destination Address,Farmer,37.440678005778,-120.907359151592,,2024-10-18,False,,,,,360000.0,55,25
6025 Hultberg Rd Turlock 2024 Dairy AR,4,37,38,N & C Silveira Dairy,6025 Hultberg Road Turlock CA 95380,37.436642789951,-120.896652862847,9579 Hultberg Rd Hilmar 95324,Destination Address,Farmer,37.427118894377,-120.89576094453,2024-01-08,2024-03-27,False,,,,,717570.0,110,50
6025 Hultberg Rd Turlock 2024 Dairy AR,5,39,40,N & C Silveira Dairy,6025 Hultberg Road Turlock CA 95380,37.436642789951,-120.896652862847,9579 Hultberg Rd Hilmar 95324,Destination Address,Farmer,37.427118894377,-120.89576094453,2024-06-22,2024-10-15,False,,,,,1255060.0,193,87
"6041 Central Ave, Hilmar 2024 Dairy AR",1,82,83,Martins Brothers Dairy,6041 Central Ave Hilmar Merced 95324,37.378794917548,-120.959938243479,Hilmar 95324 Central And Williams Merced Merced,Destination Address,Farmer,,,,2024-04-27,False,,,,,8011753.0,1232,555
"6071 Larson Ave, Hilmar 2024 Dairy AR",2,60,61,California Dairy Farms-Larson,6071 North Larson Road Hilmar CA 95324,,,"X045-X230-X032-XXXX,X045-X230-X061-XXXX",Destination Assessor Parcel Number,Farmer,,,2024-02-22,2024-10-14,False,,,,,1764000.0,271,122
"6071 Larson Ave, Hilmar 2024 Dairy AR",3,62,63,California Dairy Farms-Larson,6071 North Larson Road Hilmar CA 95324,,,045-X230-X008-Xxxx,Destination Assessor Parcel Number,Farmer,,,2024-01-31,2024-07-12,False,,,,,2016000.0,310,140
6480 W Bailey Rd Atwater 2024 Dairy AR,1,13,14,Twin Star Dairy,6480 W Bailey Ave Atwater Merced 95301,37.28791828141,-120.605546431898,Atwater 95301 Oak Ave Merced Stanislaus,Destination Address,Farmer,,,,2024-04-30,False,,,,,5783486.0,890,400
6480 W Bailey Rd Atwater 2024 Dairy AR,2,15,16,Twin Star Dairy,6480 W Bailey Ave Atwater Merced 95301,37.28791828141,-120.605546431898,Atwater 95301 Oak Ave Merced,Destination Address,Farmer,37.355804991608,-120.602916986962,,2024-06-30,False,,,,,7021541.0,1080,486
6480 W Bailey Rd Atwater 2024 Dairy AR,3,17,18,Twin Star Dairy,6480 W Bailey Ave Atwater Merced 95301,37.28791828141,-120.605546431898,Atwater 05301 Oak Ave Merced,Destination Address,Farmer,37.280227421357,-120.583511188836,,2024-09-30,False,,,,,7021541.0,1080,486
6480 W Bailey Rd Atwater 2024 Dairy AR,4,19,20,Twin Star Dairy,6480 W Bailey Ave Atwater Merced 95301,37.28791828141,-120.605546431898,Atwater 95301 Oak Ave Merced,Destination Address,Farmer,37.355804991608,-120.602916986962,,2024-12-31,False,,,,,4572630.0,703,317
6555 Blue Gum Rd Modeso 2024 Dairy AR,6,57,58,Double & Dairy,6555 Blue Gum Ave. Modesto 95358,37.660044900915,-121.114367433411,012-034-023,Destination Assessor Parcel Number,Farmer,35.552162,-121.087588,,2024-08-20,False,,,10.0,1000.0,600000.0,92,42
6555 Blue Gum Rd Modeso 2024 Dairy AR,7,59,60,Double & Dairy,6555 Blue Gum Ave. Modesto 95358,37.660044900915,-121.114367433411,012-034-023,Destination Assessor Parcel Number,Farmer,35.552162,-121.087588,,2024-09-02,False,,,10.0,1000.0,600000.0,92,42
6555 Blue Gum Rd Modeso 2024 Dairy AR,8,61,62,Double & Dairy,6555 Blue Gum Ave. Modesto 95358,37.660044900915,-121.114367433411,012-028-053,Destination Assessor Parcel Number,Farmer,34.450579,-119.739451,,2024-10-24,False,9500.0,60.0,,,570000.0,0,60
6624 Crane Rd Oakdale 2024 Dairy AR,2,22,23,Crane Villa,6624 Crane Road Oakdale CA 95361,37.734875263523,-120.880931681432,063-027-002,Destination Assessor Parcel Number,Blank,37.738219,-120.874174,,2024-05-17,False,9500.0,40.0,,,380000.0,0,40
"6706 Elaine RD, Turlock 2024 Dairy AR",1,74,75,Silvas Holsteins Dairy,6706 Elaine Rd Turlock Stanislaus 95380,37.430076239365,-120.925696660264,5631 Zeering Rd Ceres 95307 Stanislaus,Destination Address,Farmer,37.529317558972,-120.991993025084,,2024-04-02,True,,,15.0,1800.0,1620000.0,249,112
"6706 Elaine RD, Turlock 2024 Dairy AR",2,76,77,Silvas Holsteins Dairy,6706 Elaine Rd Turlock Stanislaus 95380,37.430076239365,-120.925696660264,5631 Zeering Rd Ceres 95307 Stanislaus,Destination Address,Farmer,37.529317558972,-120.991993025084,,2024-06-12,True,,,15.0,1800.0,1620000.0,249,112
6930 Paradise Rd Modesto 2024 Dairy AR,1,73,74,Larry Inderbitzen Dairy,6930 Paradise Rd. Modesto 95358,37.608103588041,-121.120964745582,017-027-074,Destination Assessor Parcel Number,Farmer,35.311694,-120.857986,,2024-05-27,True,,,,,990352.0,152,69
6930 Paradise Rd Modesto 2024 Dairy AR,2,75,76,Larry Inderbitzen Dairy,6930 Paradise Rd. Modesto 95358,37.608103588041,-121.120964745582,017-027-074,Destination Assessor Parcel Number,Farmer,35.311694,-120.857986,,2024-06-22,True,,,,,160759.0,25,11
6930 Paradise Rd Modesto 2024 Dairy AR,3,77,78,Larry Inderbitzen Dairy,6930 Paradise Rd. Modesto 95358,37.608103588041,-121.120964745582,017-027-074,Destination Assessor Parcel Number,Farmer,35.311694,-120.857986,,2024-07-19,True,,,,,562989.0,87,39
6930 Paradise Rd Modesto 2024 Dairy AR,4,79,80,Larry Inderbitzen Dairy,6930 Paradise Rd. Modesto 95358,37.608103588041,-121.120964745582,017-027-074,Destination Assessor Parcel Number,Farmer,35.311694,-120.857986,,2024-08-24,True,,,,,741204.0,114,51
7018 Vivian Rd Modesto 2024 Dairy AR,1,25,26,Manuel Soares & Sons Dairy,7810 Vivian Rd Modesto CA 95358,37.524278742831,-121.048992975243,3136 W. Monte Vista Ave. Modesto 95358 Stanislaus County,Destination Address,Farmer,37.522079151833,-121.052306481196,,,False,,,,,1400000.0,215,97
"7025 W. Central Ave, Turlock 2024 Dairy AR",1,26,27,Double Cross,"7025 S Central Ave Hilmar, CA 95324",37.431206629106,-120.958578581341,"0057-0008-0001,0057-0008-00002,0057-0009-0006",Destination Assessor Parcel Number,Blank,,,2024-01-16,2024-01-17,False,,,,,864000.0,133,60
"7025 W. Central Ave, Turlock 2024 Dairy AR",2,28,29,Double Cross,"7025 S Central Ave Hilmar, CA 95324",37.431206629106,-120.958578581341,"0057-0008-0001,0057-0008-00002,0057-0009-0006",Destination Assessor Parcel Number,Blank,,,2024-02-20,2024-02-21,False,,,,,1404000.0,216,97
"7025 W. Central Ave, Turlock 2024 Dairy AR",3,30,31,Double Cross,"7025 S Central Ave Hilmar, CA 95324",37.431206629106,-120.958578581341,"0057-0008-0001,0057-0008-00002,0057-0009-0006",Destination Assessor Parcel Number,Blank,,,,2024-03-19,False,,,,,744000.0,114,52
"7025 W. Central Ave, Turlock 2024 Dairy AR",4,32,33,Double Cross,"7025 S Central Ave Hilmar, CA 95324",37.431206629106,-120.958578581341,"0057-0008-0001,0057-0008-00002,0057-0009-0006",Destination Assessor Parcel Number,Blank,,,2024-06-05,2024-06-06,False,,,,,720000.0,111,50
"7025 W. Central Ave, Turlock 2024 Dairy AR",5,34,35,Double Cross,"7025 S Central Ave Hilmar, CA 95324",37.431206629106,-120.958578581341,"0057-0008-0001,0057-0008-00002,0057-0009-0006",Destination Assessor Parcel Number,Blank,,,2024-08-02,2024-08-03,False,,,,,1272000.0,196,88
"7025 W. Central Ave, Turlock 2024 Dairy AR",6,36,37,Double Cross,"7025 S Central Ave Hilmar, CA 95324",37.431206629106,-120.958578581341,"0057-0008-0001,0057-0008-00002,0057-0009-0006",Destination Assessor Parcel Number,Blank,,,2024-08-15,2024-08-16,False,,,,,748000.0,115,52
"7025 W. Central Ave, Turlock 2024 Dairy AR",7,38,39,Double Cross,"7025 S Central Ave Hilmar, CA 95324",37.431206629106,-120.958578581341,"0057-0008-0001,0057-0008-00002,0057-0009-0006",Destination Assessor Parcel Number,Blank,,,2024-09-10,2024-09-11,False,,,,,1248000.0,192,86
"7025 W. Central Ave, Turlock 2024 Dairy AR",8,40,41,Double Cross,"7025 S Central Ave Hilmar, CA 95324",37.431206629106,-120.958578581341,"0057-0008-0001,0057-0008-00002,0057-0009-0006",Destination Assessor Parcel Number,Blank,,,2024-09-19,2024-09-20,False,,,,,624000.0,96,43
7215 S Prairie Flower Rd Turlock 2024 Dairy AR,1,93,94,Lumar Dairy Farms,7215 S. Prairie Flower Rd. Turlock 95380,37.426601269947,-120.931543289186,057-013-005,Destination Assessor Parcel Number,Farmer,38.094809,-120.494519,,2024-04-04,True,,,,,720000.0,111,50
7215 S Prairie Flower Rd Turlock 2024 Dairy AR,2,95,96,Lumar Dairy Farms,7215 S. Prairie Flower Rd. Turlock 95380,37.426601269947,-120.931543289186,057-013-005,Destination Assessor Parcel Number,Farmer,38.094809,-120.494519,,2024-05-09,True,,,,,1380000.0,212,96
7215 S Prairie Flower Rd Turlock 2024 Dairy AR,3,97,98,Lumar Dairy Farms,7215 S. Prairie Flower Rd. Turlock 95380,37.426601269947,-120.931543289186,057-013-005,Destination Assessor Parcel Number,Farmer,38.094809,-120.494519,,2024-06-13,True,,,,,1260000.0,194,87
7215 S Prairie Flower Rd Turlock 2024 Dairy AR,4,99,100,Lumar Dairy Farms,7215 S. Prairie Flower Rd. Turlock 95380,37.426601269947,-120.931543289186,057-013-005,Destination Assessor Parcel Number,Farmer,38.094809,-120.494519,,2024-06-22,True,,,,,780000.0,120,54
7215 S Prairie Flower Rd Turlock 2024 Dairy AR,5,101,102,Lumar Dairy Farms,7215 S. Prairie Flower Rd. Turlock 95380,37.426601269947,-120.931543289186,057-013-005,Destination Assessor Parcel Number,Farmer,38.094809,-120.494519,,2024-07-02,True,,,,,780000.0,120,54
7215 S Prairie Flower Rd Turlock 2024 Dairy AR,6,103,104,Lumar Dairy Farms,7215 S. Prairie Flower Rd. Turlock 95380,37.426601269947,-120.931543289186,057-013-005,Destination Assessor Parcel Number,Farmer,38.094809,-120.494519,,2024-07-22,True,,,,,720000.0,111,50
7215 S Prairie Flower Rd Turlock 2024 Dairy AR,7,105,106,Lumar Dairy Farms,7215 S. Prairie Flower Rd. Turlock 95380,37.426601269947,-120.931543289186,057-013-005,Destination Assessor Parcel Number,Farmer,38.094809,-120.494519,,2024-08-13,True,,,,,900000.0,138,62
7215 S Prairie Flower Rd Turlock 2024 Dairy AR,8,107,108,Lumar Dairy Farms,7215 S. Prairie Flower Rd. Turlock 95380,37.426601269947,-120.931543289186,057-013-005,Destination Assessor Parcel Number,Farmer,38.094809,-120.494519,,2024-08-28,True,,,,,960000.0,148,66
7215 S Prairie Flower Rd Turlock 2024 Dairy AR,9,109,110,Lumar Dairy Farms,7215 S. Prairie Flower Rd. Turlock 95380,37.426601269947,-120.931543289186,057-013-005,Destination Assessor Parcel Number,Farmer,38.094809,-120.494519,,2024-10-01,True,,,,,1320000.0,203,91
7319 Beckwith Rd Modesto 2024 Dairy AR,1,70,71,Wyeth Dairy INC.,7319 Beckwith Rd. Modesto 95358,37.682504420021,-121.129599446957,012-022-001,Destination Assessor Parcel Number,Blank,39.513333,-121.56316,,2024-04-17,True,,,31.5,1000.0,1890000.0,291,131
7319 Beckwith Rd Modesto 2024 Dairy AR,2,72,73,Wyeth Dairy INC.,7319 Beckwith Rd. Modesto 95358,37.682504420021,-121.129599446957,012-022-001,Destination Assessor Parcel Number,Blank,39.513333,-121.56316,,2024-05-17,True,,,11.5,1000.0,690000.0,106,48
7319 Beckwith Rd Modesto 2024 Dairy AR,3,74,75,Wyeth Dairy INC.,7319 Beckwith Ro. Modesto 95358,37.682504420021,-121.129599446957,012-022-001,Destination Assessor Parcel Number,Blank,39.513333,-121.56316,,2024-07-26,True,,,18.0,1000.0,1080000.0,166,75
"7413 S Mitchell Rd, Turlock 2024 Dairy AR",1,33,34,Machado Dairy,7413 S. Mitchell Rd. Turlock 95380,37.424464597099,-120.941026742077,057-023-006,Destination Assessor Parcel Number,Farmer,37.417898,-120.941788,,2024-03-21,False,,,,,240000.0,37,17
"7413 S Mitchell Rd, Turlock 2024 Dairy AR",2,35,36,Machado Dairy,7413 S. Mitchell Rs. Turlock 95380,37.424464597099,-120.941026742077,057-023-015,Destination Assessor Parcel Number,Farmer,38.080564,-120.547528,,2024-03-22,False,,,,,240000.0,37,17
"7413 S Mitchell Rd, Turlock 2024 Dairy AR",3,37,38,Machado Dairy,7413 S. Mitchell Rd. Turlock 95380,37.424464597099,-120.941026742077,057-012-015,Destination Assessor Parcel Number,Farmer,38.092463,-120.485064,,2024-04-06,False,,,,,525000.0,81,36
"7413 S Mitchell Rd, Turlock 2024 Dairy AR",4,39,40,Machado Dairy,7413 S. Mitchell Rd. Turlock 95380,37.424464597099,-120.941026742077,057-012-005,Destination Assessor Parcel Number,Farmer,37.435676,-120.933489,,2024-04-06,False,,,,,1050000.0,162,73
"7413 S Mitchell Rd, Turlock 2024 Dairy AR",5,41,42,Machado Dairy,7413 S. Mitchell Rd. Turlock 95380,37.424464597099,-120.941026742077,057-023-006,Destination Assessor Parcel Number,Farmer,37.417898,-120.941788,,2024-04-11,False,,,,,300000.0,46,21
"7413 S Mitchell Rd, Turlock 2024 Dairy AR",6,43,44,Machado Dairy,7413 S. Mitchell Rd. Turlock 95380,37.424464597099,-120.941026742077,057-023-015,Destination Assessor Parcel Number,Farmer,38.080564,-120.547528,,2024-04-11,False,,,,,300000.0,46,21
"7413 S Mitchell Rd, Turlock 2024 Dairy AR",7,45,46,Machado Dairy,7413 S. Mitchell Rd. Turlock 95380,37.424464597099,-120.941026742077,057-023-006,Destination Assessor Parcel Number,Farmer,37.417898,-120.941788,,2024-05-27,False,,,,,240000.0,37,17
"7413 S Mitchell Rd, Turlock 2024 Dairy AR",8,47,48,Machado Dairy,7413 S. Mitchell Rd. Turlock 95380,37.424464597099,-120.941026742077,057-023-015,Destination Assessor Parcel Number,Farmer,38.080564,-120.547528,,2024-05-27,False,,,,,240000.0,37,17
"7413 S Mitchell Rd, Turlock 2024 Dairy AR",9,49,50,Machado Dairy,7413 S. Mitchell Rd. Turlock 95380,37.424464597099,-120.941026742077,057-012-015,Destination Assessor Parcel Number,Farmer,38.092463,-120.485064,,2024-05-31,False,,,,,525000.0,81,36
"7413 S Mitchell Rd, Turlock 2024 Dairy AR",10,51,52,Machado Dairy,7413 S. Mitchell Rs. Turlock 95380,37.424464597099,-120.941026742077,057-012-005,Destination Assessor Parcel Number,Farmer,37.435676,-120.933489,,2024-05-31,False,,,,,1050000.0,162,73
"7413 S Mitchell Rd, Turlock 2024 Dairy AR",11,53,54,Machado Dairy,7413 S. Mitchell Rd. Turlock 95380,37.424464597099,-120.941026742077,057-023-006,Destination Assessor Parcel Number,Farmer,37.417898,-120.941788,,2024-07-16,False,,,,,210000.0,32,15
"7413 S Mitchell Rd, Turlock 2024 Dairy AR",12,55,56,Machado Dairy,7413 S. Mitchell Rd. Turlock 95380,37.424464597099,-120.941026742077,057-023-015,Destination Assessor Parcel Number,Farmer,38.080564,-120.547528,,2024-07-16,False,,,,,210000.0,32,15
"7413 S Mitchell Rd, Turlock 2024 Dairy AR",13,57,58,Machado Dairy,7413 S. Mitchell Rd. Turlock 95380,37.424464597099,-120.941026742077,057-012-015,Destination Assessor Parcel Number,Farmer,38.092463,-120.485064,,2024-07-25,False,,,,,630000.0,97,44
"7413 S Mitchell Rd, Turlock 2024 Dairy AR",14,59,60,Machado Dairy,7413 S. Mitchell Rs. Turlock 95380,37.424464597099,-120.941026742077,057-012-005,Destination Assessor Parcel Number,Farmer,37.435676,-120.933489,,2024-07-25,False,,,,,1260000.0,194,87
"7413 S Mitchell Rd, Turlock 2024 Dairy AR",15,61,62,Machado Dairy,7413 S. Mitchell Rd. Turlock 95380,37.424464597099,-120.941026742077,057-023-006,Destination Assessor Parcel Number,Farmer,37.417898,-120.941788,,2024-08-17,False,,,,,225000.0,35,16
"7413 S Mitchell Rd, Turlock 2024 Dairy AR",16,63,64,Machado Dairy,7413 S. Mitchell Rd. Turlock 95380,37.424464597099,-120.941026742077,057-023-015,Destination Assessor Parcel Number,Farmer,38.080564,-120.547528,,2024-08-17,False,,,,,225000.0,35,16
"7413 S Mitchell Rd, Turlock 2024 Dairy AR",17,65,66,Machado Dairy,7413 S. Mitchell Rd. Turlock 95380,37.424464597099,-120.941026742077,057-012-015,Destination Assessor Parcel Number,Farmer,38.092463,-120.485064,,2024-08-23,False,,,,,490000.0,75,34
"7413 S Mitchell Rd, Turlock 2024 Dairy AR",18,67,68,Machado Dairy,7413 S. Mitchell Rd. Turlock 95380,37.424464597099,-120.941026742077,057-012-005,Destination Assessor Parcel Number,Farmer,37.435676,-120.933489,,2024-08-23,False,,,,,980000.0,151,68
"7413 S Mitchell Rd, Turlock 2024 Dairy AR",19,69,70,Machado Dairy,7413 S. Mitchell Rd. Turlock 95380,37.424464597099,-120.941026742077,057-023-006,Destination Assessor Parcel Number,Farmer,37.417898,-120.941788,,2024-09-06,False,,,,,225000.0,35,16
"7413 S Mitchell Rd, Turlock 2024 Dairy AR",20,71,72,Machado Dairy,7413 S. Mitchell Rd. Turlock 95380,37.424464597099,-120.941026742077,057-023-015,Destination Assessor Parcel Number,Farmer,38.080564,-120.547528,,2024-09-06,False,,,,,225000.0,35,16
"7413 S Mitchell Rd, Turlock 2024 Dairy AR",21,73,74,Machado Dairy,7413 S. Mitchell Rd. Turlock 95380,37.424464597099,-120.941026742077,057-012-015,Destination Assessor Parcel Number,Farmer,38.092463,-120.485064,,2024-09-11,False,,,,,490000.0,75,34
"7413 S Mitchell Rd, Turlock 2024 Dairy AR",22,75,76,Machado Dairy,7413 S. Mitchell Rs. Turlock 95380,37.424464597099,-120.941026742077,057-012-005,Destination Assessor Parcel Number,Farmer,37.435676,-120.933489,,2024-09-11,False,,,,,980000.0,151,68
"7413 S Mitchell Rd, Turlock 2024 Dairy AR",23,77,78,Machado Dairy,7413 S. Mitchell Rs. Turlock 95380,37.424464597099,-120.941026742077,057-023-006,Destination Assessor Parcel Number,Farmer,37.417898,-120.941788,,2024-10-24,False,,,,,225000.0,35,16
"7413 S Mitchell Rd, Turlock 2024 Dairy AR",24,79,80,Machado Dairy,7413 S. Mitchell Rs. Turlock 95380,37.424464597099,-120.941026742077,057-023-015,Destination Assessor Parcel Number,Farmer,38.080564,-120.547528,,2024-10-24,False,,,,,225000.0,35,16
"7413 S Mitchell Rd, Turlock 2024 Dairy AR",25,81,82,Machado Dairy,7413 S. Mitchell Rd. Turlock 95380,37.424464597099,-120.941026742077,057-012-015,Destination Assessor Parcel Number,Farmer,38.092463,-120.485064,,2024-10-26,False,,,,,525000.0,81,36
"7413 S Mitchell Rd, Turlock 2024 Dairy AR",26,83,84,Machado Dairy,7413 S. Mitchell Rd. Turlock 95380,37.424464597099,-120.941026742077,057-012-005,Destination Assessor Parcel Number,Farmer,37.435676,-120.933489,,2024-10-27,False,,,,,1050000.0,162,73
"7706 Tegner Rd, Hilmar 2024 Dairy AR",1,26,27,Machado-Kindberg,7706 Tegner Rd Hilmar Merced 95324,37.400690837484,-120.886397688131,Xx045-X200-X015-Xxxx Merced,Destination Assessor Parcel Number,Farmer,,,,2024-05-26,False,,,,,840000.0,129,58
"7706 Tegner Rd, Hilmar 2024 Dairy AR",2,28,29,Machado-Kindberg,7706 Tegner Rd Hilmar Merced 95324,37.400690837484,-120.886397688131,Xx045-X200-X015-Xxxx Merced,Destination Assessor Parcel Number,Farmer,,,,2024-07-16,False,,,,,720000.0,111,50
"7706 Tegner Rd, Hilmar 2024 Dairy AR",3,30,31,Machado-Kindberg,7706 Tegner Rd Hilmar Merced 95324,37.400690837484,-120.886397688131,Xx045-X200-X015-Xxxx Merced,Destination Assessor Parcel Number,Farmer,,,,2024-07-28,False,,,,,660000.0,102,46
"7706 Tegner Rd, Hilmar 2024 Dairy AR",4,32,33,Machado-Kindberg,7706 Tegner Rd Hilmar Merced 95324,37.400690837484,-120.886397688131,Xx045-X200-X015-Xxxx Merced,Destination Assessor Parcel Number,Farmer,,,,2024-08-27,False,,,,,600000.0,92,42
"7706 Tegner Rd, Hilmar 2024 Dairy AR",5,34,35,Machado-Kindberg,7706 Tegner Rd Hilmar Merced 95324,37.400690837484,-120.886397688131,Xx045-X200-X015-Xxxx Merced,Destination Assessor Parcel Number,Farmer,,,,2024-10-29,False,,,,,840000.0,129,58
8450 S Hwy 33 Gustine 2024 Dairy AR,1,85,86,Live Oak Dairy E,8450 S Hwy 33 Gustine Merced 95322,37.166986655056,-121.009818949276,9720 S Whitworth Ave Gustine 95322 Merced,Destination Address,Farmer,37.150491620457,-121.032283783944,,2024-03-01,True,,,,,7280000.0,1120,504
8450 S Hwy 33 Gustine 2024 Dairy AR,2,87,88,Live Oak Dairy E,8450 S Hwy 33 Gustine Merced 95322,37.166986655056,-121.009818949276,9720 S Whitworth Ave Gustine 95322 Merced,Destination Address,Farmer,37.150491620457,-121.032283783944,,2024-03-01,True,,,,,10000000.0,1538,692
"9375 N Washington Rd, Hilmar 2024 Dairy AR",1,37,38,Ken Van Foeken Dairy #2,9735 Washington Road Hilmar CA 95324,37.429735850277,-120.904786326412,Short Ave & Cummings Road Hilmar 95324 Merced County,Destination Address,Farmer,37.42647197909,-120.91356796255,2024-01-08,2024-10-15,False,,,,,8437280.0,1298,584
"9483 Columbus Ave, Hilmar 2024 Dairy AR",1,75,76,Gold Medal Ag #1,9483 Columbus Ave Hilmar Merced 95324,37.425937926129,-120.868452620166,0045-0180-0021-0000 Merced,Destination Assessor Parcel Number,Farmer,,,,2024-01-08,True,,,,,1900000.0,292,132
"9483 Columbus Ave, Hilmar 2024 Dairy AR",2,77,78,Gold Medal Ag #1,9483 Columbus Ave Hilmar Merced 95324,37.425937926129,-120.868452620166,22338 Short Ave Hilmar 95324 Merced,Destination Address,Farmer,37.426978329861,-120.891768057315,,2024-02-08,True,,,,,1350000.0,208,93
"9483 Columbus Ave, Hilmar 2024 Dairy AR",3,79,80,Gold Medal Ag #1,9483 Columbus Ave Hilmar Merced 95324,37.425937926129,-120.868452620166,0045-0180-0021-0000 Merced,Destination Assessor Parcel Number,Farmer,,,,2024-02-26,True,,,,,2090000.0,322,145
"9483 Columbus Ave, Hilmar 2024 Dairy AR",4,81,82,Gold Medal Ag #1,9483 Columbus Ave Hilmar Merced 95324,37.425937926129,-120.868452620166,0045-0140-0006-0000 Stanislaus,Destination Assessor Parcel Number,Farmer,,,,2024-03-22,True,,,,,2520000.0,388,174
"9483 Columbus Ave, Hilmar 2024 Dairy AR",5,83,84,Gold Medal Ag #1,9483 Columbus Ave Hilmar Merced 95324,37.425937926129,-120.868452620166,0045-0180-0023-0000 Merced,Destination Assessor Parcel Number,Farmer,,,,2024-03-25,True,,,,,4180000.0,643,289
"9483 Columbus Ave, Hilmar 2024 Dairy AR",6,85,86,Gold Medal Ag #1,9483 Columbus Ave Hilmar Merced 95324,37.425937926129,-120.868452620166,0045-0140-0054-0000 Merced,Destination Assessor Parcel Number,Farmer,,,,2024-04-03,True,,,,,2970000.0,457,206
"9483 Columbus Ave, Hilmar 2024 Dairy AR",7,87,88,Gold Medal Ag #1,9483 Columbus Ave Hilmar Merced 95324,37.425937926129,-120.868452620166,0045-0140-0006-0000 Stanislaus,Destination Assessor Parcel Number,Farmer,,,,2024-04-11,True,,,,,2470000.0,380,171
"9483 Columbus Ave, Hilmar 2024 Dairy AR",8,89,90,Gold Medal Ag #1,9483 Columbus Ave Hilmar Merced 95324,37.425937926129,-120.868452620166,0045-0180-0021-0000 Merced,Destination Assessor Parcel Number,Farmer,,,,2024-04-15,True,,,,,1540000.0,237,107
"9483 Columbus Ave, Hilmar 2024 Dairy AR",10,93,94,Gold Medal Ag #1,9483 Columbus Ave Hilmar Merced 95324,37.425937926129,-120.868452620166,9360 Tegner Rd Hilmar 95324 Merced,Destination Address,Farmer,37.424078101036,-120.886247283029,,2024-05-14,True,,,,,2200000.0,338,152
"9483 Columbus Ave, Hilmar 2024 Dairy AR",11,95,96,Gold Medal Ag #1,9483 Columbus Ave Hilmar Merced 95324,37.425937926129,-120.868452620166,21510 American Ave Hilmar 95324 Merced,Destination Address,Farmer,37.411986332113,-120.877623930982,,2024-05-28,True,,,,,650000.0,100,45
"9483 Columbus Ave, Hilmar 2024 Dairy AR",12,97,98,Gold Medal Ag #1,9483 Columbus Ave Hilmar Merced 95324,37.425937926129,-120.868452620166,9579 Hultberg Rd Hilmar 95324 Merced,Destination Address,Farmer,37.427118894377,-120.89576094453,,2024-06-20,True,,,,,1700000.0,262,118
"9483 Columbus Ave, Hilmar 2024 Dairy AR",13,99,100,Gold Medal Ag #1,9483 Columbus Ave Hilmar Merced 95324,37.425937926129,-120.868452620166,9579 Hulberg Rd Hilmar 95324 Merced,Destination Address,Farmer,37.427118894377,-120.89576094453,,2024-06-30,True,,,,,1200000.0,185,83
"9483 Columbus Ave, Hilmar 2024 Dairy AR",14,101,102,Gold Medal Ag #1,9483 Columbus Ave Hilmar Merced 95324,37.425937926129,-120.868452620166,0045-0140-0006-0000 Stanislaus,Destination Assessor Parcel Number,Farmer,,,,2024-07-03,True,,,,,3600000.0,554,249
"9483 Columbus Ave, Hilmar 2024 Dairy AR",15,103,104,Gold Medal Ag #1,9483 Columbus Ave Hilmar Merced 95324,37.425937926129,-120.868452620166,9579 Hultberg Rd Hilmar 95324 Merced,Destination Address,Farmer,37.427118894377,-120.89576094453,,2024-07-09,True,,,,,1800000.0,277,125
"9483 Columbus Ave, Hilmar 2024 Dairy AR",16,105,106,Gold Medal Ag #1,9483 Columbus Ave Hilmar Merced 95324,37.425937926129,-120.868452620166,0045-0140-0006-0000 Stanislaus,Destination Assessor Parcel Number,Farmer,,,,2024-07-11,True,,,,,2040000.0,314,141
"9483 Columbus Ave, Hilmar 2024 Dairy AR",17,107,108,Gold Medal Ag #1,9483 Columbus Ave Hilmar Merced 95324,37.425937926129,-120.868452620166,0045-0140-0002-0000 Merced,Destination Assessor Parcel Number,Farmer,,,,2024-07-12,True,,,,,1800000.0,277,125
"9483 Columbus Ave, Hilmar 2024 Dairy AR",18,109,110,Gold Medal Ag #1,9483 Columbus Ave Hilmar Merced 95324,37.425937926129,-120.868452620166,9579 Hultberg Rd Hilmar 95324 Merced,Destination Address,Farmer,37.427118894377,-120.89576094453,,2024-07-18,True,,,,,600000.0,92,42
"9483 Columbus Ave, Hilmar 2024 Dairy AR",19,111,112,Gold Medal Ag #1,9483 Columbus Ave Hilmar Merced 95324,37.425937926129,-120.868452620166,0045-0140-0006-0000 Stanislaus,Destination Assessor Parcel Number,Farmer,,,,2024-07-21,True,,,,,2160000.0,332,150
"9483 Columbus Ave, Hilmar 2024 Dairy AR",20,113,114,Gold Medal Ag #1,9483 Columbus Ave Hilmar Merced 95324,37.425937926129,-120.868452620166,0045-0140-0002-0000 Merced,Destination Assessor Parcel Number,Farmer,,,,2024-07-31,True,,,,,2250000.0,346,156
"9483 Columbus Ave, Hilmar 2024 Dairy AR",21,115,116,Gold Medal Ag #1,9483 Columbus Ave Hilmar Merced 95324,37.425937926129,-120.868452620166,0045-0140-0002-0000 Merced,Destination Assessor Parcel Number,Farmer,,,,2024-08-19,True,,,,,2400000.0,369,166
"9483 Columbus Ave, Hilmar 2024 Dairy AR",22,117,118,Gold Medal Ag #1,9483 Columbus Ave Hilmar Merced 95324,37.425937926129,-120.868452620166,0045-0140-0054-0000 Merced,Destination Assessor Parcel Number,Farmer,,,,2024-08-28,True,,,,,3080000.0,474,213
"9483 Columbus Ave, Hilmar 2024 Dairy AR",24,121,122,Gold Medal Ag #1,9483 Columbus Ave Hilmar Merced 95324,37.425937926129,-120.868452620166,0045-0140-0006-0000 Stanislaus,Destination Assessor Parcel Number,Farmer,,,,2024-10-11,True,,,,,3910000.0,601,271
"9483 Columbus Ave, Hilmar 2024 Dairy AR",25,123,124,Gold Medal Ag #1,9483 Columbus Ave Hilmar Merced 95324,37.425937926129,-120.868452620166,9579 Hultberg Rd Hilmar 95324 Merced,Destination Address,Farmer,37.427118894377,-120.89576094453,,2024-10-21,True,,,,,3200000.0,492,222
"9483 Columbus Ave, Hilmar 2024 Dairy AR",26,125,126,Gold Medal Ag #1,9483 Columbus Ave Hilmar Merced 95324,37.425937926129,-120.868452620166,0045-0140-0006-0000 Stanislaus,Destination Assessor Parcel Number,Farmer,,,,2024-10-28,True,,,,,900000.0,138,62
"9483 Columbus Ave, Hilmar 2024 Dairy AR",28,129,130,Gold Medal Ag #1,9483 Columbus Ave Hilmar Merced 95324,37.425937926129,-120.868452620166,0045-0180-0021-0000 Merced,Destination Assessor Parcel Number,Farmer,,,,2024-12-02,True,,,,,3800000.0,585,263
"9483 Columbus Ave, Hilmar 2024 Dairy AR",29,131,132,Gold Medal Ag #1,9483 Columbus Ave Hilmar Merced 95324,37.425937926129,-120.868452620166,0045-0140-0006-0000 Sacramento,Destination Assessor Parcel Number,Farmer,,,,2024-12-17,True,,,,,1740000.0,268,120
"9483 Columbus Ave, Hilmar 2024 Dairy AR",30,133,134,Gold Medal Ag #1,9483 Columbus Ave Hilmar Merced 95324,37.425937926129,-120.868452620166,0045-0180-0021-0000 Merced,Destination Assessor Parcel Number,Farmer,,,,2024-12-20,True,,,,,1760000.0,271,122
"9483 Columbus Ave, Hilmar 2024 Dairy AR",31,135,136,Gold Medal Ag #1,9483 Columbus Ave Hilmar Merced 95324,37.425937926129,-120.868452620166,0045-0140-0002-0000 Merced,Destination Assessor Parcel Number,Farmer,,,,2024-12-27,True,,,,,7040000.0,1083,487
9547 New Hope Rd Galt 2024 Dairy AR,3,41,42,New Hope Dairy,9547 New Hope Rd. Galt 95632,38.247340176919,-121.345644721457,Russ Fields 9416 New Hope Rd. Galt 95632,Destination Address,Farmer,38.246997770968,-121.347853979723,2024-01-01,2024-02-28,True,,,,,1150000.0,177,80
9547 New Hope Rd Galt 2024 Dairy AR,4,43,44,New Hope Dairy,9547 New Hope Rd. Galt 95632,38.247340176919,-121.345644721457,Northeast Corner Of New Hope Rd. And Valley Tree Rd.,Destination Address,Farmer,,,,2024-02-01,True,,,,,400000.0,62,28
9547 New Hope Rd Galt 2024 Dairy AR,5,45,46,New Hope Dairy,9547 New Hope Rd. Galt 95632,38.247340176919,-121.345644721457,Russ Fields 9416 New Hope Rd. Galt 95632,Destination Address,Farmer,38.246997770968,-121.347853979723,,2024-04-18,True,,,,,350000.0,54,24
9547 New Hope Rd Galt 2024 Dairy AR,6,47,48,New Hope Dairy,9547 New Hope Rd. Galt 95632,38.247340176919,-121.345644721457,Northeast Corner Of New Hope Rd. And Valley Tree Rd.,Destination Address,Blank,,,2024-04-01,2024-05-18,True,,,,,850000.0,131,59
9547 New Hope Rd Galt 2024 Dairy AR,7,49,50,New Hope Dairy,9547 New Hope Rd. Galt 95632,38.247340176919,-121.345644721457,Northeast Corner Of New Hope Rd. And Valley Tree Rd.,Destination Address,Blank,,,,2024-08-01,True,,,,,700000.0,108,48
9547 New Hope Rd Galt 2024 Dairy AR,8,51,52,New Hope Dairy,9547 New Hope Rd. Galt 95632,38.247340176919,-121.345644721457,Northeast Corner Of New Hope Rd. And Valley Tree Rd.,Destination Address,Blank,,,,2024-10-01,True,,,,,350000.0,54,24
"9558 Columbus Ave, Hilmar 2024 Dairy AR",1,40,41,Diniz Dairy,9558 Columbus Ave Hilmar Merced 95324,37.427139597678,-120.867198938908,Hilmar 95324 Hilmar Road Merced,Destination Address,Farmer,37.396844003155,-120.795943079008,,2024-04-07,True,,,,,624952.0,96,43
"9558 Columbus Ave, Hilmar 2024 Dairy AR",2,42,43,Diniz Dairy,9558 Columbus Ave Hilmar Merced 95324,37.427139597678,-120.867198938908,Hilmar 95324 Hilmar Road Merced,Destination Address,Farmer,37.396844003155,-120.795943079008,,2024-06-30,True,,,,,398958.0,61,28
"9558 Columbus Ave, Hilmar 2024 Dairy AR",3,44,45,Diniz Dairy,9558 Columbus Ave Hilmar Merced 95324,37.427139597678,-120.867198938908,Hilmar 95324 Hilmar Road Merced,Destination Address,Farmer,37.396844003155,-120.795943079008,,2024-07-23,True,,,,,353759.0,54,24
"9558 Columbus Ave, Hilmar 2024 Dairy AR",4,46,47,Diniz Dairy,9558 Columbus Ave Hilmar Merced 95324,37.427139597678,-120.867198938908,Hilmar 95324 Hilmar Road Merced,Destination Address,Farmer,37.396844003155,-120.795943079008,,2024-08-17,True,,,,,308560.0,47,21
"9558 Columbus Ave, Hilmar 2024 Dairy AR",5,48,49,Diniz Dairy,9558 Columbus Ave Hilmar Merced 95324,37.427139597678,-120.867198938908,Hilmar 95324 Hilmar Road Merced,Destination Address,Farmer,37.396844003155,-120.795943079008,,2024-10-09,True,,,,,534554.0,82,37
"9558 Columbus Ave, Hilmar 2024 Dairy AR",6,50,51,Diniz Dairy,9558 Columbus Ave Hilmar Merced 95324,37.427139597678,-120.867198938908,9374 Columbus Ave Hilmar 95324 Merced,Destination Address,Farmer,37.424681311205,-120.867681317435,,2024-01-06,True,,,,,489356.0,75,34
"9558 Columbus Ave, Hilmar 2024 Dairy AR",7,52,53,Diniz Dairy,9558 Columbus Ave Hilmar Merced 95324,37.427139597678,-120.867198938908,9374 Columbus Ave Hilmar 95324 Merced,Destination Address,Farmer,37.424681311205,-120.867681317435,,2024-01-17,True,,,,,489356.0,75,34
"9558 Columbus Ave, Hilmar 2024 Dairy AR",8,54,55,Diniz Dairy,9558 Columbus Ave Hilmar Merced 95324,37.427139597678,-120.867198938908,9374 Columbus Ave Hilmar 95324 Merced,Destination Address,Farmer,37.424681311205,-120.867681317435,,2024-02-29,True,,,,,624952.0,96,43
"9558 Columbus Ave, Hilmar 2024 Dairy AR",9,56,57,Diniz Dairy,9558 Columbus Ave Hilmar Merced 95324,37.427139597678,-120.867198938908,9374 Columbus Ave Hilmar 95324 Merced,Destination Address,Farmer,37.424681311205,-120.867681317435,,2024-03-19,True,,,,,624952.0,96,43
"9558 Columbus Ave, Hilmar 2024 Dairy AR",10,58,59,Diniz Dairy,9558 Columbus Ave Hilmar Merced 95324,37.427139597678,-120.867198938908,9374 Columbus Ave Hilmar 95324 Merced,Destination Address,Farmer,37.424681311205,-120.867681317435,,2024-05-02,True,,,,,715349.0,110,50
"9558 Columbus Ave, Hilmar 2024 Dairy AR",11,60,61,Diniz Dairy,9558 Columbus Ave Hilmar Merced 95324,37.427139597678,-120.867198938908,21476 Johnson Ave Hilmar 95324 Merced,Destination Address,Farmer,37.4334856681,-120.875747316685,,2024-07-22,True,,,,,715349.0,110,50
"9558 Columbus Ave, Hilmar 2024 Dairy AR",12,62,63,Diniz Dairy,9558 Columbus Ave Hilmar Merced 95324,37.427139597678,-120.867198938908,21476 Johnson Ave Hilmar 95324 Merced,Destination Address,Farmer,37.4334856681,-120.875747316685,,2024-08-28,True,,,,,534554.0,82,37
10213 W Main St Turlock 2024 Dairy AR,9,170,171,Robert Goletti + Sons Dairy,10213 W. Main St. Turlock 95380,37.493113389934,-120.96564380497,058-018-001,Destination Assessor Parcel Number,Farmer,38.081455,-120.556998,,2024-09-11,False,9500.0,2.0,,,650750.0,0,2
10652 Newsome Rd Gustine 2024 Dairy AR,1,50,51,Jose V Silveira Dairy,10652 Newsom Rd Gustine Merced 95322,37.13490077161,-121.001049299259,Gustine 95322 Fahey Road Merced,Destination Address,Farmer,37.122451442502,-120.982259289648,,2024-01-01,True,,,,,4800000.0,738,332
10652 Newsome Rd Gustine 2024 Dairy AR,2,52,53,Jose V Silveira Dairy,10652 Newsom Rd Gustine Merced 95322,37.13490077161,-121.001049299259,Gustine 95322 Fahey Road Merced,Destination Address,Farmer,37.122451442502,-120.982259289648,,2024-04-13,True,,,,,4800000.0,738,332
12530 Warnerville Rd Oakdale 2024 Dairy AR,2,70,71,Cross View Dairy,12530 Warnerville Road. Oakdale CA 95361,37.737204971601,-120.764462622239,010-020-018,Destination Assessor Parcel Number,Farmer,33.316516,-115.956004,,2024-05-01,False,,,,,1200000.0,185,83
12997 E Peltier Rd Acampo 2024 Dairy AR,8,73,74,Silva Brothers Dairy #1,12997 E. Peltier Road Acampo CA 95220,38.192345331513,-121.157779405433,"007-280-29,007-280-30",Destination Assessor Parcel Number,Farmer,33.744888,-117.899511,2024-06-24,2024-07-01,False,,,,,4187310.0,644,290
14903 S Volta Rd Los Banos 2024 Dairy AR,1,32,33,Ivy Star Dairy Llc,14903 Volta Rd Los Banos Merced 93635,37.071781226933,-120.928324051634,720 Jefferson Ave Los Banos 93635 Merced,Destination Address,Farmer,37.054591955177,-120.84600001613,,2024-04-30,False,10000.0,282.0,,,2820000.0,0,282
18037 S Center Ave Los Banos 2024 Dairy AR,3,84,85,Rodoni Dairy Farms Lp,18037 S Center Ave Los Banos Merced 93635,37.048411780859,-120.853787931045,19556 W. Charleston Los Banos 93635 Merced,Destination Address,Farmer,36.983929275331,-120.848290161018,,2024-10-10,False,,,,,4398500.0,677,305
18948 N Thornton Rd Lodi 2024 Dairy AR,2,36,37,Van Exel Dairy #2,18948 N. Thornton Road Lodi CA 95242,38.154967868773,-121.397953537012,011-140-23,Destination Assessor Parcel Number,Blank,,,,2024-01-20,True,,,15.0,800.0,720000.0,111,50
18948 N Thornton Rd Lodi 2024 Dairy AR,3,38,39,Van Exel Dairy #2,18948 N. Thornton Road Lodi CA 95242,38.154967868773,-121.397953537012,011-140-23,Destination Assessor Parcel Number,Blank,,,,2024-03-18,True,,,14.5,800.0,696000.0,107,48
18948 N Thornton Rd Lodi 2024 Dairy AR,4,40,41,Van Exel Dairy #2,18948 N. Thornton Road Lodi CA 95242,38.154967868773,-121.397953537012,011-140-23,Destination Assessor Parcel Number,Blank,,,,2024-09-15,True,,,18.0,800.0,864000.0,133,60
18948 N Thornton Rd Lodi 2024 Dairy AR,5,42,43,Van Exel Dairy #2,18948 N. Thornton Road Lodi CA 95242,38.154967868773,-121.397953537012,011-140-23,Destination Assessor Parcel Number,Blank,,,,2024-11-14,True,,,16.0,800.0,768000.0,118,53
19325 E Lone Tree Rd Escalon 2024 Dairy AR,2,21,22,Doornenbal Dairy #3,19325 Lone Tree Road Escalon CA 95320,37.827766490089,-121.074046623462,205-060-07,Destination Assessor Parcel Number,Farmer,37.749662,-121.850436,,2024-04-01,False,8400.0,100.0,,,840000.0,0,100
19325 E Lone Tree Rd Escalon 2024 Dairy AR,3,23,24,Doornenbal Dairy #3,19325 Lone Tree Road Escalon CA 95320,37.827766490089,-121.074046623462,205-060-07,Destination Assessor Parcel Number,Farmer,37.749662,-121.850436,,2024-05-18,False,8400.0,250.0,,,2100000.0,0,250
"20316 Crane Ave, Hilmar 2024 Dairy AR",5,97,98,Gm Silva Dairy,20316 Crane Ave Hilmar 95324,37.373532004363,-120.863109995082,0045-0025-0021-0000,Destination Assessor Parcel Number,Blank,,,,2024-02-27,False,,,,,1260000.0,194,87
"20316 Crane Ave, Hilmar 2024 Dairy AR",6,99,100,Gm Silva Dairy,20316 Crane Ave Hilmar 95324,37.373532004363,-120.863109995082,0045-0025-0021-0000,Destination Assessor Parcel Number,Blank,,,,2024-07-19,False,,,,,840000.0,129,58
"20316 Crane Ave, Hilmar 2024 Dairy AR",7,101,102,Gm Silva Dairy,20316 Crane Ave Hilmar 95324,37.373532004363,-120.863109995082,0045-0025-0021-0000,Destination Assessor Parcel Number,Blank,,,,2024-08-09,False,,,,,840000.0,129,58
"20316 Crane Ave, Hilmar 2024 Dairy AR",8,103,104,Gm Silva Dairy,20316 Crane Ave Hilmar 95324,37.373532004363,-120.863109995082,0045-0025-0021-0000,Destination Assessor Parcel Number,Blank,,,,2024-08-11,False,,,,,840000.0,129,58
"20316 Crane Ave, Hilmar 2024 Dairy AR",9,105,106,Gm Silva Dairy,20316 Crane Ave Hilmar 95324,37.373532004363,-120.863109995082,0045-0025-0021-0000,Destination Assessor Parcel Number,Blank,,,,2024-08-23,False,,,,,840000.0,129,58
"20326 Johnson Ave, Hilmar 2024 Dairy AR",1,35,36,Gold Medal Ag Llc #2,20326 Johnson Ave Hilmar Merced 95324,37.433340184494,-120.856819756446,20694 Johnson Ave Hilmar 95324 Merced,Destination Address,Farmer,37.433599195179,-120.861452306091,,2024-02-08,True,,,,,360000.0,55,25
"20326 Johnson Ave, Hilmar 2024 Dairy AR",2,37,38,Gold Medal Ag Llc #2,20326 Johnson Ave Hilmar Merced 95324,37.433340184494,-120.856819756446,20758 Johnson Ave Hilmar 95324 Merced,Destination Address,Farmer,37.433600745831,-120.86356379132,,2024-02-20,True,,,,,480000.0,74,33
"20326 Johnson Ave, Hilmar 2024 Dairy AR",3,39,40,Gold Medal Ag Llc #2,20326 Johnson Ave Hilmar Merced 95324,37.433340184494,-120.856819756446,20758 Johnson Ave Hilmar 95324 Merced,Destination Address,Farmer,37.433600745831,-120.86356379132,,2024-03-25,True,,,,,240000.0,37,17
"20326 Johnson Ave, Hilmar 2024 Dairy AR",4,41,42,Gold Medal Ag Llc #2,20326 Johnson Ave Hilmar Merced 95324,37.433340184494,-120.856819756446,21809 Williams Ave Hilmar 95324 Merced,Destination Address,Farmer,37.389908090199,-120.883677756559,,2024-03-26,True,,,,,480000.0,74,33
"20326 Johnson Ave, Hilmar 2024 Dairy AR",5,43,44,Gold Medal Ag Llc #2,20326 Johnson Ave Hilmar Merced 95324,37.433340184494,-120.856819756446,20694 Johnson Ave Hilmar 95324 Merced,Destination Address,Farmer,37.433599195179,-120.861452306091,,2024-03-27,True,,,,,360000.0,55,25
"20326 Johnson Ave, Hilmar 2024 Dairy AR",7,47,48,Gold Medal Ag Llc #2,20326 Johnson Ave Hilmar Merced 95324,37.433340184494,-120.856819756446,20694 Johnson Ave Hilmar 95324 Merced,Destination Address,Farmer,37.433599195179,-120.861452306091,,2024-05-11,True,,,,,160000.0,25,11
"20326 Johnson Ave, Hilmar 2024 Dairy AR",8,49,50,Gold Medal Ag Llc #2,20326 Johnson Ave Hilmar Merced 95324,37.433340184494,-120.856819756446,21809 Williams Ave Hilmar 95324 Merced,Destination Address,Farmer,37.389908090199,-120.883677756559,,2024-05-23,True,,,,,240000.0,37,17
"20326 Johnson Ave, Hilmar 2024 Dairy AR",9,51,52,Gold Medal Ag Llc #2,20326 Johnson Ave Hilmar Merced 95324,37.433340184494,-120.856819756446,21809 Williams Ave Hilmar 95324 Merced,Destination Address,Farmer,37.389908090199,-120.883677756559,,2024-07-17,True,,,,,1800000.0,277,125
"20326 Johnson Ave, Hilmar 2024 Dairy AR",10,53,54,Gold Medal Ag Llc #2,20326 Johnson Ave Hilmar Merced 95324,37.433340184494,-120.856819756446,21809 Williams Ave Hilmar 95324 Merced,Destination Address,Farmer,37.389908090199,-120.883677756559,,2024-08-01,True,,,,,160000.0,25,11
"20326 Johnson Ave, Hilmar 2024 Dairy AR",11,55,56,Gold Medal Ag Llc #2,20326 Johnson Ave Hilmar Merced 95324,37.433340184494,-120.856819756446,21809 Williams Ave Hilmar 95324 Merced,Destination Address,Farmer,37.389908090199,-120.883677756559,,2024-08-12,True,,,,,240000.0,37,17
"20326 Johnson Ave, Hilmar 2024 Dairy AR",13,59,60,Gold Medal Ag Llc #2,20326 Johnson Ave Hilmar Merced 95324,37.433340184494,-120.856819756446,3605 Soderquist Ave Turlock 95380 Stanislaus,Destination Address,Broker,37.459491330418,-120.862825255348,,2024-09-27,False,,,,,570000.0,88,39
"20445 August Ave, Hilmar 2024 Dairy AR",1,128,129,Nyman Brothers Dairy,20445 August Ave Hilmar Merced 95324,37.418474637632,-120.858066017208,0045-0014-0022-0000 Stanislaus,Destination Assessor Parcel Number,Farmer,,,,2024-01-19,True,,,,,1800000.0,277,125
"20445 August Ave, Hilmar 2024 Dairy AR",2,130,131,Nyman Brothers Dairy,20445 August Ave Hilmar Merced 95324,37.418474637632,-120.858066017208,0045-0014-0022-0000 Stanislaus,Destination Assessor Parcel Number,Farmer,,,,2024-02-26,True,,,,,1935000.0,298,134
"20445 August Ave, Hilmar 2024 Dairy AR",3,132,133,Nyman Brothers Dairy,20445 August Ave Hilmar Merced 95324,37.418474637632,-120.858066017208,0045-0014-0022-0000 Stanislaus,Destination Assessor Parcel Number,Farmer,,,,2024-06-18,True,,,,,1770000.0,272,123
"20445 August Ave, Hilmar 2024 Dairy AR",4,134,135,Nyman Brothers Dairy,20445 August Ave Hilmar Merced 95324,37.418474637632,-120.858066017208,0045-0014-0022-0000 Stanislaus,Destination Assessor Parcel Number,Farmer,,,,2024-07-16,True,,,,,1710000.0,263,118
"20445 August Ave, Hilmar 2024 Dairy AR",5,136,137,Nyman Brothers Dairy,20445 August Ave Hilmar Merced 95324,37.418474637632,-120.858066017208,0045-0014-0022-0000 Stanislaus,Destination Assessor Parcel Number,Farmer,,,,2024-07-28,True,,,,,1530000.0,235,106
"20445 August Ave, Hilmar 2024 Dairy AR",6,138,139,Nyman Brothers Dairy,20445 August Ave Hilmar Merced 95324,37.418474637632,-120.858066017208,0045-0014-0022-0000 Stanislaus,Destination Assessor Parcel Number,Farmer,,,,2024-08-10,True,,,,,1650000.0,254,114
"20445 August Ave, Hilmar 2024 Dairy AR",7,140,141,Nyman Brothers Dairy,20445 August Ave Hilmar Merced 95324,37.418474637632,-120.858066017208,0045-0014-0022-0000 Stanislaus,Destination Assessor Parcel Number,Farmer,,,,2024-08-22,True,,,,,1530000.0,235,106
20723 Geer Ave Hilmar 2024 Dairy AR,4,99,100,Nylund Dairy Farms Llc,20723 Geer Ave Hilmar Merced 95324,37.39662423143,-120.86303656961,0045-0230-006 1-0000 Merced,Destination Assessor Parcel Number,Farmer,,,,2024-05-27,True,,,,,420000.0,65,29
20723 Geer Ave Hilmar 2024 Dairy AR,5,101,102,Nylund Dairy Farms Llc,20723 Geer Ave Hilmar Merced 95324,37.39662423143,-120.86303656961,0045-0230-0062-0000 Merced,Destination Assessor Parcel Number,Farmer,,,,2024-07-14,True,,,,,360000.0,55,25
20723 Geer Ave Hilmar 2024 Dairy AR,6,103,104,Nylund Dairy Farms Llc,20723 Geer Ave Hilmar Merced 95324,37.39662423143,-120.86303656961,0045-0230-0062-0000 Merced,Destination Assessor Parcel Number,Farmer,,,,2024-08-08,True,,,,,420000.0,65,29
20723 Geer Ave Hilmar 2024 Dairy AR,7,105,106,Nylund Dairy Farms Llc,20723 Geer Ave Hilmar Merced 95324,37.39662423143,-120.86303656961,0045-0230-006 1-0000 Merced,Destination Assessor Parcel Number,Farmer,,,,2024-07-23,True,,,,,420000.0,65,29
20723 Geer Ave Hilmar 2024 Dairy AR,8,107,108,Nylund Dairy Farms Llc,20723 Geer Ave Hilmar Merced 95324,37.39662423143,-120.86303656961,0045-0230-006 1-0000 Merced,Destination Assessor Parcel Number,Farmer,,,,2024-08-21,True,,,,,420000.0,65,29
20723 Geer Ave Hilmar 2024 Dairy AR,9,109,110,Nylund Dairy Farms Llc,20723 Geer Ave Hilmar Merced 95324,37.39662423143,-120.86303656961,0045-0230-0062-0000 Merced,Destination Assessor Parcel Number,Farmer,,,,2024-10-11,True,,,,,420000.0,65,29
"21480 August Ave, Hilmar 2024 Dairy AR",1,64,65,Tiberio Azevedo Dairy,21480 August Avenue Hilmar CA 95324,37.421697018399,-120.874907020887,X045-X170-X003-XXXX,Destination Assessor Parcel Number,Farmer,,,2024-04-20,2024-08-03,False,,,,,2779500.0,428,192
"21480 August Ave, Hilmar 2024 Dairy AR",2,66,67,Tiberio Azevedo Dairy,21480 August Avenue Hilmar CA 95324,37.421697018399,-120.874907020887,X045-X170-X003-XXXX,Destination Assessor Parcel Number,Farmer,,,2024-03-04,2024-04-01,False,,,,,1836000.0,282,127
"21480 August Ave, Hilmar 2024 Dairy AR",3,68,69,Tiberio Azevedo Dairy,21480 August Avenue Hilmar CA 95324,37.421697018399,-120.874907020887,21536 August Avenue Hilmar 95324 Merced County,Destination Address,Farmer,37.423285263322,-120.877858121357,2024-06-21,2024-08-17,False,,,,,3925000.0,604,272
"21480 August Ave, Hilmar 2024 Dairy AR",4,70,71,Tiberio Azevedo Dairy,21480 August Avenue Hilmar CA 95324,37.421697018399,-120.874907020887,21536 August Avenue Hilmar 95324 Merced County,Destination Address,Farmer,37.423285263322,-120.877858121357,,2024-03-02,False,,,,,1915000.0,295,133
"21670 W Bloss Ave, Hilmar 2024 Dairy AR",1,102,103,Clauss Dairy,21670 Bloss Ave Hilmar 95324,37.404879106863,-120.88069212664,Farmer,Destination Assessor Parcel Number,Blank,,,2024-01-15,,,,,,,,,
"21670 W Bloss Ave, Hilmar 2024 Dairy AR",2,104,105,Clauss Dairy,21670 Bloss Ave Hilmar 95324,37.404879106863,-120.88069212664,Farmer,Destination Assessor Parcel Number,Blank,,,2024-02-16,,,,,,,,,
"21670 W Bloss Ave, Hilmar 2024 Dairy AR",3,106,107,Clauss Dairy,21670 Bloss Ave Hilmar 95324,37.404879106863,-120.88069212664,Farmer,Destination Assessor Parcel Number,Blank,,,2024-03-08,,,,,,,,,
"21670 W Bloss Ave, Hilmar 2024 Dairy AR",6,112,113,Clauss Dairy,21670 Bloss Ave Hilmar 95324,37.404879106863,-120.88069212664,045-180-030,Destination Assessor Parcel Number,Farmer,,,,2024-01-04,False,,,,,235755.0,36,16
"21670 W Bloss Ave, Hilmar 2024 Dairy AR",7,114,115,Clauss Dairy,21670 Bloss Ave Hilmar 95324,37.404879106863,-120.88069212664,045-180-030,Destination Assessor Parcel Number,Farmer,,,,2024-02-01,False,,,,,185750.0,29,13
"21670 W Bloss Ave, Hilmar 2024 Dairy AR",8,116,117,Clauss Dairy,21670 Bloss Ave Hilmar 95324,37.404879106863,-120.88069212664,045-180-030,Destination Assessor Parcel Number,Farmer,,,,2024-02-29,False,,,,,280755.0,43,19
"21670 W Bloss Ave, Hilmar 2024 Dairy AR",9,118,119,Clauss Dairy,21670 Bloss Ave Hilmar 95324,37.404879106863,-120.88069212664,045-180-030,Destination Assessor Parcel Number,Farmer,,,,2024-03-20,False,,,,,265500.0,41,18
"21670 W Bloss Ave, Hilmar 2024 Dairy AR",10,120,121,Clauss Dairy,21670 Bloss Ave Hilmar 95324,37.404879106863,-120.88069212664,045-180-030,Destination Assessor Parcel Number,Farmer,,,,2024-04-28,False,,,,,625500.0,96,43
"21670 W Bloss Ave, Hilmar 2024 Dairy AR",11,122,123,Clauss Dairy,21670 Bloss Ave Hilmar 95324,37.404879106863,-120.88069212664,045-180-030,Destination Assessor Parcel Number,Farmer,,,,2024-06-26,False,,,,,427500.0,66,30
"21670 W Bloss Ave, Hilmar 2024 Dairy AR",12,124,125,Clauss Dairy,21670 Bloss Ave Hilmar 95324,37.404879106863,-120.88069212664,045-180-030,Destination Assessor Parcel Number,Farmer,,,,2024-07-06,False,,,,,270000.0,42,19
"21670 W Bloss Ave, Hilmar 2024 Dairy AR",13,126,127,Clauss Dairy,21670 Bloss Ave Hilmar 95324,37.404879106863,-120.88069212664,045-180-030,Destination Assessor Parcel Number,Farmer,,,,2024-07-21,False,,,,,550500.0,85,38
"21670 W Bloss Ave, Hilmar 2024 Dairy AR",14,128,129,Clauss Dairy,21670 Bloss Ave Hilmar 95324,37.404879106863,-120.88069212664,045-180-030,Destination Assessor Parcel Number,Farmer,,,,2024-08-09,False,,,,,395400.0,61,27
"21670 W Bloss Ave, Hilmar 2024 Dairy AR",15,130,131,Clauss Dairy,21670 Bloss Ave Hilmar 95324,37.404879106863,-120.88069212664,045-180-030,Destination Assessor Parcel Number,Farmer,,,,2024-10-02,False,,,,,132500.0,20,9
"21670 W Bloss Ave, Hilmar 2024 Dairy AR",16,132,133,Clauss Dairy,21670 Bloss Ave Hilmar 95324,37.404879106863,-120.88069212664,045-180-030,Destination Assessor Parcel Number,Farmer,,,,2024-11-27,False,,,,,230000.0,35,16
"21859 Crane Ave, Hilmar 2024 Dairy AR",1,101,102,Hilmar Holsteins,21859 Crane Rd. Hilmar CA 95324,,,Crane Rd.,Destination Address,Blank,,,,2024-01-19,False,,,,,2424140.0,373,168
"21859 Crane Ave, Hilmar 2024 Dairy AR",2,103,104,Hilmar Holsteins,21859 Crane Rd. Hilmar CA 95324,,,Crane Rd.,Destination Address,Blank,,,,2024-02-22,False,,,,,3406050.0,524,236
"21859 Crane Ave, Hilmar 2024 Dairy AR",3,105,106,Hilmar Holsteins,21859 Crane Rd. Hilmar CA 95324,,,Crane Rd.,Destination Address,Blank,,,,2024-05-20,False,,,,,2871670.0,442,199
"21859 Crane Ave, Hilmar 2024 Dairy AR",4,107,108,Hilmar Holsteins,21859 Crane Rd. Hilmar CA 95324,,,Crane Rd.,Destination Address,Blank,,,,2024-07-22,False,,,,,3604101.0,554,250
"21859 Crane Ave, Hilmar 2024 Dairy AR",5,109,110,Hilmar Holsteins,21859 Crane Rd. Hilmar CA 95324,,,0045-0024-0020-0000,Destination Assessor Parcel Number,Blank,,,,2024-02-11,False,,,,,1908170.0,294,132
"21859 Crane Ave, Hilmar 2024 Dairy AR",6,111,112,Hilmar Holsteins,21859 Crane Rd. Hilmar CA 95324,,,0045-0024-0020-0000,Destination Assessor Parcel Number,Blank,,,,2024-03-24,False,,,,,2241300.0,345,155
"21859 Crane Ave, Hilmar 2024 Dairy AR",7,113,114,Hilmar Holsteins,21859 Crane Rd. Hilmar CA 95324,,,0045-0024-0020-0000,Destination Assessor Parcel Number,Blank,,,,2024-06-12,False,,,,,1826400.0,281,126
"21859 Crane Ave, Hilmar 2024 Dairy AR",8,115,116,Hilmar Holsteins,21859 Crane Rd. Hilmar CA 95324,,,0045-0024-0020-0000,Destination Assessor Parcel Number,Blank,,,,2024-07-21,False,,,,,1007140.0,155,70
"21859 Crane Ave, Hilmar 2024 Dairy AR",9,117,118,Hilmar Holsteins,21859 Crane Rd. Hilmar CA 95324,,,0045-0024-0020-0000,Destination Assessor Parcel Number,Blank,,,,2024-08-22,False,,,,,1776213.0,273,123
"21859 Crane Ave, Hilmar 2024 Dairy AR",10,119,120,Hilmar Holsteins,21859 Crane Rd. Hilmar CA 95324,,,0045-0024-0020-0000,Destination Assessor Parcel Number,Blank,,,,2024-09-03,False,,,,,1626005.0,250,113
"21859 Crane Ave, Hilmar 2024 Dairy AR",11,121,122,Hilmar Holsteins,21859 Crane Rd. Hilmar CA 95324,,,0045-0024-0020-0000,Destination Assessor Parcel Number,Blank,,,,2024-10-18,False,,,,,1296000.0,199,90
"21859 Crane Ave, Hilmar 2024 Dairy AR",12,123,124,Hilmar Holsteins,21859 Crane Rd. Hilmar CA 95324,,,0046-0023-0069-0000,Destination Assessor Parcel Number,Blank,,,,2024-02-08,False,,,,,2024000.0,311,140
"21859 Crane Ave, Hilmar 2024 Dairy AR",13,125,126,Hilmar Holsteins,21859 Crane Rd. Hilmar CA 95324,,,0046-0023-0069-0000,Destination Assessor Parcel Number,Blank,,,,2024-03-20,False,,,,,1897400.0,292,131
"22014 Turner Ave, Hilmar 2024 Dairy AR",2,64,65,B-6 Dairy,22014 Turner Road Hilmar CA 95324,37.3723074,-120.8875556,0045-0240-0020-000,Destination Assessor Parcel Number,Farmer,,,2024-05-26,2024-08-10,False,,,,,5842000.0,899,404
22270 Bloss Ave Hilmar 2024 Dairy AR,1,48,49,Sunwest Jerseys,22270 Bloss Ave Hilmar 95324,37.405353061578,-120.891440157262,0045-0190-0044-0000,Destination Assessor Parcel Number,Farmer,,,,2024-01-10,False,,,,,,,
22270 Bloss Ave Hilmar 2024 Dairy AR,2,50,51,Sunwest Jerseys,22270 Bloss Ave Hilmar 95324,37.405353061578,-120.891440157262,0045-0190-0044-0000,Destination Assessor Parcel Number,Farmer,,,,2024-02-12,False,,,,,200.75,0,0
22270 Bloss Ave Hilmar 2024 Dairy AR,3,52,53,Sunwest Jerseys,22270 Bloss Ave Hilmar 95324,37.405353061578,-120.891440157262,0045-0190-0044-0000,Destination Assessor Parcel Number,Farmer,,,,2024-03-15,False,,,,,240000.0,37,17
22270 Bloss Ave Hilmar 2024 Dairy AR,4,54,55,Sunwest Jerseys,22270 Bloss Ave Hilmar 95324,37.405353061578,-120.891440157262,0045-0190-0044-0000,Destination Assessor Parcel Number,Farmer,,,,2024-04-24,False,,,,,490000.0,75,34
22270 Bloss Ave Hilmar 2024 Dairy AR,5,56,57,Sunwest Jerseys,22270 Bloss Ave Hilmar 95324,37.405353061578,-120.891440157262,0045-0190-0044-0000,Destination Assessor Parcel Number,Farmer,,,,2024-06-13,False,,,,,840000.0,129,58
22270 Bloss Ave Hilmar 2024 Dairy AR,6,58,59,Sunwest Jerseys,22270 Bloss Ave Hilmar 95324,37.405353061578,-120.891440157262,0045-0190-0044-0000,Destination Assessor Parcel Number,Farmer,,,,2024-07-03,False,,,,,392000.0,60,27
22270 Bloss Ave Hilmar 2024 Dairy AR,7,60,61,Sunwest Jerseys,22270 Bloss Ave Hilmar 95324,37.405353061578,-120.891440157262,0045-0190-0044-0000,Destination Assessor Parcel Number,Farmer,,,,2024-07-28,False,,,,,840000.0,129,58
22270 Bloss Ave Hilmar 2024 Dairy AR,8,62,63,Sunwest Jerseys,22270 Bloss Ave Hilmar 95324,37.405353061578,-120.891440157262,0045-0190-0044-0000,Destination Assessor Parcel Number,Farmer,,,,2024-10-18,False,,,,,500000.0,77,35
22270 Bloss Ave Hilmar 2024 Dairy AR,9,64,65,Sunwest Jerseys,22270 Bloss Ave Hilmar 95324,37.405353061578,-120.891440157262,0045-0190-0044-0000,Destination Assessor Parcel Number,Farmer,,,,2024-12-09,False,,,,,325755.0,50,23
22270 Bloss Ave Hilmar 2024 Dairy AR,12,70,71,Sunwest Jerseys,22270 Bloss Ave Hilmar 95324,37.405353061578,-120.891440157262,0045-0019-0019-0000,Destination Assessor Parcel Number,Farmer,,,,2024-02-03,False,,,,,1200000.0,185,83
22270 Bloss Ave Hilmar 2024 Dairy AR,13,72,73,Sunwest Jerseys,22270 Bloss Ave Hilmar 95324,37.405353061578,-120.891440157262,0045-0019-0019-0000,Destination Assessor Parcel Number,Farmer,,,,2024-08-22,False,,,,,720000.0,111,50
22270 Bloss Ave Hilmar 2024 Dairy AR,14,74,75,Sunwest Jerseys,22270 Bloss Ave Hilmar 95324,37.405353061578,-120.891440157262,0045-0019-0054-0000,Destination Assessor Parcel Number,Farmer,,,,2024-01-13,False,,,,,1440000.0,222,100
22270 Bloss Ave Hilmar 2024 Dairy AR,15,76,77,Sunwest Jerseys,22270 Bloss Ave Hilmar 95324,37.405353061578,-120.891440157262,0045-0019-0054-0000,Destination Assessor Parcel Number,Farmer,,,,2024-02-16,False,,,,,1440000.0,222,100
22270 Bloss Ave Hilmar 2024 Dairy AR,16,78,79,Sunwest Jerseys,22270 Bloss Ave Hilmar 95324,37.405353061578,-120.891440157262,0045-0019-0054-0000,Destination Assessor Parcel Number,Farmer,,,,2024-04-12,False,,,,,1200000.0,185,83
22270 Bloss Ave Hilmar 2024 Dairy AR,17,80,81,Sunwest Jerseys,22270 Bloss Ave Hilmar 95324,37.405353061578,-120.891440157262,0045-0019-0054-0000,Destination Assessor Parcel Number,Farmer,,,,2024-08-19,False,,,,,720000.0,111,50
22270 Bloss Ave Hilmar 2024 Dairy AR,18,82,83,Sunwest Jerseys,22270 Bloss Ave Hilmar 95324,37.405353061578,-120.891440157262,0045-0019-0018-0000,Destination Assessor Parcel Number,Farmer,,,,2024-02-05,False,,,,,1440000.0,222,100
22270 Bloss Ave Hilmar 2024 Dairy AR,19,84,85,Sunwest Jerseys,22270 Bloss Ave Hilmar 95324,37.405353061578,-120.891440157262,0045-0019-0018-0000,Destination Assessor Parcel Number,Farmer,,,,2024-03-09,False,,,,,1560000.0,240,108
22270 Bloss Ave Hilmar 2024 Dairy AR,20,86,87,Sunwest Jerseys,22270 Bloss Ave Hilmar 95324,37.405353061578,-120.891440157262,0045-0019-0018-0000,Destination Assessor Parcel Number,Farmer,,,,2024-04-02,False,,,,,1320000.0,203,91
22270 Bloss Ave Hilmar 2024 Dairy AR,21,88,89,Sunwest Jerseys,22270 Bloss Ave Hilmar 95324,37.405353061578,-120.891440157262,0045-0019-0018-0000,Destination Assessor Parcel Number,Farmer,,,,2024-09-01,False,,,,,960000.0,148,66
22270 Bloss Ave Hilmar 2024 Dairy AR,22,91,92,Sunwest Jerseys,22270 Bloss Ave Hilmar 95324,37.405353061578,-120.891440157262,0045-0190-0044-0000,Destination Assessor Parcel Number,Farmer,,,,2024-10-15,False,,,,,960000.0,148,66
22426 E Monte Vista Ave Denair 2024 Dairy AR,1,41,42,Sierra Vista Dairy,22426 E. Monte Vista Ave. Denaiir 95316,37.520565061076,-120.62907438174,042-150-062,Destination Assessor Parcel Number,Farmer,37.530947,-122.305974,,2024-11-12,False,9500.0,247.0,,,2346500.0,0,247
22426 E Monte Vista Ave Denair 2024 Dairy AR,2,43,44,Sierra Vista Dairy,22426 E. Monte Vista Ave. Denaiir 95316,37.520565061076,-120.62907438174,042-020-025,Destination Assessor Parcel Number,Farmer,36.857866,-120.440422,,2024-11-12,False,9500.0,55.0,,,522500.0,0,55
22426 E Monte Vista Ave Denair 2024 Dairy AR,3,45,46,Sierra Vista Dairy,22426 E. Monte Vista Ave. Denaiir 95316,37.520565061076,-120.62907438174,042-150-068,Destination Assessor Parcel Number,Farmer,,,,2024-11-12,False,9500.0,41.0,,,389500.0,0,41
22759 S Mercy Springs Rd Los Banos 2024 Dairy AR,1,59,60,Teixeira & Sons (Formerly John & Nicole Santos Dairy),22759 S Mercey Springs Rd Los Banos Merced 93635,36.956584708279,-120.838550264406,Los Banos 93635 Mercy Springs Merced,Destination Address,Farmer,37.115572851786,-120.834801599578,,2024-01-01,False,10000.0,370.0,,,3700000.0,0,370
"23546 W. American Ave, Hilmar 2024 Dairy AR",2,95,96,Charles Ahlem Ranches,23546 W. American Ave Hilmar CA 95324,37.4122023,-120.913743,23204 Bloss Ave Hilmar CA 95324,Destination Address,Blank,37.404939330837,-120.908510573631,,2024-06-03,False,,,,,1260000.0,194,87
"23546 W. American Ave, Hilmar 2024 Dairy AR",3,97,98,Charles Ahlem Ranches,23546 W. American Ave Hilmar CA 95324,37.4122023,-120.913743,23204 Bloss Ave Hilmar CA 95324,Destination Address,Blank,37.404939330837,-120.908510573631,,2024-07-25,False,,,,,990000.0,152,69
"23546 W. American Ave, Hilmar 2024 Dairy AR",4,99,100,Charles Ahlem Ranches,23546 W. American Ave Hilmar CA 95324,37.4122023,-120.913743,23204 Bloss Ave Hilmar CA 95324,Destination Address,Blank,37.404939330837,-120.908510573631,,2024-08-03,False,,,,,816000.0,126,56
"23546 W. American Ave, Hilmar 2024 Dairy AR",5,101,102,Charles Ahlem Ranches,23546 W. American Ave Hilmar CA 95324,37.4122023,-120.913743,23204 Bloss Ave Hilmar CA 95324,Destination Address,Blank,37.404939330837,-120.908510573631,,2024-08-14,False,,,,,744000.0,114,52
"23546 W. American Ave, Hilmar 2024 Dairy AR",6,103,104,Charles Ahlem Ranches,23546 W. American Ave Hilmar CA 95324,37.4122023,-120.913743,23204 Bloss Ave Hilmar CA 95324,Destination Address,Blank,37.404939330837,-120.908510573631,,2024-08-23,False,,,,,468000.0,72,32
"23546 W. American Ave, Hilmar 2024 Dairy AR",7,105,106,Charles Ahlem Ranches,23546 W. American Ave Hilmar CA 95324,37.4122023,-120.913743,23204 Bloss Ave Hilmar CA 95324 Stanislaus,Destination Address,Blank,37.40494,-120.90851,,2024-09-03,False,,,,,645000.0,99,45
24065 E Arthur Rd Escalon 2024 Dairy AR,1,48,49,R&S Dairy,24065 E. Arthur Road Escalon CA 95320,37.8133004,-121.0144209,229-070-09,Destination Assessor Parcel Number,Farmer,33.945546,-117.391368,2024-05-01,2024-05-05,False,,,,,2400000.0,369,166
26290 S Union Rd Manteca 2024 Dairy AR,2,103,104,Ray & Sue Quaresma Dairy,26290 S. Union Road Manteca CA 95337,37.716051772105,-121.231490113415,241-350-27,Destination Assessor Parcel Number,Farmer,,,2024-05-18,2024-05-22,True,,,,,6468000.0,995,448
26290 S Union Rd Manteca 2024 Dairy AR,3,105,106,Ray & Sue Quaresma Dairy,26290 S. Union Road Manteca CA 95337,37.716051772105,-121.231490113415,241-350-27,Destination Assessor Parcel Number,Farmer,,,2024-10-09,2024-10-14,True,,,,,7234320.0,1113,501
29744 Cottonwood Rd Gustine 2024 Dairy AR,1,46,47,Manuel Mendes Dairy,29744 Cottonwood Rd Gustine 95322,37.189740630421,-121.026112866134,063-250-029,Destination Assessor Parcel Number,Farmer,39.838974,-121.668555,,2024-06-21,True,,,,,780000.0,120,54
2024AR_Lawrence Family Farms Dairy_14760 Ave 208_Tulare,1,31,31,Lawrence Family Farms,14760 Ave. 208 Tulare 93274,36.168288717125,-119.243422206139,,,Blank,,,2024-01-01,2024-12-31,False,,,,,5683200.0,874,393
2024AR_Triple H Dairy #1_13255 Ave 212_Tulare,1,30,31,Triple H #1,13255 Ave 212 Tulare CA 93274,36.17211367291,-119.275409895589,"191-140-008,191-140-009",Destination Assessor Parcel Number,Blank,36.172146,-119.283695,2024-02-01,2024-02-18,False,,,,,35000000.0,5384,2423
2024AR_Van Beek Brothers Dairy_14808 Ave 152_Tulare,1,121,122,Van Beek Bros Dairy,14808 Rd 152 Tipton 93272,36.058834263151,-119.23183581756,232-160-001,Destination Assessor Parcel Number,Farmer,36.062113,-119.245767,2024-01-01,2024-12-31,False,,,,,13824000.0,2127,957
2024AR_Vintage Dairy_12608 Rd 144_Tulare,3,35,36,Vintage Dairy,12608 Road 144 Tipton CA 93272,36.018541071573,-119.24611522781,13167 Road 144 Tipton CA 93272,Destination Contact Address,Farmer,36.029793249531,-119.25052811144,,2024-12-31,False,,,,,37244426.4,5729,2579
2024AR_Decade Dairy_3313 Avenue 256_W Tulare,1,35,36,Decade Dairy,3313 Avenue 256 Tulare CA 93274,36.255277433231,-119.529051797762,Tri Palm Dairy 2429 Idaho Avenude Hanford CA 93230,Destination Contact Address,Farmer,36.268825999586,-119.499869970372,2024-04-15,2024-07-18,False,,,,,7168656.0,1103,496
2024AR_Scheenstra Dairy_16800 Road 96_W Tulare,1,141,142,Scheenstra Dairy,16800 Rd 96 Tipton 93272,36.095494253402,-119.357710026157,"228-090-004,228-090-013",Destination Assessor Parcel Number,Farmer,36.107228,-119.344429,2024-01-01,2024-12-31,False,,,,,32000000.0,4923,2215
