n_total,n_manure,frac_manure,n_wastewater,frac_wastewater
1289,813,0.630721489526765,480,0.37238169123351433
