n_total,n_manure,frac_manure,n_wastewater,frac_wastewater
1290,851,0.6596899224806202,432,0.33488372093023255
