n_total,n_manure,frac_manure,n_wastewater,frac_wastewater
1290,853,0.6612403100775194,432,0.33488372093023255
