n_total,n_manure,frac_manure,n_wastewater,frac_wastewater
1290,704,0.5457364341085271,420,0.32558139534883723
