n_total,n_manure,frac_manure,n_wastewater,frac_wastewater
363,231,0.6363636363636364,109,0.3002754820936639
