n_total,n_manure,frac_manure,n_wastewater,frac_wastewater
1160,555,0.47844827586206895,262,0.22586206896551725
