n_total,n_manure,frac_manure,n_wastewater,frac_wastewater
1116,660,0.5913978494623656,407,0.36469534050179214
