Origin Dairy Name,Origin Dairy Address,Origin Dairy Latitude (Geocoded),Origin Dairy Longitude (Geocoded),Destination Address Final,Destination Address Final Source,Destination Type (Standardized),Destination Latitude (Geocoded),Destination Longitude (Geocoded),First Haul Date,Last Haul Date,Is Pipeline,Manure Mass per Haul (tons),Manure Number of Hauls,Total Manure Amount (tons),Manure Solids (%),Estimated Number of 10-ton Hauls,Estimated Number of 20-ton Hauls
Aj Slenders Dai,625 E Coleman Ave Laton Fresno 93242,36.46715430605,-119.782800820785,Caruthers 93609 Hughes Fresno,Destination Address,Farmer,36.539831144575,-119.853247855475,,2024-10-02,False,,,2100.0,57.3,131,39
Banos Dairy,4667 Avenue 23 1/2 Chowchilla Madera 93610,37.090736617769,-120.470252098356,1275 North Avenue Gustine 95322 North Avenue Merced,Destination Address,Other,37.260716449125,-121.007144535429,,2024-10-01,False,,,1800.0,62.4,112,34
Banos Dairy,4667 Avenue 23 1/2 Chowchilla Madera 93610,37.090736617769,-120.470252098356,1275 North Avenue Gustine 95322 North Avenue Merced,Destination Address,Other,37.260716449125,-121.007144535429,,2024-06-10,False,,,2100.0,83.3,131,39
Big De Dairy Lp,2947 W Manning Ave Fresno Fresno 93706,36.603806035874,-119.84254673116,Fresno 93706 Central And Dickensen Avenues Fresno,Destination Address,Other,36.676940990927,-119.97033404185,,2024-01-25,False,,,2500.0,58.2,156,47
Big De Dairy Lp,2947 W Manning Ave Fresno Fresno 93706,36.603806035874,-119.84254673116,Fresno 93706 Cornelia And American Avenues Fresno,Destination Address,Other,36.662918988924,-119.880474004839,,2024-01-26,False,,,2875.0,58.2,180,54
Big De Dairy Lp,2947 W Manning Ave Fresno Fresno 93706,36.603806035874,-119.84254673116,Fresno 93706 Central And Rolinda Avenues Fresno,Destination Address,Other,36.7837955,-119.9610754,,2024-04-27,False,,,2000.0,81.8,125,38
Big De Dairy Lp,2947 W Manning Ave Fresno Fresno 93706,36.603806035874,-119.84254673116,Fresno 93706 Central And Rolinda Avenues Fresno,Destination Address,Other,36.7837955,-119.9610754,,2024-05-25,False,,,2000.0,,125,38
Black Diamond Dai,18541 S Fruit Ave Riverdale Fresno 93656,36.463649173483,-119.829910090114,Riverdale 93656 Across From Andrew/Fruit & West Fresno,Destination Address,Farmer,,,,2024-10-10,False,,,3580.0,71.8,224,67
Cedar Avenue Feedlot,21622 Cedar Avenue Laton Fresno 93242,36.421381456974,-119.759995713718,19721 Exceslsior Riverdale 93656 Stockpile Fresno,Destination Address,Other,36.40155859124,-119.810950979502,,2024-09-10,False,,,1920.0,50.2,120,36
Cedar Avenue Feedlot,21622 Cedar Avenue Laton Fresno 93242,36.421381456974,-119.759995713718,Riverdale 93656 Stockpile Fresno,Destination Address,Other,,,,2024-07-05,False,,,600.0,51.0,37,11
Costa View Dairy North,9499 Avenue 20 Chowchilla Madera 93610,37.041496614479,-120.374679984699,24341 Avenue 14 Madera 93637 Madera,Destination Address,Farmer,36.953930997734,-120.105229038794,,2024-08-05,False,,,3885.3,97.5,243,73
Costa View Farms,16800 Road 15 Madera Madera 93637,36.984453195233,-120.274236621463,16800 Road 15 Madera 93637 Madera,Destination Address,Farmer,36.984453195233,-120.274236621463,,2024-12-24,False,,,8028.0,96.8,501,151
Frank S. Brown,22045 S. Valentine Riverdale 93656,36.41533328519,-119.864491475683,Thomas Bros 5810 23Rd Lave Riverdale 93656 906-1404,Destination Contact Address,Other,36.390592337768,-119.869776097997,,2024-01-02,False,,,480.0,,30,9
Frank S. Brown Co.,22045 S. Valentine Riverdale 93656,36.41533328519,-119.864491475683,5810 23Rd Ave Riverdale 93656,Destination Contact Address,Other,36.390592337768,-119.869776097997,,2024-01-11,False,,,530.0,,33,10
Frank S. Brown Co.,22045 S. Valentine Riverdale 93656,36.41533328519,-119.864491475683,5810 23Rd Ave Riverdale 93656,Destination Contact Address,Other,36.390592337768,-119.869776097997,,2024-01-29,False,,,420.0,,26,8
Frank S. Brown Co.,22045 S. Valentine Riverdale 93656,36.41533328519,-119.864491475683,5810 23Rd Ave Riverdale 93656,Destination Contact Address,Other,36.390592337768,-119.869776097997,,2024-02-15,False,,,620.0,,39,12
Frank S. Brown Co.,22045 S. Valentine Riverdale 93656,36.41533328519,-119.864491475683,5810 23Rd Ave Riverdale 93656,Destination Contact Address,Other,36.390592337768,-119.869776097997,,2024-03-04,False,,,570.0,,36,11
Frank S. Brown,22045 S. Valentine Riverdale 93656,36.41533328519,-119.864491475683,5810 23Rd Ave Riverdale 93656,Destination Contact Address,Other,36.390592337768,-119.869776097997,,2024-04-23,False,,,1019.2,,64,19
Frank S. Brown Co,22045 S. Valentine Riverdale 93656,36.41533328519,-119.864491475683,5810 23Rd Ave Riverdale 93656,Destination Contact Address,Other,36.390592337768,-119.869776097997,,2024-05-31,False,,,1003.24,,63,19
Frea Dairy Llc,6205 S. Brawley Avenue Fresno Fresno 93706,36.645105516838,-119.863987304207,Fresno 93706 S. Hughes Fresno,Destination Address,Other,36.7284605,-119.8356313,,2024-12-13,False,,,770.0,85.9,48,14
Frea Dairy Llc,6205 S. Brawley Avenue Fresno Fresno 93706,36.645105516838,-119.863987304207,Fresno 93706 S. Hughes Fresno,Destination Address,Other,36.7284605,-119.8356313,,2024-11-22,False,,,462.0,79.3,29,9
Frea Dairy Llc,6205 S. Brawley Avenue Fresno Fresno 93706,36.645105516838,-119.863987304207,Fresno 93706 S. Hughes Fresno,Destination Address,Other,36.7284605,-119.8356313,,2024-10-22,False,,,770.0,85.9,48,14
Frea Dairy Llc,6205 S. Brawley Avenue Fresno Fresno 93706,36.645105516838,-119.863987304207,Fresno 93706 S. Hughes Fresno,Destination Address,Other,36.7284605,-119.8356313,,2024-08-15,False,,,3483.0,85.9,217,65
Fred Rau Dairy Inc.,10255 W. Manning Fresno Fresno County 93706 Zip Code,36.596834471727,-119.980291994279,,,Other,,,,2024-08-24,False,,,675.0,41.73,42,13
Fred Bau Dairy Inc.,10255 W. Manning Fresno Fresno 93706,36.596834471727,-119.980291994279,,,Other,,,,2024-09-02,False,,,675.0,13.3,42,13
Fred Rau Daily Ive.,W. Manning Fresno Fresno 93706,36.6045781,-119.9192415,,,Other,,,,2024-09-04,False,,,562.5,133.0,35,11
Fred Rau Pairy,10255 W. Manning Ave Fresco Fresno 93706,36.596834471727,-119.980291994279,,,Other,,,,2024-09-07,False,,,337.5,38.8,21,6
Fred Rau Dairy Inc.,10255 W. Manning Ave Fresno Fresno 93706,36.596834471727,-119.980291994279,,,Other,,,,2024-09-09,False,,,187.5,38.9,12,4
Fred Rau Dairy Inc.,10255 W. Manning Ave Fresno Fresno 93706,36.596834471727,-119.980291994279,,,Other,,,,2024-09-11,False,,,562.5,38.8,35,11
Fred Rau Dairy Inc.,10255 W. Manning Ave Fresno Fresno 93206,36.596834471727,-119.980291994279,,,Other,,,,2024-09-27,False,,,450.0,35.8,28,8
Fred Rau Dairy Inc.,10255 W. Manning Ave Fresno Fresno 93206,36.596834471727,-119.980291994279,,,Other,,,,2024-09-28,False,,,4500.0,35.8,281,85
Fred Rau Dairy Juc.,9321 S. Ormus Ave. Raisin City Fresno 93652,36.599430933874,-119.903739150569,,,Other,,,,2024-10-07,False,,,450.0,46.1,28,8
Fred Rau Dairy Juc.,10255 W. Manning Ave Fresno Fresno 93706,36.596834471727,-119.980291994279,,,Other,,,,2024-10-22,False,,,675.0,12.2,42,13
G & A Dairy #2,6043 S Madera Kerman Fresno 93630,36.646395868923,-120.063654882863,Fresno 93706 W. Jensen Avenues Fresno,Destination Address,Other,36.706049232897,-119.951035075938,,2024-02-09,False,,,2452.0,64.8,153,46
G & A Dairy #2,6043 S Madera Kerman Fresno 93630,36.646395868923,-120.063654882863,Hanford 93230 Flint Avenue Kings,Destination Address,Other,36.371851115141,-119.654880000439,,2024-10-01,False,,,2140.0,75.7,134,40
G&A Dairy,2200 S. Marks Avenue Fresno Ca 93706,36.700648868783,-119.842021521107,Marks & Muscat,Destination Address,Other,36.684867505303,-119.844508683237,,2024-05-13,False,,,1498.0,54.3,94,28
G&A Dairy,2200 S. Marks Avenue Fresno Ca 93706,36.700648868783,-119.842021521107,Bottasso Muscat & Westlawn,Destination Address,Other,,,,2024-05-17,False,,,1946.0,54.3,122,37
G&A Dairy,2200 S. Marks Avenue Fresno Ca 93706,36.700648868783,-119.842021521107,Big De Muscat & Westlawn,Destination Address,Other,,,,2024-05-22,False,,,1450.0,54.3,91,27
G&A Dairy,2200 S. Marks Avenue Fresno Ca 93706,36.700648868783,-119.842021521107,Central Dickenson,Destination Address,Farmer,,,,2024-08-31,False,,,750.0,54.3,47,14
G&A Dairy,2200 S. Marks Avenue Fresno Ca 93706,36.700648868783,-119.842021521107,Central Rolinda,Destination Address,Farmer,,,,2024-09-17,False,,,750.0,54.3,47,14
G&A Dairy,2200 S. Marks Avenue Fresno Ca 93706,36.700648868783,-119.842021521107,Central Jameson,Destination Address,Farmer,,,,2024-09-23,False,,,825.0,54.3,52,15
G&A Dairy,2200 S. Marks Avenue Fresno Ca 93706,36.700648868783,-119.842021521107,Cornelia American,Destination Address,Farmer,,,,2024-09-24,False,,,1725.0,54.3,108,32
G&A Dairy,2200 S. Marks Avenue Fresno Ca 93706,36.700648868783,-119.842021521107,Central Grantland,Destination Address,Farmer,,,,2024-10-18,False,,,750.0,54.3,47,14
G&A Dairy,2200 S. Marks Avenue Fresno Ca 93706,36.700648868783,-119.842021521107,Central Muscat,Destination Address,Farmer,,,,2024-10-23,False,,,1724.0,54.3,108,32
G&A Dairy,2200 S. Marks Avenue Fresno Ca 93706,36.700648868783,-119.842021521107,Americo Foglio,Destination Address,Farmer,,,,,False,,,1750.0,54.3,109,33
Gerrit Visser & Sour,18437 S. Marker Ave Riverdale 93656,,,13265 W Jenson Keman 93630,Destination Contact Address,Other,36.705418590785,-120.029543219148,2024-06-01,2024-10-01,False,,,5420.0,81.0,338,102
Golden Star Dai,4109 E Conejo Ave Selma Fresno 93662,36.515847978422,-119.717459399122,Caruthers 93609 Hughes Fresno,Destination Address,Farmer,36.539831144575,-119.853247855475,,2024-10-15,False,,,2800.0,52.4,175,53
Lest Family Farms,14576 Avenue 14 Madera Madera 93637,36.948688536393,-120.277834888677,7792 Nickle Rd Dos Palos 93620 Merced,Destination Address,Farmer,37.174345672677,-120.682582827603,,2024-05-22,False,,,1735.0,66.3,108,33
Lest Family Farms,14576 Avenue 14 Madera Madera 93637,36.948688536393,-120.277834888677,7792 Nickle Rd Dos Palos 93620 Merced,Destination Address,Farmer,37.174345672677,-120.682582827603,,2024-08-29,False,,,3313.0,73.7,207,62
Lest Family Farms,14576 Avenue 14 Madera Madera 93637,36.948688536393,-120.277834888677,7792 Nickle Rd Dos Palos 93620 Merced,Destination Address,Farmer,37.174345672677,-120.682582827603,,2024-12-10,False,,,1199.0,73.7,75,23
J&D Wilson & Sons Dairy,11720 W Mt. Whitney Ave Riverdale Fresno 93656,36.431184511833,-120.008076326925,Riverdale 93656 Compost Yard Fresno,Destination Address,Other,,,,2024-01-15,False,,,6500.0,59.4,406,122
J&D Wilson & Sons Dai,11720 W Mt. Whitney Ave Riverdale Fresno 93656,36.431184511833,-120.008076326925,Riverdale 93656 Compost Yard Fresno,Destination Address,Other,,,,2024-04-01,False,,,6500.0,59.4,406,122
J&D Wilson & Sons Dai,11720 W Mt. Whitney Ave Riverdale Fresno 93656,36.431184511833,-120.008076326925,Riverdale 93656 Compost Yard Fresno,Destination Address,Other,,,,2024-12-02,False,,,4657.0,40.1,291,87
J&D Wilson Dry Cows,430 W Mt. Whitney Ave Riverdale Fresno 93656,36.432888552748,-119.80456681913,Riverdale 93656 Stockpile Fresno,Destination Address,Other,,,,2024-07-05,False,,,850.0,57.5,53,16
J&D Wilson Dry Cows,430 W Mt. Whitney Ave Riverdale Fresno 93656,36.432888552748,-119.80456681913,Riverdale 93656 Stockpile Fresno,Destination Address,Other,,,,2024-09-10,False,,,11410.0,56.8,712,214
Joe R Garcia Dairy Aka Netto Enterprise,20677 S East Ave Laton Fresno 93242,36.434386316228,-119.780494661076,Hanford 93230 Stockpile Kings,Destination Address,Other,,,,2024-04-04,False,,,1500.0,62.9,94,28
Kerman Cattle Co,4301 S Dickenson Fresno Fresno 93706,36.673706707858,-119.974689111102,Kerman 93656 Kamm Fresno,Destination Address,Other,,,,2024-10-22,False,,,2200.0,53.0,137,41
Kiss Cattle Llc,2585 South Chateau Fresno Avenue Fresno Ca 93706,36.696670146983,-119.935860279918,Muscat-Westlawn,Destination Address,Other,,,,2024-11-01,False,,,1064.0,46.2,66,20
Kiss Cattle Llc,2585 South Chateau Fresno Avenue Fresno Ca 93706,36.696670146983,-119.935860279918,Central Dickenson,Destination Address,Other,,,,2024-07-05,False,,,525.0,79.9,33,10
Kiss Cattle Llc,2585 South Chateau Fresno Avenue Fresno Ca 93706,36.696670146983,-119.935860279918,Jensen-Westlawn,Destination Address,Other,,,,2024-10-02,False,,,355.0,46.2,22,7
L+J Vanderham,10772 W Mount Whitney Ave Riverdale 93656,36.431456965595,-119.99397922307,12th + Kent Ave Hanford 93230,Destination Address,Other,36.225824071184,-119.645727126567,2024-12-02,2024-12-04,False,,,323.0,49.0,20,6
Lasalle Dairy,10663 7 1/2 Ave Firebaugh Madera 93622,36.860566780372,-120.349437631829,Avenue 23 Avenue 23 Chowchilla 93610 Avenue 23 & Road 19 Madera,Destination Address,Composting Facility,37.083455947202,-120.35325721014,,2024-05-22,False,,,4150.0,63.5,259,78
La Salle Dairy,10663 Ave 7 12 Firebaugh 93622,36.853988268175,-120.325678219002,Ryan Machado 559 474-2377,Destination Contact Address,Composting Facility,37.655856668849,-121.822869424706,2024-05-15,2024-05-22,False,,,4150.0,4150.0,259,78
Maple Dairy,19860 S. Maple Avenue Laton Ca 93242,36.436054318911,-119.754510610022,10071 6th Avenue Hanford 93230,Destination Address,Other,36.327387507226,-119.56385859268,2024-01-31,2024-03-12,False,,,277.62,66.1,17,5
Mt. Whitney Dairy,2792 W Mt. Whitney AVE Riverdale Fresno 93656,,,20784 S Marks Ave Riverdale 93656,Destination Address,Farmer,36.436559071968,-119.846083139929,,,False,,,2380.0,57.9,149,45
Mt. Whitney Dairy,2792 W Mt. Whitney AVE Riverdale Fresno 93656,,,20784 S Marks Ave Riverdale 93656,Destination Address,Farmer,36.436559071968,-119.846083139929,,,False,,,1170.0,57.9,73,22
Mt. Whitney Dairy,2792 W Mt. Whitney AVE Riverdale Fresno 93656,,,22391 S Hughes Ave Riverdale 93656,Destination Address,Farmer,36.411198995268,-119.845374785292,,,False,,,204.0,58.5,13,4
Morning Star Dairy Inc,10262 W Elkhom Ave Burrel Fresno 93607,,,,,Other,,,,2024-11-25,False,,,619.45,73.0,39,12
Morning Star Dairy Inc,10262 W Elkhorn Ave Burre!L Fresno 93607,36.488537093805,-119.974531927924,,,Farmer,,,,2024-05-28,False,,,1051.73,76.0,66,20
Morning Star Dairy Inc,10262 W Elkhorn Ave Burrel Fresno 93607,36.488537093805,-119.974531927924,,,Composting Facility,,,,2024-06-24,False,,,1968.19,73.0,123,37
Morning Star Dairy Inc,,,,,,Other,,,,2024-11-22,True,,,724.81,73.0,45,14
Pacheco Dairy Inc.,1108 N. Plumas Kerman 93630,36.751778603881,-120.139670027485,015-091-045,Destination Assessor Parcel Number,Other,34.397981,-119.726314,2024-10-23,2024-10-28,False,,,289.89,,18,5
Pacheco Dairy Inc.,1108 N. Plumas Kerman 93630,36.751778603881,-120.139670027485,,,Other,,,,2024-11-14,False,,,56.7,,4,1
Pacheco Dairy Inc.,1108 N. Plumas Kerman 93630,36.751778603881,-120.139670027485,015-080-075,Destination Assessor Parcel Number,Other,39.770636,-121.837778,,2024-10-28,False,,,145.07,,9,3
Pacheco Dairy Inc.,1108 N. Plumas Kerman 93630,36.751778603881,-120.139670027485,015-040-425,Destination Assessor Parcel Number,Other,37.9715,-122.311281,,2024-11-11,False,,,21.25,,1,0
Pacheco Dairy Inc.,1108 N. Plumas Kerman 93630,36.751778603881,-120.139670027485,015-080-115,Destination Assessor Parcel Number,Other,37.967097,-121.995926,,2024-11-14,False,,,22.61,,1,0
Pacheco Dairy Inc.,1108 N. Plumas Kerman 93630,36.751778603881,-120.139670027485,015-091-01,Destination Assessor Parcel Number,Other,33.71777,-117.871676,2024-10-23,2024-10-29,False,,,204.72,,13,4
Pacheco Dairy Inc.,1108 N. Plumas Kerman 93630,36.751778603881,-120.139670027485,015-091-165,Destination Assessor Parcel Number,Other,33.984897,-117.476823,,2026-11-21,False,,,121.46,,8,2
Pacheco Dairy Inc.,1108 N. Plumas Kerman 93630,36.751778603881,-120.139670027485,40-131-04,Destination Assessor Parcel Number,Other,36.959586,-122.039773,,2026-11-24,False,,,63.54,,4,1
Pacheco Dairy Inc.,1108 N. Plumas Kerman 93630,36.751778603881,-120.139670027485,015-070-345,Destination Assessor Parcel Number,Other,33.746245,-117.279282,,2024-10-30,False,,,169.92,,11,3
Pacheco Dairy Inc.,1108 N. Plumas Kerman 93630,36.751778603881,-120.139670027485,Satragni Bros. Ranch 2200W. Shields Kerman 93630,Destination Contact Address,Other,36.7764904,-120.1863291,2024-11-06,2024-12-10,False,,,581.95,,36,11
Pacheco Dairy Inc.,1108 N. Plumas Kerman 93630,36.751778603881,-120.139670027485,Satragni Bris Ranch W. Shields Kerman 93630,Destination Contact Address,Other,36.7785844,-120.1020637,2024-12-22,2024-12-30,False,,,541.2,,34,10
Pacheco Dairy Inc.,1108 N. Plumas Kerman 93630,36.751778603881,-120.139670027485,,,Other,,,,,False,,,300.04,,19,6
Philip Verwey Dairy Inc.,12852 Road 9 Madera Madera 93637,36.935440980334,-120.391556024734,6465 State Hwy 152 Dos Palos 93620 State Hwy Merced,Destination Address,Other,37.047125774923,-120.607794877425,,2024-10-30,False,,,3250.0,87.7,203,61
Philip Verwey Dairy Inc.,12852 Road 9 Madera Madera 93637,36.935440980334,-120.391556024734,6465 State Hwy 152 Dos Palos 93620 State Hwy Merced,Destination Address,Other,37.047125774923,-120.607794877425,,2024-07-09,False,,,1700.0,36.2,106,32
Philip Verwey Dairy Inc.,12852 Road 9 Madera Madera 93637,36.935440980334,-120.391556024734,6465 State Hwy 152 Dos Palos 93620 State Hwy Merced,Destination Address,Other,37.047125774923,-120.607794877425,,2024-07-09,False,,,3000.0,87.7,187,56
Rivas Dairy,41198 W Valeria Ave Dos Palos Fresno 93620,36.981815987186,-120.53036288397,Dos Palos 93620 W. Valeria And Jerrold Avenues Fresno,Destination Address,Farmer,36.981798981774,-120.527234981082,,2024-10-01,False,,,735.0,62.1,46,14
Rivas Dairy,41198 W Valeria Ave Dos Palos Fresno 93620,36.981815987186,-120.53036288397,Dos Palos 93620 W. Valeria Avenue And Jerrold Avenue Fresno,Destination Address,Farmer,36.981798981774,-120.527234981082,,2024-05-30,False,,,880.0,86.2,55,17
River Oaks Dairy,3621 E. Mt. Whitney Laton Ca 93242,,,10071 6Th Avenue Hanford 93230,Destination Address,Other,36.327387507226,-119.56385859268,2024-01-31,2024-03-12,False,,,208.22,69.9,13,4
South Lest Dairy (Former Milk Time Dairy),12519 Road 17 Madera Madera 93637,36.931049728227,-120.237577477728,7792 Nickle Rd Dos Palos 93620 Merced,Destination Address,Farmer,37.174345672677,-120.682582827603,,2024-05-16,False,,,750.0,65.1,47,14
South Lest Dairy (Former Milk Time Dairy),12519 Road 17 Madera Madera 93637,36.931049728227,-120.237577477728,7792 Nickle Rd Dos Palos 93620 Merced,Destination Address,Farmer,37.174345672677,-120.682582827603,,2024-08-09,False,,,1865.0,66.4,116,35
South Lest Dairy (Former Milk Time Dairy),12519 Road 17 Madera Madera 93637,36.931049728227,-120.237577477728,7792 Nickle Rd Dos Palos 93620 Merced,Destination Address,Farmer,37.174345672677,-120.682582827603,,2024-11-15,False,,,734.0,66.4,46,14
Souza'S Dairy Inc.,8555 S Valentine Ave Fresno Fresno 93706,36.614440659347,-119.856282155894,11751 W. Jensen Ave Kerman 93630 W. Jensen Fresno,Destination Address,Other,36.704855704077,-120.002330280841,,2024-01-01,False,,,3300.0,62.7,206,62
Souza'S Dairy Inc.,8555 S Valentine Ave Fresno Fresno 93706,36.614440659347,-119.856282155894,11751 W. Jensen Ave Kerman 93630 W. Jensen Fresno,Destination Address,Other,36.704855704077,-120.002330280841,,2024-02-08,False,,,1100.0,62.7,69,21
Souza'S Dairy Inc.,8555 S Valentine Ave Fresno Fresno 93706,36.614440659347,-119.856282155894,Kerman 93630 Blythe And Polk Avenues Fresno,Destination Address,Farmer,,,,2024-03-13,False,,,1300.0,62.7,81,24
Souza'S Dairy Inc.,8555 S Valentine Ave Fresno Fresno 93706,36.614440659347,-119.856282155894,11751 W. Jensen Ave Kerman 93630 W. Jensen Fresno,Destination Address,Other,36.704855704077,-120.002330280841,,2024-05-21,False,,,2000.0,62.7,125,38
Souza'S Dairy Inc.,8555 S Valentine Ave Fresno Fresno 93706,36.614440659347,-119.856282155894,11751 W. Jensen Ave Kerman 93630 W. Jensen Fresno,Destination Address,Other,36.704855704077,-120.002330280841,,2024-10-18,False,,,1925.0,60.6,120,36
Thommen Dairy,53955 W Nees Ave Firebaugh 93622,36.83810252549,-120.761112878454,480 Belmont Mendota Ca,Destination Address,Other,36.749351314115,-120.386495540902,2024-08-01,2024-12-15,False,,,6200.0,,387,116
Thommen Dairy,53955 W Nees Ave Firebaugh 93622,36.83810252549,-120.761112878454,480 Belmont Mendota Ca,Destination Address,Other,36.749351314115,-120.386495540902,2024-05-20,2024-07-10,False,,,3800.0,,237,71
Tri-Lest Dairy,16500 Avenue 14 Madera Madera 93637,36.948578440095,-120.246634846668,7792 Nickle Rd Dos Palos 93620 Merced,Destination Address,Farmer,37.174345672677,-120.682582827603,,2024-05-19,False,,,2015.0,65.5,126,38
Tri-Lest Dairy,16500 Avenue 14 Madera Madera 93637,36.948578440095,-120.246634846668,7792 Nickle Rd Dos Palos 93620 Merced,Destination Address,Farmer,37.174345672677,-120.682582827603,,2024-08-20,False,,,6011.0,77.3,375,113
Tri-Lest Dairy,16500 Avenue 14 Madera Madera 93637,36.948578440095,-120.246634846668,7792 Nickle Rd Dos Palos 93620 Merced,Destination Address,Farmer,37.174345672677,-120.682582827603,,2024-11-26,False,,,2474.0,77.3,154,46
Troost Dairy,27000 Road 9 Chowchilla Madera 93610,37.063103915932,-120.382916575923,17076 Cotton Gin Rd Los Banos 93635 Merced,Destination Address,Farmer,36.955060082001,-120.802159980313,,2024-07-16,False,,,519.59,49.4,32,10
Troost Dairy,27000 Road 9 Chowchilla Madera 93610,37.063103915932,-120.382916575923,20177 S Macaurthur Dr Tracy 95304 San Joaquin,Destination Address,Farmer,37.776715963975,-121.415974461202,,2024-10-28,False,,,1304.28,89.4,81,24
Troost Dairy,27000 Road 9 Chowchilla Madera 93610,37.063103915932,-120.382916575923,20177 S Macaurthur Dr Tracy 95304 San Joaquin,Destination Address,Farmer,37.776715963975,-121.415974461202,,2024-11-03,False,,,554.04,89.4,35,10
Troost Dairy,27000 Road 9 Chowchilla Madera 93610,37.063103915932,-120.382916575923,2480 S Burchell Ave Le Grand 95333 Merced,Destination Address,Farmer,37.251647749378,-120.288660487381,,2024-11-07,False,,,160.97,89.4,10,3
Troost Dairy,27000 Road 9 Chowchilla Madera 93610,37.063103915932,-120.382916575923,20177 S Macaurthur Dr Tracy 95304 San Joaquin,Destination Address,Farmer,37.776715963975,-121.415974461202,,2024-11-13,False,,,884.57,89.4,55,17
Vitoria Farms,12429 Ave 24 Chowchilla 93610,37.098137664478,-120.324075042146,,,Other,,,,2024-04-26,False,,,2475.0,,155,46
Vitoria Farms,12429 Ave 24 Chowchilla 93610,37.098137664478,-120.324075042146,,,Other,,,,2024-04-26,False,,,1200.0,,75,23
Vitoria Farms,12429 Ave 24 Chowchilla 93610,37.098137664478,-120.324075042146,,,Other,,,,2024-04-26,False,,,240.0,,15,5
Vitoria Farms,12429 Ave 24 Chowchilla 93610,37.098137664478,-120.324075042146,,,Other,,,,2024-04-26,False,,,585.0,,37,11
Vitoria Farms,12429 Ave 24 Chowchilla 93610,37.098137664478,-120.324075042146,,,Other,,,,2024-04-26,False,,,300.0,,19,6
Vitoria Farms,12429 Ave 24 Chowchilla 93610,37.098137664478,-120.324075042146,,,Other,,,,2024-10-21,False,,,465.0,,29,9
Vitoria Farms,12429 Ave 24 Chowchilla 93410,37.098137664478,-120.324075042146,025 130 005,Destination Assessor Parcel Number,Other,38.682209,-121.834566,,2024-10-21,False,,,420.0,,26,8
Vitoria Farms,12429 Ave 24 Chowchilla 93610,37.098137664478,-120.324075042146,,,Other,,,,2024-10-21,False,,,1335.0,,83,25
Vlot Calf Ranch,20330 Road 4 Chowchilla Madera 93610,37.045743768393,-120.473613625191,18456 Road 1 Dos Palos 93620 Merced,Destination Address,Farmer,37.016906457495,-120.524193020782,,2024-05-26,False,,,6812.0,61.7,425,128
Vlot Calf Ranch,20330 Road 4 Chowchilla Madera 93610,37.045743768393,-120.473613625191,18456 Road 1 Dos Palos 93620 Merced,Destination Address,Farmer,37.016906457495,-120.524193020782,,2024-11-15,False,,,4316.4,71.4,270,81
White River Dairy,20400 Ave. 17 1/2 Ave Madera Madera 93637,36.996356503333,-120.177019215437,3754 W Birch Ave Fresno 93711 Fresno,Destination Address,Other,36.842194570621,-119.861404169286,,2024-12-31,False,,,6467.0,95.4,404,121
White River Dairy,20400 Ave. 17 1/2 Ave Madera Madera 93637,36.996356503333,-120.177019215437,3754 W Birch Ave Fresno 93711 Fresno,Destination Address,Other,36.842194570621,-119.861404169286,,2024-12-31,False,,,2155.52,90.9,135,40
Zonneveld Dairies Complex,1523 E. Cerini Avenue Laton 93242,36.459957149371,-119.77109829175,10071 6th Avenue Hanford 93230,Destination Address,Other,36.327387507226,-119.56385859268,2024-01-31,2024-03-12,False,,,902.28,54.6,56,17
Faial Farms Dairy,18714 Stineroad 3714 Stine Road Wastewater Bakersfield Ca 93313 Rwqcd? No,35.321167787501,-119.056525816488,4322 Saco Rd Bakersfield Ca,Destination Address,Composting Facility,35.446720009412,-119.092199010352,2024-01-01,2024-01-31,False,,,7831.0,-67.0,489,147
Faial Farms Dairy,18714 Stineroad 3714 Stine Road Wastewater Bakersfield Ca 93313 Rwqcd? No,35.321167787501,-119.056525816488,4322 Saco Rd Bakersfield Ca,Destination Address,Composting Facility,35.446720009412,-119.092199010352,2024-02-01,2024-02-29,False,,,4796.0,-69.0,299,90
Faial Farms Dairy,18714 Stineroad 3714 Stine Road Wastewater Bakersfield Ca 93313 Rwqcd? No,35.321167787501,-119.056525816488,4322 Saco Rd Bakersfield Ca,Destination Address,Composting Facility,35.446720009412,-119.092199010352,2024-08-01,2024-08-31,,,,3062.0,-68.0,191,58
G3 Dairy,5829 E. Panama Lane Bakersfield Ca 93311,35.295933384544,-118.939431025525,"6219 E. Panam Lane Bakersfield, CA",Destination Address,Composting Facility,35.295475816957,-118.933707028131,2024-01-01,2024-01-31,False,,,4169.0,-67.0,260,78
G3 Dairy,5829 E. Panama Lane Bakersfield Ca 93311,35.295933384544,-118.939431025525,"6219 E. Panam Lane Bakersfield, CA",Destination Address,Composting Facility,35.295475816957,-118.933707028131,2024-03-03,2024-12-28,False,,,12812.0,-68.0,800,241
G3 Dairy,5829 E. Panama Lane Bakersfield Ca 93311,35.295933384544,-118.939431025525,"6219 E. Panam Lane Bakersfield, CA",Destination Address,Composting Facility,35.295475816957,-118.933707028131,2024-05-01,2024-05-31,False,,,6255.0,-64.0,391,117
G3 Dairy,5829 E. Panama Lane Bakersfield Ca 93311,35.295933384544,-118.939431025525,"6219 E. Panam Lane Bakersfield, CA",Destination Address,Composting Facility,35.295475816957,-118.933707028131,2024-06-01,2024-06-30,False,,,9993.0,-68.0,624,188
G3 Dairy,5829 E. Panama Lane Bakersfield Ca 93311,35.295933384544,-118.939431025525,"6219 E. Panam Lane Bakersfield, CA",Destination Address,Composting Facility,35.295475816957,-118.933707028131,2024-09-01,2024-09-30,False,,,7081.0,-65.0,442,133
G3 Dairy,5829 E. Panama Lane Bakersfield Ca 93311,35.295933384544,-118.939431025525,"6219 E. Panam Lane Bakersfield, CA",Destination Address,Composting Facility,35.295475816957,-118.933707028131,2024-10-01,2024-10-31,False,,,7401.0,-66.0,462,139
G3 Dairy,5829 E. Panama Lane Bakersfield Ca 93311,35.295933384544,-118.939431025525,"6219 E. Panam Lane Bakersfield, CA",Destination Address,Composting Facility,35.295475816957,-118.933707028131,2024-11-01,2024-11-30,False,,,1306.0,-63.0,82,25
AJB Ranch Dairy,2874 Stockdale Hwy Wastewater Bakersfield Ca 93312 Rwqcd? No,35.353777906384,-119.136484752428,7540 Tracy Ave Buttonwillow Ca,Destination Address,Other,35.431147522959,-119.4247957782,2024-04-01,2024-04-30,False,,,5857.0,-64.0,366,110
AJB Ranch Dairy,2874 Stockdale Hwy Wastewater Bakersfield Ca 93312 Rwqcd? No,35.353777906384,-119.136484752428,Po Box 81498  Bakersfield Ca,Destination Address,Farmer,,,2024-02-01,2024-02-29,False,,,1382.0,-68.0,86,26
AJB Ranch Dairy,2874 Stockdale Hwy Stockdale Hwy. Wastewater Bakersfield Ca 93312 Rwqcd? No,35.354397567884,-119.083410843855,2312 Alpine Meadows Ct Wasco Ca,Destination Address,Other,35.598053804412,-119.352663131129,2024-02-01,2024-02-29,False,,,3612.0,-68.0,226,68
Avalon Dairy,27225 Rond Rd Waslo 93280,35.7175258,-119.4195325,9442 Bear Mtn Blvd 93311,Destination Address,Other,35.210777230193,-119.105872241364,2024-10-13,2024-12-31,False,,,9240.0,,577,174
Bear 5 Feedlot,11983 Bear Mtn Blvd Bakersfield 93311,35.208816931894,-119.139416106501,6701 McDivitt Bakersfield 93313,Destination Address,Other,35.314168424958,-119.077132204118,2024-11-12,2024-11-13,False,,,5815.28,69.0,363,109
Bear 5 Feedlot,11983 Bear Mtn Blvd Bakersfield 93311,35.208816931894,-119.139416106501,9442 Bear Mtn Blvd 93311,Destination Address,Other,35.210777230193,-119.105872241364,2024-03-03,2024-12-28,False,,,11984.72,71.0,748,225
Bear Mountain Dairy,4551 Bear Mountain Blvd Wastewater Bakersfield Ca 93313 Rwqcd? No,35.208699842036,-119.052247067829,Po Box 81498 Bakersfield Ca,Destination Address,Farmer,,,2024-05-01,2024-05-31,False,,,4041.0,-69.0,252,76
Bear Mountain Dairy,4551 Bear Mountain Blvd Wastewater Bakersfield Ca 93313 Rwqcd? No,35.208699842036,-119.052247067829,Po Box 81498 Bakersfield Ca,Destination Address,Farmer,,,2024-11-01,2024-11-30,False,,,10631.0,-69.0,664,200
Bear Mountain Dairy,4551 Bear Mountain Blvd Wastewater Bakersfield Ca 93313 Rwqcd? No,35.208699842036,-119.052247067829,"Po Box 27 Edison, CA",Destination Address,Farmer,,,2024-02-01,2024-02-29,False,,,4859.0,-66.0,303,91
Bear Mountain Dairy,4551 Bear Mountain Blvd Wastewater Bakersfield Ca 93313 Rwqcd? No,35.208699842036,-119.052247067829,200 Hume Lane Bakersfield Ca,Destination Address,Farmer,35.353201355484,-119.074118407012,2024-01-01,2024-01-31,False,,,3009.0,-67.0,188,57
David Vander Schaaf Dairy,7525 S. Fairfax Rd Bakersfield CA 93307,35.286715519088,-118.931944300472,Fairfax And Panama Lane,Destination Address,Other,35.295954004534,-118.931988989437,2024-08-20,2024-09-09,False,,,1800.0,56.8,112,34
David Vander Schaaf Dairy,7524 S. Fairfax Road Bakersfield CA 93307,35.287524575967,-118.93712047438,4101 Kimber Ave Bakersfied CA 93307,Destination Address,Other,35.349248240399,-118.957748924828,,2024-04-18,False,,,300.0,57.0,19,6
Faial Farms 2,18683 Magnolia Ave Shafter CA 93263 I,35.478788248952,-119.37806993694,4322 Saco Rd Bakersfield CA,Destination Address,Composting Facility,35.446720009412,-119.092199010352,2024-06-01,2024-06-30,False,,,5997.0,-67.0,374,113
Faial Farms 2,18683 Magnolia Ave Shafter CA 93263 I,35.478788248952,-119.37806993694,4322 Saco Rd Bakersfield CA,Destination Address,Composting Facility,35.446720009412,-119.092199010352,2024-07-01,2024-07-31,False,,,6536.0,-63.0,408,123
Faial Farms 2,18683 Magnolia Ave Shafter CA 93263 I,35.478788248952,-119.37806993694,4322 Saco Rd Bakersfield CA,Destination Address,Composting Facility,35.446720009412,-119.092199010352,2024-08-01,2024-08-31,False,,,7878.0,-67.0,492,148
H&P Dairy,5021 E Bear Mountain Blvd Bakersfield CA 93307,35.204407109508,-118.938547409577,13214 Eberle Rd Bakersfield CA,Destination Address,Composting Facility,35.234954159351,-119.082822426726,2024-03-01,2024-03-31,False,,,12443.0,-69.0,777,234
H&P Dairy,5021 E Bear Mountain Blvd Bakersfield CA 93307,35.204407109508,-118.938547409577,13214 Eberle Rd Bakersfield CA,Destination Address,Composting Facility,35.234954159351,-119.082822426726,2024-05-01,2024-05-31,False,,,11308.0,-67.0,706,212
H&P Dairy,5021 E Bear Mountain Blvd Bakersfield CA 93307,35.204407109508,-118.938547409577,13214 Eberle Rd Bakersfield CA,Destination Address,Composting Facility,35.234954159351,-119.082822426726,2024-06-01,2024-06-30,False,,,8119.0,-65.0,507,152
H&P Dairy,5021 E Bear Mountain Blvd Bakersfield CA 93307,35.204407109508,-118.938547409577,13214 Eberle Rd Bakersfield CA,Destination Address,Composting Facility,35.234954159351,-119.082822426726,2024-07-01,2024-07-31,False,,,7765.0,-67.0,485,146
H&P Dairy,5021 E Bear Mountain Blvd Bakersfield CA 93307,35.204407109508,-118.938547409577,13214 Eberle Rd Bakersfield CA,Destination Address,Composting Facility,35.234954159351,-119.082822426726,2024-08-01,2024-08-31,False,,,7390.0,-67.0,461,139
H&P Dairy,5021 E Bear Mountain Blvd Bakersfield CA 93307,35.204407109508,-118.938547409577,13214 Eberle Rd Bakersfield CA,Destination Address,Composting Facility,35.234954159351,-119.082822426726,2024-09-01,2024-09-30,False,,,4245.0,-69.0,265,80
H&P Dairy,5021 E Bear Mountain Blvd Bakersfield CA 93307,35.204407109508,-118.938547409577,13214 Eberle Rd Bakersfield CA,Destination Address,Composting Facility,35.234954159351,-119.082822426726,2024-10-01,2024-10-31,False,,,2237.0,-67.0,140,42
J&R Dairy,4403 Bear Mountain Blvd Bakersfield CA 93313,35.208699253837,-119.050715607855,Po Box 20370 Bakersfield CA,Destination Address,Farmer,,,2024-06-01,2024-06-30,False,,,5323.0,-67.0,332,100
J&R Dairy,4403 Bear Mountain Blvd Bakersfield CA 93313,35.208699253837,-119.050715607855,Po Box 20370 Bakersfield CA,Destination Address,Farmer,,,2024-07-01,2024-07-31,False,,,10284.0,-65.0,642,193
J&R Dairy,4403 Bear Mountain Blvd Bakersfield CA 93313,35.208699253837,-119.050715607855,Po Box 20370 Bakersfield CA,Destination Address,Farmer,,,2024-08-01,2024-08-31,False,,,8463.0,-65.0,528,159
J&R Dairy,4403 Bear Mountain Blvd Bakersfield CA 93313,35.208699253837,-119.050715607855,Po Box 20370 Bakersfield CA,Destination Address,Farmer,,,2024-11-01,2024-11-30,False,,,3811.0,-69.0,238,72
J&R Dairy,4403 Bear Mountain Blvd Bakersfield CA 93313,35.208699253837,-119.050715607855,Po Box 20370 Bakersfield CA,Destination Address,Farmer,,,2024-12-01,2024-12-31,False,,,3103.0,-69.0,194,58
J&R Dairy,4403 Bear Mountain Blvd Bakersfield CA 93313,35.208699253837,-119.050715607855,Po Box 27 Edison CA,Destination Address,Farmer,,,2024-01-01,2024-01-31,False,,,2977.0,-67.0,186,56
J&R Dairy,4403 Bear Mountain Blvd Bakersfield CA 93313,35.208699253837,-119.050715607855,Po Box 27 Edison CA,Destination Address,Farmer,,,2024-05-01,2024-05-31,False,,,9407.0,-66.0,587,177
J&R Dairy,4403 Bear Mountain Blvd Bakersfield CA 93313,35.208699253837,-119.050715607855,Po Box 27 Edison CA,Destination Address,Farmer,,,2024-06-01,2024-06-30,False,,,12150.0,-68.0,759,228
J&R Dairy,4403 Bear Mountain Blvd Bakersfield CA 93313,35.208699253837,-119.050715607855,Po Box 27 Edison CA,Destination Address,Farmer,,,2024-08-01,2024-08-31,False,,,10887.0,-65.0,680,204
J&R Dairy,4403 Bear Mountain Blvd Bakersfield CA 93313,35.208699253837,-119.050715607855,Po Box 27 Edison CA,Destination Address,Farmer,,,2024-09-01,2024-09-30,False,,,13294.0,-69.0,830,250
Lakeview Dairy,17702 Bear Mountain Blvd Bakersfield CA 93311,35.212722544192,-119.203877560424,Po Box 81498 Bakersfield Ca,Destination Address,Farmer,,,2024-04-01,2024-04-30,False,,,9652.0,-67.0,603,181
Lakeview Dairy,17702 Bear Mountain Blvd Bakersfield CA 93311,35.212722544192,-119.203877560424,Po Box 81498 Bakersfield Ca,Destination Address,Farmer,,,2024-05-01,2024-05-31,False,,,10767.0,-67.0,672,202
Lakeview Dairy,17702 Bear Mountain Blvd Bakersfield CA 93311,35.212722544192,-119.203877560424,Po Box 81498 Bakersfield Ca,Destination Address,Farmer,,,2024-08-01,2024-08-31,False,,,14046.0,-67.0,877,264
Lakeview Dairy,17702 Bear Mountain Blvd Bakersfield CA 93311,35.212722544192,-119.203877560424,Po Box 81498 Bakersfield Ca,Destination Address,Farmer,,,2024-09-01,2024-09-30,False,,,4682.0,-67.0,292,88
Maple Dairy,15857 Bear Mountain Blvd Bakersfield CA 93311,35.202664805205,-119.175975881133,Po Box 81498 Bakersfield CA,Destination Address,Farmer,,,2024-07-01,2024-07-31,False,,,23250.0,-69.0,1452,437
Maple Dairy,15857 Bear Mountain Blvd Bakersfield CA 93311,35.202664805205,-119.175975881133,2312 Alpine Meadows Ct Wasco CA,Destination Address,Other,35.598053804412,-119.352663131129,2024-03-01,2024-03-31,False,,,16150.0,-67.0,1008,303
Maple Dairy,15857 Bear Mountain Blvd Bakersfield CA 93311,35.202664805205,-119.175975881133,2312 Alpine Meadows Ct Wasco CA,Destination Address,Other,35.598053804412,-119.352663131129,2024-05-01,2024-05-31,False,,,13778.0,-69.0,860,259
Maple Dairy,15857 Bear Mountain Blvd Bakersfield CA 93311,35.202664805205,-119.175975881133,2312 Alpine Meadows Ct Wasco CA,Destination Address,Other,35.598053804412,-119.352663131129,2024-06-01,2024-06-30,False,,,14129.0,-68.0,882,265
Maple Dairy,15857 Bear Mountain Blvd Bakersfield CA 93311,35.202664805205,-119.175975881133,2312 Alpine Meadows Ct Wasco CA,Destination Address,Other,35.598053804412,-119.352663131129,2024-09-01,2024-09-30,False,,,12839.0,-69.0,802,241
Maya Dairy,18451 Wildwood Rd Buttonwillow 93206,35.484146003371,-119.439481040202,,,Other,,,2024-07-02,2024-07-03,False,,,2231.76,71.0,139,42
Maya Dairy,18451 Wildwood 93206,35.484146003371,-119.439481040202,D-Paula Emmi Corn Camp B-Whlow,Destination Contact Address,Other,35.4268979,-119.5185328,2024-12-16,2024-12-19,False,,,2719.0,61.0,170,51
Mcmoo Dairy,11663 Buena Vista Rd Bakersfield CA 93311,35.248998865725,-119.128467748038,13214 Eberle Rd Bakersfield CA,Destination Address,Other,35.234954159351,-119.082822426726,2024-04-01,2024-04-30,False,,,3765.0,-69.0,235,71
Mcmoo Dairy,11663 Buena Vista Rd Bakersfield CA 93311,35.248998865725,-119.128467748038,13214 Eberle Rd Bakersfield CA,Destination Address,Other,35.234954159351,-119.082822426726,2024-05-01,2024-05-31,False,,,5386.0,-69.0,336,101
Mcmoo Dairy,11663 Buena Vista Rd Bakersfield CA 93311,35.248998865725,-119.128467748038,13214 Eberle Rd Bakersfield CA,Destination Address,Other,35.234954159351,-119.082822426726,2024-06-01,2024-06-30,False,,,4040.0,-69.0,252,76
Mcmoo Dairy,11663 Buena Vista Rd Bakersfield CA 93311,35.248998865725,-119.128467748038,13214 Eberle Rd Bakersfield CA,Destination Address,Other,35.234954159351,-119.082822426726,2024-08-01,2024-08-31,False,,,3290.0,-67.0,205,62
Mcmoo Dairy,11663 Buena Vista Rd Bakersfield CA 93311,35.248998865725,-119.128467748038,13214 Eberle Rd Bakersfield CA,Destination Address,Other,35.234954159351,-119.082822426726,2024-09-01,2024-09-30,False,,,3176.0,-69.0,198,60
Newhouse Dairy,16130 Bear Mountain Blvd Bakersfield CA 93311,35.209237977072,-119.192341164401,13214 Eberle Rd Bakersfield CA,Destination Address,Composting Facility,35.234954159351,-119.082822426726,2024-04-01,2024-04-30,False,,,8735.0,-66.0,545,164
Newhouse Dairy,16130 Bear Mountain Blvd Bakersfield CA 93311,35.209237977072,-119.192341164401,13214 Eberle Rd Bakersfield CA,Destination Address,Composting Facility,35.234954159351,-119.082822426726,2024-05-01,2024-05-31,False,,,7934.0,-69.0,495,149
Newhouse Dairy,16130 Bear Mountain Blvd Bakersfield CA 93311,35.209237977072,-119.192341164401,13214 Eberle Rd Bakersfield CA,Destination Address,Composting Facility,35.234954159351,-119.082822426726,2024-06-01,2024-06-30,False,,,9469.0,-63.0,591,178
Newhouse Dairy,16130 Bear Mountain Blvd Bakersfield CA 93311,35.209237977072,-119.192341164401,13214 Eberle Rd Bakersfield CA,Destination Address,Composting Facility,35.234954159351,-119.082822426726,2024-07-01,2024-07-31,False,,,6531.0,-67.0,408,123
Panama Ranch,"6219 E Panama Lane Buttonwillow, CA 93307",35.295475816957,-118.933707028131,10909 Glen Cloe Place Lamont CA,Destination Address,Other,35.25563352986,-118.910578339785,2024-02-01,2024-02-29,False,,,6204.0,-63.0,387,117
Panama Ranch,"6219 E Panama Lane Buttonwillow, CA 93307",35.295475816957,-118.933707028131,10909 Glen Cloe Place Lamont CA,Destination Address,Other,35.25563352986,-118.910578339785,2024-03-01,2024-03-31,False,,,7641.0,-67.0,477,143
Panama Ranch,"6219 E Panama Lane Buttonwillow, CA 93307",35.295475816957,-118.933707028131,10909 Glen Cloe Place Lamont CA,Destination Address,Other,35.25563352986,-118.910578339785,2024-04-01,2024-04-30,False,,,9515.0,-67.0,594,179
Panama Ranch,"6219 E Panama Lane Buttonwillow, CA 93307",35.295475816957,-118.933707028131,10909 Glen Cloe Place Lamont CA,Destination Address,Other,35.25563352986,-118.910578339785,2024-05-01,2024-05-31,False,,,10179.0,-67.0,636,191
Panama Ranch,"6219 E Panama Lane Buttonwillow, CA 93307",35.295475816957,-118.933707028131,10909 Glen Cloe Place Lamont CA,Destination Address,Other,35.25563352986,-118.910578339785,2024-07-01,2024-07-31,False,,,4013.0,-64.0,251,75
Panama Ranch,"6219 E Panama Lane Buttonwillow, CA 93307",35.295475816957,-118.933707028131,10909 Glen Cloe Place Lamont CA,Destination Address,Other,35.25563352986,-118.910578339785,2024-08-01,2024-08-31,False,,,3050.0,-67.0,190,57
Panama Ranch,"6219 E Panama Lane Buttonwillow, CA 93307",35.295475816957,-118.933707028131,10909 Glen Cloe Place Lamont CA,Destination Address,Other,35.25563352986,-118.910578339785,2024-09-01,2024-09-30,False,,,7385.0,-67.0,461,139
Peterson Daim,30999 Peterson Rel. Mcfarland CA 93250,35.702657609108,-119.251985828975,"7200 E. Brondage Lane Bakersfield 93307 ""Bolthorse Farm""",Destination Address,Other,35.35606796637,-118.925666016958,2024-10-18,2025-05-22,False,,,12342.0,,771,232
Rosa Dairy,4714 E Bear Mountain Blvd Bakersfield CA 93307,35.21110994984,-118.951654526848,Po Box 81498 Bakersfield CA,Destination Address,Farmer,,,2024-04-01,2024-04-30,False,,,4016.0,-68.0,251,75
Solo Dairy,11495 Jumper Ave Wasco 93280,35.730303011709,-119.419379979102,,,Other,,,2024-01-01,2024-12-31,False,,,3800.0,,237,71
T&W Farms 1,18346 Old River Rd Bakersfield CA 93311,35.189889988485,-119.105627992705,Po Box 81498 Bakersfield CA,Destination Address,Farmer,,,2024-04-01,2024-04-30,False,,,4276.0,-69.0,267,80
T&W Farms 1,18346 Old River Rd Bakersfield CA 93311,35.189889988485,-119.105627992705,Po Box 81498 Bakersfield CA,Destination Address,Farmer,,,2024-05-01,2024-05-31,False,,,15119.0,-68.0,944,284
T&W Farms 1,18346 Old River Rd Bakersfield CA 93311,35.189889988485,-119.105627992705,Po Box 81498 Bakersfield CA,Destination Address,Farmer,,,2024-06-01,2024-06-30,False,,,12776.0,-67.0,798,240
T&W Farms 1,18346 Old River Rd Bakersfield CA 93311,35.189889988485,-119.105627992705,Po Box 81498 Bakersfield CA,Destination Address,Farmer,,,2024-07-01,2024-07-31,False,,,22079.0,-67.0,1379,415
T&W Farms 1,18346 Old River Rd Bakersfield CA 93311,35.189889988485,-119.105627992705,Po Box 81498 Bakersfield CA,Destination Address,Farmer,,,2024-08-01,2024-08-31,False,,,8151.0,-69.0,509,153
T&W Farms 1,18346 Old River Rd Bakersfield CA 93311,35.189889988485,-119.105627992705,Po Box 81498 Bakersfield CA,Destination Address,Farmer,,,2024-09-01,2024-09-30,False,,,15934.0,-66.0,995,299
T&W Farms 2,5959 Houghton Rd Bakersfield CA 93311,35.237865774652,-119.068497275952,Po Box 81498 Bakersfield CA,Destination Address,Farmer,,,2024-02-01,2024-02-29,False,,,6647.0,-69.0,415,125
T&W Farms 2,5959 Houghton Rd Bakersfield CA 93311,35.237865774652,-119.068497275952,Po Box 81498 Bakersfield CA,Destination Address,Farmer,,,2024-11-01,2024-11-30,False,,,4924.0,-67.0,307,92
Tjaarda Dairy,19211 Magnolia Ave. Shaffer 93263,35.449323012833,-119.368194522846,,,Other,,,2024-06-01,2024-07-24,False,,,11000.0,,687,207
Trilogy Dairy,17661 Bear Mountain Blvd Bakersfield CA 93311,35.205403005334,-119.196386988832,2312 Alpine Meadows Ct Wasco CA,Destination Address,Other,35.598053804412,-119.352663131129,2024-04-01,2024-04-30,False,,,15942.0,-67.0,995,299
Trilogy Dairy,17661 Bear Mountain Blvd Bakersfield CA 93311,35.205403005334,-119.196386988832,2312 Alpine Meadows Ct Wasco CA,Destination Address,Other,35.598053804412,-119.352663131129,2024-05-01,2024-05-31,False,,,8339.0,-69.0,521,157
Trilogy Dairy,17661 Bear Mountain Blvd Bakersfield CA 93311,35.205403005334,-119.196386988832,2312 Alpine Meadows Ct Wasco CA,Destination Address,Other,35.598053804412,-119.352663131129,2024-07-01,2024-07-31,False,,,19394.0,-65.0,1211,364
Trilogy Dairy,17661 Bear Mountain Blvd Bakersfield CA 93311,35.205403005334,-119.196386988832,2312 Alpine Meadows Ct Wasco CA,Destination Address,Other,35.598053804412,-119.352663131129,2024-08-01,2024-08-31,False,,,11647.0,-70.0,727,219
Trilogy Dairy,17661 Bear Mountain Blvd Bakersfield CA 93311,35.205403005334,-119.196386988832,2312 Alpine Meadows Ct Wasco CA,Destination Address,Other,35.598053804412,-119.352663131129,2024-09-01,2024-09-30,False,,,21494.0,-69.0,1342,404
VP Legacy Farms,28349 Los Angeles St. Shafter CA 93263,35.49285400449,-119.37473704078,Edison/Arvin,Destination Address,Other,35.114544451099,-118.89596077982,,2024-10-17,False,,,5225.0,,326,98
VP Legacy Farms,28349 Los Angeles St. Chapter CA 93263,35.49285400449,-119.37473704078,Tulare St/Fresno St. Shafter 93263,Destination Address,Other,,,2024-05-16,2024-10-12,False,,,300.0,,19,6
VP Legacy Farms,28349 Los Angeles St. Chapter CA 93263,35.49285400449,-119.37473704078,Palm/Tulare Ave.,Destination Address,Other,36.222960497822,-119.346996000664,,2024-03-23,False,,,258.0,,16,5
Western Sky Dairy,18501 Old River Road Bakersfield CA 93311,35.186640974298,-119.110154042898,South Lake Road Bakersfield CA,Destination Address,Farmer,35.12567407127,-119.262154516393,2024-03-01,2024-03-31,False,,,7149.0,-67.0,446,134
Western Sky Dairy,18501 Old River Road Bakersfield CA 93311,35.186640974298,-119.110154042898,South Lake Road Bakersfield CA,Destination Address,Farmer,35.12567407127,-119.262154516393,2024-04-01,2024-04-30,False,,,11076.0,-67.0,692,208
Western Sky Dairy,18501 Old River Road Bakersfield CA 93311,35.186640974298,-119.110154042898,South Lake Road Bakersfield CA,Destination Address,Farmer,35.12567407127,-119.262154516393,2024-07-01,2024-07-31,False,,,9413.0,-64.0,588,177
Westwind Farms,6221 Bear Mountain Blvd Bakersfield CA 93313,35.208697244624,-119.067740433664,Po Box 81498 Bakersfield CA,Destination Address,Farmer,,,2024-07-01,2024-07-31,False,,,4593.0,-67.0,287,86
Westwind Farms,6221 Bear Mountain Blvd Bakersfield CA 93313,35.208697244624,-119.067740433664,Po Box 81498 Bakersfield CA,Destination Address,Farmer,,,2024-08-01,2024-08-31,False,,,5691.0,-64.0,355,107
Westwind Farms,6221 Bear Mountain Blvd Bakersfield CA 93313,35.208697244624,-119.067740433664,Po Box 81498 Bakersfield CA,Destination Address,Farmer,,,2024-10-01,2024-10-31,False,,,5607.0,-68.0,350,105
Antonio Garcia Dairy,6571 Fargo Ave Hanford Kings 93230,36.357001986521,-119.574860008235,15336 10Th Ave Hanford 93230 Kings,Destination Address,Farmer,36.249779381906,-119.637257912959,,2024-02-16,False,,,300.0,62.6,19,6
Antonio Garcia Dairy,6571 Fargo Ave Hanford Kings 93230,36.357001986521,-119.574860008235,15336 10Th Ave Hanford 93230 Kings,Destination Address,Farmer,36.249779381906,-119.637257912959,,2024-04-08,False,,,200.0,62.6,12,4
Back Road # 2,4119 Houston Avenue Hanford CA 93230,36.298568302905,-119.532790900922,West Coast And Gravet,Destination Address,Composting Facility,,,2024-10-04,2024-11-28,False,,,1280.0,47.1,80,24
Bill Idsinga Dairy,4595 Houston Ave. Hanford 93230,36.298475263779,-119.540688833008,,,Other,,,2024-06-01,2024-07-01,False,,,3000.0,,187,56
C&R Dairy,15336 10Th Ave. Hanford 93230,36.249779381906,-119.637257912959,,,Other,,,2024-01-01,2024-12-31,False,,,4900.0,,306,92
Contente And Company,7900 15Th Ave. Hanford. 93230,36.358870899472,-119.727286258585,13Th Ave & Grangeville Blvd Hanford 93230,Destination Address,Other,36.342616419467,-119.691050369149,,2024-09-28,False,,,1000.0,,62,19
Contente And Company,7900 15Th Ave. Hanford. 93230,36.358870899472,-119.727286258585,14Th Ave & Flint Ave Hanford 93230,Destination Address,Other,36.371713693427,-119.708953779055,,2024-09-26,False,,,1200.0,,75,23
Diamond D Dairy,9423 Idaho Ave Hanford 93230,36.269168693698,-119.626552462404,,,Other,,,2024-01-01,2024-12-31,False,,,7400.0,,462,139
E. Mendes Dairy,23568 Fargo Ave Lemoore Kings 93245,36.35877492668,-119.879403384346,19721 Excesisior Riverdale 93656 Stockpile Fresno,Destination Address,Other,36.40155859124,-119.810950979502,,2024-06-22,False,,,2800.0,73.1,175,53
Flatland Farms LLC,8431 15th Ave Hanford 93230,36.350695065386,-119.726593410469,5835 13th Ave Hanford 93230,Destination Address,Other,36.388416018518,-119.68953181975,2024-01-01,2024-12-31,False,,,4700.0,85.0,293,88
Flint Dairy,6511 Flint Ave. Hanford Kings 93230,36.369763853201,-119.575398880791,13085 S Zediker Ave Kingsburg 93631 Fresno,Destination Address,Farmer,36.545922456563,-119.522070865856,,2024-01-01,False,,,350.0,24.4,22,7
Flint Dairy,6511 Flint Ave. Hanford Kings 93230,36.369763853201,-119.575398880791,92 Po Box Kingsburg 93631 Fresno,Destination Address,Farmer,,,,2024-01-09,False,,,450.0,24.4,28,8
Flint Dairy,6511 Flint Ave. Hanford Kings 93230,36.369763853201,-119.575398880791,5520 Flint Ave Hanford 93230 Kings,Destination Address,Farmer,36.372092722142,-119.556338563439,,2024-01-13,False,,,500.0,24.4,31,9
Flint Dairy,6511 Flint Ave. Hanford Kings 93230,36.369763853201,-119.575398880791,363 N 5Th Ave Kingsburg 93631 Fresno,Destination Address,Farmer,36.481844441258,-119.544413918417,,2024-02-02,False,,,570.0,24.4,36,11
Flint Dairy,6511 Flint Ave. Hanford Kings 93230,36.369763853201,-119.575398880791,10741 Flint Ave Hanford 93230 Kings,Destination Address,Farmer,36.371829772885,-119.651068735209,,2024-03-14,False,,,50.0,24.4,3,1
Flint Dairy,6511 Flint Ave. Hanford Kings 93230,36.369763853201,-119.575398880791,5230 9Th Ave Hanford 93230 Kings,Destination Address,Farmer,36.397910158335,-119.619420133354,,2024-04-11,False,,,400.0,24.4,25,8
Flint Dairy,6511 Flint Ave. Hanford Kings 93230,36.369763853201,-119.575398880791,10367 Houston Ave Lemoore 93245 Kings,Destination Address,Farmer,36.298510285772,-119.64364297696,,2024-05-13,False,,,2300.0,24.4,144,43
Flint Dairy,6511 Flint Ave. Hanford Kings 93230,36.369763853201,-119.575398880791,5230 9Th Ave Hanford 93230 Kings,Destination Address,Farmer,36.397910158335,-119.619420133354,,2024-05-13,False,,,2000.0,24.4,125,38
Flint Dairy,6511 Flint Ave. Hanford Kings 93230,36.369763853201,-119.575398880791,5415 Boston Ave Kingsburg 93631 Fresno,Destination Address,Farmer,36.485672204981,-119.553887564481,,2024-08-29,False,,,800.0,24.3,50,15
Flint Dairy,6511 Flint Ave. Hanford Kings 93230,36.369763853201,-119.575398880791,14803 Grangeville Blvd Hanford 93230 Kings,Destination Address,Farmer,36.340715278099,-119.723741551733,,2024-09-18,False,,,1400.0,24.4,87,26
Flint Dairy,6511 Flint Ave. Hanford Kings 93230,36.369763853201,-119.575398880791,14803 Grangeville Blvd Hanford 93230 Kings,Destination Address,Farmer,36.340715278099,-119.723741551733,,2024-10-10,False,,,800.0,24.3,50,15
Flint Dairy,6511 Flint Ave. Hanford Kings 93230,36.369763853201,-119.575398880791,13085 S Zediker Ave Kingsburg 93631 Fresno,Destination Address,Farmer,36.545922456563,-119.522070865856,,2024-12-23,False,,,400.0,24.3,25,8
Flint Dairy,6511 Flint Ave. Hanford Kings 93230,36.369763853201,-119.575398880791,7745 E Sandymush Merced 95341 Merced,Destination Address,Farmer,37.183162512809,-120.355104804204,,2024-12-24,False,,,3970.8,56.9,248,75
Georgeson Dairy,8519 24Th Ave Lemoore Kings 93245,36.350787811145,-119.886644929595,Riverdale 93656 Stockpile Fresno,Destination Address,Other,,,,2024-06-20,False,,,8200.0,61.0,512,154
J And A Dairy,16283 18Th Avenue Lemoore CA 93245,36.235996976605,-119.780187131735,Kent Ave & 18Th Ave Lemoore 93245,Destination Address,Other,36.225838990056,-119.780329959365,,2024-04-03,False,,,1650.0,66.8,103,31
Jaques & Silva Dai,10536 6Th Ave Hanford Kings 93230,36.319968391359,-119.565878882802,Hanford 93230 Lace Fresno,Destination Address,Other,,,,2024-10-05,False,,,1850.0,52.5,116,35
Milkaholic Dairy LLC,6267 5Th Ave. Hanford CA 93230,36.381106496035,-119.54489151926,,,Farmer,,,2024-04-10,2024-04-11,False,,,1420.0,79.5,89,27
Moonstone Dairy.,4974 Ave. 272 Visalia CA 93277,36.285200424625,-119.452160009859,#5 Visalia 93277,Destination Address,Other,36.2953941,-119.3129134,2024-08-19,2024-08-21,False,20.0,99.0,1980.0,,124,37
Joe Parreira Dairy,18081 17Th Avenue Stratford 93266,36.210090567456,-119.761879043543,960 N San Antonio Rd Los Altos CA 94022,Destination Contact Address,Other,37.399236996378,-122.114846986772,,2024-09-08,False,,,1000.0,71.2,62,19
River Ranch Dairy,6155 Jackson Ave. Hanford 93230,36.254596126384,-119.566076192803,1654 Oriole St. Hanford 93230,Destination Contact Address,Other,36.311632840108,-119.672058820572,2024-03-25,2024-11-13,False,,,1534.71,74.8,96,29
River Ranch Dairy,6155 Jackson Ave. Hanford 93230,36.254596126384,-119.566076192803,13802 Avenue 352 Visalia 93292,Destination Address,Other,36.430257389522,-119.264641245485,2024-08-28,2024-12-31,False,,,6967.24,48.1,435,131
S&A Daini,13243 Houston Ave. Hanford 93230,36.29456921308,-119.695972893246,13243 Houston Ave. Hanford 93230,Destination Contact Address,Other,36.29456921308,-119.695972893246,2024-01-01,2024-12-31,False,,,6800.0,,425,128
The Dairy INC.,6240 21St Avenue Lemoore CA 93245,36.384142924279,-119.834396336151,2011 Excelsior Ave Riverdale 93656,Destination Contact Address,Composting Facility,36.402057179181,-119.798518268017,2024-06-17,2024-06-29,False,10.0,,1650.0,65.2,103,31
The Dairy INC.,6240 21St Avenue Lemoore CA 93245,36.384142924279,-119.834396336151,2011 Excelsior Ave Riverdale 93656,Destination Contact Address,Other,36.402057179181,-119.798518268017,2024-11-13,2024-11-24,False,10.0,,2650.0,75.0,165,50
Vitor Borba Dairy #2,16452 11Th Ave. Hanford 93230,36.233734994304,-119.655314292598,Fagundes East Hanford 93230,Destination Address,Other,36.3309569,-119.6646204,2024-10-07,2024-10-10,False,20.0,160.0,3200.0,,200,60
Westcreek Dairy,8409 5Th Ave Hanford 93230,36.355099671686,-119.543932042804,7Th Ave & Elder Ave Hanford 93230,Destination Address,Other,36.38661001175,-119.5830229761,2024-09-08,2024-09-13,False,,,1310.0,,82,25
Westcreek Dairy,8409 5Th Ave Hanford 93230,36.355099671686,-119.543932042804,7Th Ave & Elder Ave Hanford 93230,Destination Address,Other,36.38661001175,-119.5830229761,2024-10-10,2024-10-15,False,,,2140.0,,134,40
Westcreek Dairy,8157 5Th Ave Hanford CA 93230,36.355360139327,-119.546658592088,Westcoast 7715 Ave. 296 Visalia CA 93291,Destination Address,Composting Facility,36.323201920056,-119.405499044529,2024-08-11,2024-08-12,False,,,1512.0,,94,28
Westcreek Daim,8157 5Th Ave Hanford CA 93230,36.355360139327,-119.546658592088,9917 Ave 296 Visalia CA 93291,Destination Contact Address,Composting Facility,36.327708320165,-119.44861998483,,2024-11-18,False,,,1110.0,,69,21
Matos Dairy,100 S. Quinley Ave Merced 95340,37.285831229429,-120.596449468563,"059-220-003,059-220-015",Destination Assessor Parcel Number,Other,37.919116,-120.413686,2024-05-23,2024-05-24,False,12.0,,5580.0,43.94,348,105
Uc Davis Dairy,Dairy Road Davis 95616,38.536748571559,-121.758880695727,28800 County Road 29 Winters 95694,Destination Address,Other,38.591779940106,-121.974337539624,2024-06-15,2024-10-26,False,,,8235.0,,514,155
Azevedo Dairy #3,227 W El Nido Rd El Nido Merced 95317,37.134568722516,-120.496777324237,"P.O. Box 149 El Nido, CA 95317 Coyote Rd",Destination Address,Other,,,,2024-07-11,False,24.0,335.0,8040.0,0.635,502,151
Azevedo Dairy #3,227 W El Nido Rd El Nido Merced 95317,37.134568722516,-120.496777324237,"P.O. Box 149 El Nido, CA 95317 Coyote Rd",Destination Address,Other,,,,2024-11-20,False,24.0,109.0,2616.0,0.635,163,49
Jelle Van Der Hoek,337 Gates Rd Modesto Stanislaus 95358,37.641822475773,-121.159411948714,,,Farmer,,,,2024-06-28,False,10.0,21.0,210.0,0.621,13,4
Jelle Van Der Hoek,337 Gates Rd Modesto Stanislaus 95358,37.641822475773,-121.159411948714,900 Meredith Ave Gustine 95322,Destination Address,Other,37.24919296673,-121.003727736419,,2024-05-07,False,10.0,48.0,480.0,0.833,30,9
MHF Dairy,501 S. Story Rd. Turlock 95380,37.488024610788,-120.789904212947,2324 Villa Manucha Newman 95360,Destination Address,Other,37.365262041504,-121.022008751064,,2024-12-02,False,10.0,204.0,2040.0,-11.0,127,38
Double Diamond Dairy,505 E Washington Rd El Nido Merced 95317,37.111988713551,-120.483451271655,,,Farmer,,,,2024-09-25,False,,,1638.0,0.835,102,31
Double Diamond Dairy,505 E Washington Rd El Nido Merced 95317,37.111988713551,-120.483451271655,,,Farmer,,,,2024-09-26,False,,,492.0,0.835,31,9
Double Diamond Dairy,505 E Washington Rd El Nido Merced 95317,37.111988713551,-120.483451271655,,,Farmer,,,,2024-10-13,False,,,1758.0,0.835,110,33
Double Diamond Dairy,505 E Washington Rd El Nido Merced 95317,37.111988713551,-120.483451271655,,,Farmer,,,,2024-10-01,False,,,1554.0,0.835,97,29
Double Diamond Dairy,505 E Washington Rd El Nido Merced 95317,37.111988713551,-120.483451271655,,,Farmer,,,,2024-10-07,False,,,864.0,0.835,54,16
Hath Dairy,508 W Roosevelt Rd El Nido Merced 95317,37.143631068591,-120.501311598579,,,Farmer,,,,2024-08-30,False,,,600.0,0.941,37,11
Hath Dairy,508 W Roosevelt Rd El Nido Merced 95317,37.143631068591,-120.501311598579,1021 W El Nido Rd El Nido 95317 Merced,Destination Address,Farmer,37.134685440517,-120.510670496389,,2024-11-11,False,,,1520.0,0.97,95,29
Antone L. Gomes & Sons,515 E. Stuhr Road Newman Ca 95360,37.33317083555,-121.019162927297,Stuhr Road Newman Ca 85340 Assessor'S Parcel,Destination Address,Other,37.3330662,-121.0344432,,2024-06-03,False,,,504.0,,31,9
Antone Leonard Gomes And Sons,515 E Stuhr Road Newman Ca 95360,37.33317083555,-121.019162927297,2324 Villa Manucha Road Newman Ca 95360,Destination Address,Other,37.365262041504,-121.022008751064,,2024-11-18,False,12.0,130.0,1560.0,,97,29
Lorinda/Machado/Azevedo Farms,619 S. Vincent Road Turlock Stanislaus 95380,37.486527770519,-120.776380682726,Turlock 95380 East Avenue & Verduga Avenue Stanislaus,Destination Address,Farmer,37.492627993921,-120.807756996158,,2024-05-01,False,,,1339.0,0.745,84,25
Pinnacle Dairy,724 Ruble Rd. Crowslanding Ca 95313,37.483244704773,-121.002979819199,058-022-022,Destination Assessor Parcel Number,Other,37.46935,-121.005674,,2024-09-03,False,12.0,,812.0,74.1,51,15
T & C Louters Dairy,921 W Sandy Mush Rd Merced Merced 95341,37.185610908636,-120.50838927762,1510 Washington Rd El Nido 94317 Merced,Destination Address,Composting Facility,37.113177550242,-120.523349355607,,2024-01-17,False,,,1232.0,0.276,77,23
T & C Louters Dairy,921 W Sandy Mush Rd Merced Merced 95341,37.185610908636,-120.50838927762,1510 Washington El Nido 94317 Merced,Destination Address,Composting Facility,37.113177550242,-120.523349355607,,2024-01-17,False,,,176.0,0.276,11,3
T & C Louters Dairy,921 W Sandy Mush Rd Merced Merced 95341,37.185610908636,-120.50838927762,1510 Washington El Nido 94317 Merced,Destination Address,Composting Facility,37.113177550242,-120.523349355607,,2024-04-18,False,,,396.0,0.276,25,7
T & C Louters Dairy,921 W Sandy Mush Rd Merced Merced 95341,37.185610908636,-120.50838927762,1510 Washington El Nido 94317 Merced,Destination Address,Composting Facility,37.113177550242,-120.523349355607,,2024-05-17,False,,,440.0,0.276,27,8
T & C Louters Dairy,921 W Sandy Mush Rd Merced Merced 95341,37.185610908636,-120.50838927762,1510 Washington El Nido 94317 Merced,Destination Address,Composting Facility,37.113177550242,-120.523349355607,,2024-06-28,False,,,229.0,0.276,14,4
T & C Louters Dairy,921 W Sandy Mush Rd Merced Merced 95341,37.185610908636,-120.50838927762,5175 Shaw Winton 95355 Merced,Destination Address,Composting Facility,37.425366280333,-120.579112088577,,2024-08-01,False,,,163.0,0.276,10,3
T & C Louters Dairy,921 W Sandy Mush Rd Merced Merced 95341,37.185610908636,-120.50838927762,1510 Washington El Nido 94317 Merced,Destination Address,Composting Facility,37.113177550242,-120.523349355607,,2024-12-03,False,,,462.0,0.235,29,9
Dematos Dairy,931 S Blaker Rd Turlock Stanislaus 95380,37.484397090731,-120.967675829757,Hilmar 95324 Williams Ave Stanislaus,Destination Address,Other,37.389863795747,-120.863283625579,,2024-11-12,False,,,560.0,0.41,35,11
Carl + Laurie Vieira Dairies,1000 N. Mitchell Rd. Turlock 95380,37.50214966829,-120.940239262274,2324 Villa Manucha Rd. Newman 95360,Destination Address,Other,37.365262041504,-121.022008751064,,2024-03-22,False,10.0,128.0,1280.0,-29.5,80,24
Carl + Laurie Vieira Dairies,1000 N. Mitchell Rd. Turlock 95380,37.50214966829,-120.940239262274,2324 Villa Manucha Rd. Newman 95360,Destination Address,Other,37.365262041504,-121.022008751064,,2024-08-03,False,10.0,102.0,1020.0,-6.2,64,19
Frank Gwerder Dairy Inc.,1007 S. Hart Rd. Modesto 95358,37.62778144685,-121.124126567097,5737 California Ave. Modesto 95358,Destination Address,Other,37.624112268735,-121.098543070768,,2024-03-09,False,10.0,60.0,600.0,-70.0,37,11
Frank Gwerder Dairy Inc.,,,,012-050-005,Destination Assessor Parcel Number,Other,39.638568,-120.540996,,2024-11-03,False,10.0,42.0,420.0,-28.7,26,8
Garcia's Registered Jerseys,1018 Hickman Rd Turlock 95380,37.502209724627,-120.756996358166,4618 N. Montpelier Rd. Denair 95316,Destination Address,Other,37.535437893837,-120.69666333529,,2024-12-20,False,,,1400.0,-12.0,87,26
Albert Mendes Dairy,1100 Ruble Rd Crows Landing Stanislaus 95313,37.487743356027,-121.018398833004,,,Farmer,,,,2024-05-31,False,,,1470.0,0.404,92,28
Albert Mendes Dairy,1100 Ruble Rd Crows Landing Stanislaus 95313,37.487743356027,-121.018398833004,,,Farmer,,,,2024-06-03,False,,,1380.0,0.404,86,26
T&L Family Dairy LLC (Da Rosa Facility),1131 Story Road Turlock Ca 95380,37.481874540925,-120.789748988488,224 S. Roselawn Ave Turlock 95380,Destination Address,Farmer,37.490211239779,-120.798393069207,,2024-05-13,False,,,1100.0,0.965,69,21
Kerburg & Son Dairy,1142 N. Hart Road Modesto 95358,37.649765125313,-121.122068139316,,,Other,,,2024-06-11,2024-06-13,False,,,730.0,,46,14
Kerburg & Son Dairy,1142 Halt Rd Modesto 95358,,,,,Other,,,2024-07-01,2024-07-02,False,,,1820.0,,114,34
Kerburg & Son Dairy,1142 Halt Rd Modesto 95358,,,012 029 001 000,Destination Assessor Parcel Number,Other,37.658698,-121.120908,2024-10-29,2024-10-30,False,,,50.0,,3,1
Antonio Azevedo Dairy # 4,1257 W Roosevelt Rd El Nido Merced 95317,37.141921914714,-120.514888689162,El Nido 95317 Coyote Rd Merced,Destination Address,Other,37.098384004598,-120.510214017942,,2024-03-27,False,24.0,56.0,1344.0,46.0,84,25
Antonio Azevedo Dairy # 4,1257 W Roosevelt Rd El Nido Merced 95317,37.141921914714,-120.514888689162,El Nido 95317 Coyote Rd Merced,Destination Address,Other,37.098384004598,-120.510214017942,,2024-07-04,False,24.0,418.5,10044.0,23.4,627,189
Antonio Azevedo Dairy # 4,1257 W Roosevelt Rd El Nido Merced 95317,37.141921914714,-120.514888689162,El Nido 95317 Coyote Rd Merced,Destination Address,Other,37.098384004598,-120.510214017942,,2024-11-22,False,24.0,95.0,2280.0,46.0,142,43
Azevedo Dairy INC.,1337 Magnolia Avenue Patterson CA 95363,37.515853535158,-121.131407674929,1343 Magnolia Avenue Patterson 95363,Destination Address,Farmer,37.516358796282,-121.131611774271,,2024-05-18,False,,,1200.0,81.3,75,23
Azevedo Dairy INC.,1337 Magnolia Avenue Patterson CA 95363,37.515853535158,-121.131407674929,1343 Magnolia Avenue Patterson 95363,Destination Address,Farmer,37.516358796282,-121.131611774271,,2024-10-28,False,,,1500.0,91.3,94,28
Martins View Jersey Dairy Inc,1369 S Hunt Rd Gustine Merced 95322,37.269334931518,-120.996679058763,1275 North Ave Gustine 95322 Merced,Destination Address,Composting Facility,37.260716449125,-121.007144535429,,2024-12-15,False,,,1650.0,59.6,103,31
Martins View Jersey Dairy Inc,1369 S Hunt Rd Gustine Merced 95322,37.269334931518,-120.996679058763,29120 Fentem Rd Gustine 95322 Merced,Destination Address,Farmer,37.260487413621,-121.016121469911,,2024-05-07,False,,,2520.0,32.0,157,47
Alden Peterson & Sons Dairy,1431 N. Central Ave. Turlock CA 95380,37.506513789998,-120.958869802281,022-022-013,Destination Assessor Parcel Number,Other,35.571275,-121.108489,,2024-04-18,False,12.0,,1056.0,71.9,66,20
Alden Peterson & Sons Dairy,1431 N. Central Ave. Turlock CA 95380,37.506513789998,-120.958869802281,022-022-013,Destination Assessor Parcel Number,Other,35.571275,-121.108489,,2024-09-18,False,12.0,,700.0,71.9,44,13
Postma Dairy,1439 Albers Road Modesto CA 95357,37.660611098474,-120.85717761929,014-009-013,Destination Assessor Parcel Number,Other,35.628068,-120.703518,,2024-05-10,False,10.0,52.0,920.0,74.3,57,17
Alamo Dairy,1500 W. Fulkerth Rd. Crowslanding 95313,37.505571622171,-121.013470944489,"022-035-012,022-035-006,022-036-018,022-036-019,022-036-016,022-033-006,022-033-007,022-033-008,022-034-011,022-034-013,022-034-013,022-034-014,022-034-015,022-034-016,022-034-017,022-036-023,022-033-002,022-034-004,058-001-015,022-037-004,058-002-003",Destination Assessor Parcel Number,Other,37.50229,-121.008182,2024-04-12,2024-05-05,False,12.0,,4860.0,66.1,303,91
Alamo Dairy,1500 W. Fulkerth Rd. Crowslanding 95313,37.505571622171,-121.013470944489,"022-035-012,022-035-006,022-036-018,022-036-019,022-036-016,022-033-006,022-033-007,022-033-008,022-034-011,022-034-013,022-034-013,022-034-014,022-034-015,022-034-016,022-034-017,022-036-023,022-033-002,022-034-004,058-001-015,022-037-004,058-002-003",Destination Assessor Parcel Number,Other,37.50229,-121.008182,2024-10-05,2024-11-20,False,12.0,,3672.0,43.1,229,69
DCB Farming LLC,1581 E Roosevelt Rd El Nido Merced 95317,37.141616310525,-120.463216603018,,,Farmer,,,,2024-04-15,False,,,1800.0,75.8,112,34
Pires Dairy Farms,1622 Kniebes Rd Gustine CA 95322,37.266027348706,-120.98428364889,19075 W. Third Ave. Stevinson CA. 95374,Destination Address,Composting Facility,37.325729172363,-120.834534746052,,2024-10-17,False,,,22000.0,82.5,1374,413
John Brasil Dairy #3,1707 S. Mitchell Road Turlock CA 95380,37.477063218819,-120.940449983319,9730 W. Bradbury Road Turlock 95380,Destination Address,Farmer,37.44895195004,-120.960190203488,,2024-05-23,False,,,1000.0,93.7,62,19
Nunes Dairy,1730 S. Healy Rd Merced CA 95340,,,Mariposa Road Merced 95340,Destination Address,Farmer,37.323633906117,-120.462489011913,,2024-05-11,False,,,1200.0,84.5,75,23
Nunes Dairy,1730 S. Healy Rd Merced CA 95340,,,Mariposa Road Merced 95340,Destination Address,Farmer,37.323633906117,-120.462489011913,,2024-10-13,False,,,1300.0,84.5,81,24
Bwc Weststeyn Dairy Lp,1763 S. Hewitt Road Linden CA 95236,37.955301966497,-121.041560210773,23390 E. Flood Street Linden CA 95236,Destination Address,Composting Facility,38.006898699332,-121.027540136607,2024-02-27,2024-12-11,False,27.0,278.0,7506.0,-27.3,469,141
Bwc Weststeyn Dairy Lp,1763 S. Hewitt Road Linden CA 95236,37.955301966497,-121.041560210773,,,Other,,,2024-08-12,2024-09-22,False,27.0,254.0,6858.0,-43.2,428,129
Hillcrest Dairy Llc,1901 N Hayden Rd Le Grand Merced 95333,37.315788206093,-120.306520713714,,,Farmer,,,,2024-08-13,False,,,1440.0,88.6,90,27
Hillcrest Dairy Llc,1901 N Hayden Rd Le Grand Merced 95333,37.315788206093,-120.306520713714,,,Farmer,,,,2024-08-14,False,,,1296.0,88.6,81,24
Hillcrest Dairy Llc,1901 N Hayden Rd Le Grand Merced 95333,37.315788206093,-120.306520713714,,,Farmer,,,,2024-08-15,False,,,960.0,88.6,60,18
Hillcrest Dairy Llc,1901 N Hayden Rd Le Grand Merced 95333,37.315788206093,-120.306520713714,,,Farmer,,,,2024-08-15,False,,,480.0,88.6,30,9
Hillcrest Dairy Llc,1901 N Hayden Rd Le Grand Merced 95333,37.315788206093,-120.306520713714,19615 Geer Ave Hilmar 95324 Merced,Destination Address,Farmer,37.396577292772,-120.843239268681,,2024-08-24,False,,,1824.0,88.6,114,34
Hillcrest Dairy Llc,1901 N Hayden Rd Le Grand Merced 95333,37.315788206093,-120.306520713714,19615 Geer Ave Hilmar 95324 Merced,Destination Address,Farmer,37.396577292772,-120.843239268681,,2024-08-26,False,,,2232.0,88.6,139,42
Hillcrest Dairy Llc,1901 N Hayden Rd Le Grand Merced 95333,37.315788206093,-120.306520713714,19615 Geer Ave Hilmar 95324 Merced,Destination Address,Farmer,37.396577292772,-120.843239268681,,2024-08-27,False,,,1568.0,88.6,98,29
D+M Ag,1933 Hall Ro. Denair 95316,37.512447632622,-120.745406365369,4618 N. Montpelier Rd. Denair 95316,Destination Address,Other,37.535437893837,-120.69666333529,,2024-01-03,False,,,1200.0,-10.6,75,23
D+M Ag,1933 Hall Ro. Denair 95316,37.512447632622,-120.745406365369,4618 N. Montpelier Rd. Denair 95316,Destination Address,Other,37.535437893837,-120.69666333529,,2024-02-16,False,,,1500.0,-81.8,94,28
D+M Ag,1933 Hall Rd. Denair 95316,37.512447632622,-120.745406365369,4618 N. Montpelier Ro. Denair 95316,Destination Address,Other,37.535437893837,-120.69666333529,,2024-03-06,False,,,925.0,-10.6,58,17
D+M Ag,1933 Hall Rd. Denair 95316,37.512447632622,-120.745406365369,4618 N. Montpelier Rd. Denair 95316,Destination Address,Other,37.535437893837,-120.69666333529,,2024-04-09,False,,,1125.0,-81.8,70,21
D+M Ag,1933 Hall Ro. Denair 95316,37.512447632622,-120.745406365369,4618 N. Montpelier Rd. Denair 95316,Destination Address,Other,37.535437893837,-120.69666333529,,2024-05-14,False,,,1050.0,-10.6,66,20
D+M Ag,1933 Hall Rd. Denaiir 95316,37.512447632622,-120.745406365369,4618 N. Montpelier Rd. Denair 95316,Destination Address,Other,37.535437893837,-120.69666333529,,2024-05-29,False,,,975.0,-10.6,61,18
D+M Ag,1933 Hall Rd. Denair 95316,37.512447632622,-120.745406365369,4618 N. Montpelier Rd. Denair 95316,Destination Address,Other,37.535437893837,-120.69666333529,,2024-07-03,False,,,375.0,-75.3,23,7
D+M Ag,1933 Hall Ro. Denair 95316,37.512447632622,-120.745406365369,4618 N. Montpelier Rd. Denair 95316,Destination Address,Other,37.535437893837,-120.69666333529,,2024-10-22,False,,,975.0,-37.0,61,18
D+M Ag,1933 Hall Rd. Denair 95316,37.512447632622,-120.745406365369,4618 N. Montpelier Rd. Denair 95316,Destination Address,Other,37.535437893837,-120.69666333529,,2024-11-12,False,,,675.0,-75.3,42,13
Couto Dairy,1980 County Road Qq Willows Glenn 95988,39.536479394667,-122.121338519324,,,Farmer,,,,2024-07-29,False,,,630.0,20.0,39,12
Couto Dairy,1980 County Road Qq Willows Glenn 95988,39.536479394667,-122.121338519324,,,Farmer,,,,2024-10-01,False,,,308.0,57.3,19,6
Double D Dairy,2207 Roberts Rd. Ceres 95307,37.527103222686,-120.955165084896,23234 Second Ave. Stevinson 95374,Destination Address,Other,37.335594043758,-120.910021746955,,2024-04-29,False,,,5980.0,22.8,373,112
Double D Dairy,2207 Roberts Rd. Ceres 95307,37.527103222686,-120.955165084896,23234 Second Ave. Stevinson 95374,Destination Address,Other,37.335594043758,-120.910021746955,,2024-09-12,False,,,4250.0,22.8,265,80
Borba & Sons,2248 W. Service Road Modesto CA 95358,37.579493176928,-121.027401248472,017-041-015,Destination Assessor Parcel Number,Other,33.26941,-115.955676,,2024-10-14,False,10.0,75.0,750.0,-3.3,47,14
Edelweiss Dairy,2306 W. Fulkerth Rd Crows Landing 95313,37.507547278659,-121.032046331573,"022-001-002,022-001-004,022-001-005,022-003-002,022-004-001,022-004-002",Destination Assessor Parcel Number,Other,35.290559,-120.669299,,2024-05-24,False,12.0,,396.0,73.8,25,7
Roest Family Dairy,2472 Gates Road Modesto CA 95358,37.6727487,-121.1554319,Paradise & Baker Road Stanislaus County,Destination Address,Other,37.609000996504,-121.094093034553,,2024-05-25,False,,,1200.0,74.6,75,23
Roest Family Dairy,2472 Gates Road Modesto CA 95358,37.6727487,-121.1554319,,,Farmer,,,,2024-07-27,False,,,1300.0,74.6,81,24
Roest Family Dairy,2472 Gates Road Modesto CA 95358,37.6727487,-121.1554319,,,Farmer,,,,2024-08-10,False,,,1300.0,74.6,81,24
Roest Family Dairy,2472 Gates Road Modesto CA 95358,37.6727487,-121.1554319,,,Farmer,,,,2024-10-25,False,,,1300.0,74.6,81,24
Roest Family Dairy,2472 Gates Road Modesto CA 95358,37.6727487,-121.1554319,,,Farmer,,,,2024-11-20,False,,,1800.0,74.6,112,34
Fagundes Brothers Dairy #1,2510 Turlock Road Snelling CA 95369,37.493198005247,-120.519019039589,14478 Cox Ferry Road Snelling 95369 Merced County,Destination Address,Farmer,37.498999539529,-120.500448262552,,2024-05-15,False,,,6200.0,25.9,387,116
John Brasil Dairy #1,2613 S. Mitchell Road Turlock CA 95380,37.468743760823,-120.940354513442,9730 Bradbury Road Turlock 95380,Destination Address,Farmer,37.44895195004,-120.960190203488,,2024-10-22,False,,,1300.0,91.65,81,24
John Brasil Dairy #1,2613 S. Mitchell Road Turlock CA 95380,37.468743760823,-120.940354513442,9730 Bradbury Road Turlock 95380,Destination Address,Farmer,37.44895195004,-120.960190203488,,2024-05-18,False,,,1500.0,93.68,94,28
Antonio Cardoso Dairy,2720 Kenney Ave. Winton 95388,37.43463188756,-120.534844994794,5175 Shaw Ave. Winton 95388,Destination Address,Other,37.425366280333,-120.579112088577,2024-01-16,2024-05-23,False,,,9392.0,9.5,586,176
Diamond O Dairy,2743 Baker Road Modesto CA 95358,37.599320024065,-121.094649425286,017-001-012,Destination Assessor Parcel Number,Other,35.290231,-120.671886,,2024-03-22,False,10.0,46.0,460.0,-60.1,29,9
Diamond O Dairy,2743 Baker Road Modesto CA 95358,37.599320024065,-121.094649425286,017-002-007,Destination Assessor Parcel Number,Other,35.126821,-120.583359,,2024-03-22,False,10.0,74.0,740.0,-60.1,46,14
Manuel & Maria Silva Dairy #2,2800 White Rd. Turlock 95380,37.441444656552,-120.878234804086,West Of Lander Ave. On Fowler Rd. Turlock 95380,Destination Address,Other,37.452856828136,-120.849042912639,2024-09-24,2024-09-25,False,24.0,60.0,1440.0,15.2,90,27
G.J. Silva Dairy Inc.,3107 S Prairie Flower Rd Turlock Stanislaus 95380,37.464265938599,-120.931190494882,400 N Central Ave Turlock 95380 Stanislaus,Destination Address,Farmer,37.495688478228,-120.958056506216,,2024-01-11,False,,,47.3,64.9,3,1
G.J. Silva Dairy Inc.,3107 S Prairie Flower Rd Turlock Stanislaus 95380,37.464265938599,-120.931190494882,400 N Central Ave Turlock 95382 Stanislaus,Destination Address,Farmer,37.495688478228,-120.958056506216,,2024-03-12,False,,,721.6,64.9,45,14
G.J. Silva Dairy Inc.,3107 S Prairie Flower Rd Turlock Stanislaus 95380,37.464265938599,-120.931190494882,400 N Central Ave Turlock 95380 Stanislaus,Destination Address,Farmer,37.495688478228,-120.958056506216,,2024-04-01,False,,,883.9,64.9,55,17
G.J. Silva Dairy Inc.,3107 S Prairie Flower Rd Turlock Stanislaus 95380,37.464265938599,-120.931190494882,400 N Central Ave Turlock 95380 Stanislaus,Destination Address,Farmer,37.495688478228,-120.958056506216,,2024-05-17,False,,,99.8,64.9,6,2
G.J. Silva Dairy Inc.,3107 S Prairie Flower Rd Turlock Stanislaus 95380,37.464265938599,-120.931190494882,400 N Central Ave Turlock 95380 Stanislaus,Destination Address,Farmer,37.495688478228,-120.958056506216,,2024-06-28,False,,,26.1,27.2,2,0
G.J. Silva Dairy Inc.,3107 S Prairie Flower Rd Turlock Stanislaus 95380,37.464265938599,-120.931190494882,400 N Central Ave Turlock 95380 Stanislaus,Destination Address,Farmer,37.495688478228,-120.958056506216,,2024-07-02,False,,,460.2,27.2,29,9
G.J. Silva Dairy Inc.,3107 S Prairie Flower Rd Turlock Stanislaus 95380,37.464265938599,-120.931190494882,400 N Central Ave Turlock 95380 Stanislaus,Destination Address,Farmer,37.495688478228,-120.958056506216,,2024-08-01,False,,,49.0,91.1,3,1
G.J. Silva Dairy Inc.,3107 S Prairie Flower Rd Turlock Stanislaus 95380,37.464265938599,-120.931190494882,400 N Central Ave Turlock 95380 Stanislaus,Destination Address,Farmer,37.495688478228,-120.958056506216,,2024-09-12,False,,,169.9,91.1,11,3
G.J. Silva Dairy Inc.,3107 S Prairie Flower Rd Turlock Stanislaus 95380,37.464265938599,-120.931190494882,400 N Central Ave Turlock 95380 Stanislaus,Destination Address,Farmer,37.495688478228,-120.958056506216,,2024-10-05,False,,,1469.8,91.1,92,28
G.J. Silva Dairy Inc.,3107 S Prairie Flower Rd Turlock Stanislaus 95380,37.464265938599,-120.931190494882,400 N Central Ave Turlock 95380 Stanislaus,Destination Address,Farmer,37.495688478228,-120.958056506216,,2024-11-01,False,,,697.4,91.1,44,13
G.J. Silva Dairy Inc.,3107 S Prairie Flower Rd Turlock Stanislaus 95380,37.464265938599,-120.931190494882,400 N Central Ave Turlock 95380 Stanislaus,Destination Address,Farmer,37.495688478228,-120.958056506216,,2024-12-13,False,,,21.5,91.1,1,0
Art Silva Dairy #3,3130 Dewitt Rd Modesto Stanislaus 95357,37.683600270042,-120.907412795773,Stevinson 95374 2Nd Ave Merced,Destination Address,Other,37.335220884386,-120.918111684198,,2024-09-30,False,,,2236.0,95.1,140,42
T&L Family Dairy LLC,3137 E. Tuolumne Road Ceres CA 95307,37.514764600207,-120.936846854601,750 East Ave Gustine 95322,Destination Address,Other,37.252812984983,-120.994122997389,,2024-10-16,False,,,500.0,83.8,31,9
Willem Postma Dairy #2,3250 Santa Fe Avenue Modesto CA 95357,37.685180007333,-120.91752329884,014-024-009,Destination Assessor Parcel Number,Other,38.740382,-121.290973,,2024-09-03,False,,,340.0,-64.0,21,6
Couco Creek Dairy INC.,3303 Washington Rd. Turlock 95380,37.461797677661,-120.906752637078,191-180-002,Destination Assessor Parcel Number,Other,36.141079,-119.293008,,2024-02-01,False,,,76.0,-37.2,5,1
Couco Creek Dairy INC.,3303 Washington Rd. Turlock 95380,37.461797677661,-120.906752637078,9605 Eucalyptus Ave. Winton 95388,Destination Address,Other,37.403669933511,-120.66024505564,,2024-01-16,False,,,27.3,-37.2,2,1
Couco Creek Dairy INC.,3303 Washington Rd. Turlock 95380,37.461797677661,-120.906752637078,8442 Alderson Ave. Hughson 95326,Destination Address,Other,37.553634670355,-120.83767301442,,2024-01-30,False,,,750.0,-37.2,47,14
Couco Creek Dairy INC.,3303 Washington Rd. Turlock 95380,37.461797677661,-120.906752637078,191-180-002,Destination Assessor Parcel Number,Other,36.141079,-119.293008,,2024-04-01,False,,,2125.5,-37.2,133,40
Couco Creek Dairy INC.,3303 Washington Rd. Turlock 95380,37.461797677661,-120.906752637078,191-180-002,Destination Assessor Parcel Number,Other,36.141079,-119.293008,,2024-05-01,False,,,2566.4,-37.2,160,48
Couco Creek Dairy INC.,3303 Washington Rd. Turlock 95380,37.461797677661,-120.906752637078,191-180-002,Destination Assessor Parcel Number,Other,36.141079,-119.293008,,2024-06-01,False,,,1655.3,-37.2,103,31
Couco Creek Dairy INC.,3303 Washington Rd. Turlock 95380,37.461797677661,-120.906752637078,191-180-002,Destination Assessor Parcel Number,Other,36.141079,-119.293008,,2024-07-01,False,,,986.0,-37.2,62,19
Couco Creek Dairy INC.,3303 Washington Rd. Turlock 95380,37.461797677661,-120.906752637078,191-180-002,Destination Assessor Parcel Number,Other,36.141079,-119.293008,,2024-08-01,False,,,518.0,-37.2,32,10
Couco Creek Dairy INC.,3303 Washington Rd. Turlock 95380,37.461797677661,-120.906752637078,191-180-002,Destination Assessor Parcel Number,Other,36.141079,-119.293008,,2024-09-01,False,,,1300.6,-37.2,81,24
Couco Creek Dairy INC.,3303 Washington Rd. Turlock 95380,37.461797677661,-120.906752637078,191-180-002,Destination Assessor Parcel Number,Other,36.141079,-119.293008,,2024-10-01,False,,,2049.8,-37.2,128,38
Couco Creek Dairy INC.,3303 Washington Rd. Turlock 95380,37.461797677661,-120.906752637078,191-180-002,Destination Assessor Parcel Number,Other,36.141079,-119.293008,,2024-11-01,False,,,685.8,-37.2,43,13
Couco Creek Dairy INC.,3303 Washington Rd. Turlock 95380,37.461797677661,-120.906752637078,191-180-002,Destination Assessor Parcel Number,Other,36.141079,-119.293008,,2024-12-01,False,,,358.2,-37.2,22,7
Couco Creek Dairy INC.,3303 Washington Rd. Turlock 95380,37.461797677661,-120.906752637078,1148 Meikle Rd. Hickman 95323,Destination Address,Other,37.614927169688,-120.717756562269,,2024-12-16,False,,,396.0,-37.2,25,7
Joe Meirinho And Son Dairy,3354 W Whitmore Ave Modesto 95358,37.589328753571,-121.058915947126,3324 S. Carpenter Rd Modesto 95358,Destination Address,Other,37.586562725523,-121.029070755946,,2024-11-21,False,,,360.0,,22,7
Tollcrest Dairy,3355 Virginia Rd. Wheatland 95692,39.05488864009,-121.477964670154,,,Other,,,2024-01-01,2024-01-31,False,,,15200.0,15200.0,949,285
Furtado Farms,3449 Paradise Road Modesto CA 95358,37.609516525459,-121.057328666121,"017-054-026,017-054-045",Destination Assessor Parcel Number,Other,37.607159,-121.077789,,2024-05-28,False,10.0,100.0,1000.0,-26.9,62,19
Dutch Door Dairy,3493 Bvd Rd Merced Merced 95341,37.223219,-120.429418,24341 Avenue 14 Madera 93637 Madera,Destination Address,Farmer,36.953930997734,-120.105229038794,,2024-08-22,False,,,946.18,97.6,59,18
Dutch Door Dairy,3493 Bvd Rd Merced Merced 95341,37.223219,-120.429418,,,Farmer,,,,2024-10-17,False,,,1650.0,57.5,103,31
Dutch Door Dairy,3493 Bvd Rd Merced Merced 95341,37.223219,-120.429418,24662 Road 9 Chowchilla 93610 Madera,Destination Address,Farmer,37.110328803356,-120.384573396474,,2024-11-01,False,,,1308.96,97.6,82,25
3 Machados Dairy,3260 W Sandy Mush Rd Merced Merced 95340,37.186265199998,-120.550333662215,3511 W Sandy Mush Rd Merced 95341 Merced,Destination Address,Farmer,37.182122150987,-120.555818863472,,2024-11-20,False,,,588.0,95.7,37,11
3 Machados Dairy,3260 W Sandy Mush Rd Merced Merced 95340,37.186265199998,-120.550333662215,1319 S Quinley Rd Merced 95341 Merced,Destination Address,Farmer,37.268808925184,-120.597465606685,,2024-11-22,False,,,612.0,95.2,38,11
Double D Dairy #2,3636 E. Monte Vista Ave. Ceres 95307,37.52141974751,-120.927587869078,23234 Second Ave. Stevinson 95374,Destination Address,Other,37.335594043758,-120.910021746955,,2024-05-06,False,10.0,464.0,4640.0,-82.2,290,87
Double D Dairy #2,3636 E. Monte Vista Ave. Ceres 95307,37.52141974751,-120.927587869078,23234 Second Ave. Stevinson 95374,Destination Address,Other,37.335594043758,-120.910021746955,,2024-10-09,False,10.0,146.0,1460.0,-11.3,91,27
Double D Dairy #2,3645 W. Bradshaw Road Atwater CA 95301,37.3566595,-120.5521557,Stone Yard 9012 Lupin Ave 95388,Destination Address,Composting Facility,37.419926425724,-120.603656890627,,2024-11-16,False,,,2200.0,90.8,137,41
Art Silva Dairy #2,3701 Langworth Rd Modesto Stanislaus 95357,37.692792661345,-120.894766096442,Stevinson 95374 2Nd Ave Merced,Destination Address,Other,37.335220884386,-120.918111684198,,2024-06-03,False,,,2158.0,30.2,135,41
Art Silva Dairy #2,3701 Langworth Rd Modesto Stanislaus 95357,37.692792661345,-120.894766096442,Stevinson 95374 2Nd Ave Merced,Destination Address,Other,37.335220884386,-120.918111684198,,2024-10-16,False,,,1664.0,92.3,104,31
Jimenez Dairy,3928 W. Linwood Ave Turlock CA 95380,37.477890973668,-120.894141644656,19075 W. Third Ave. Stevinson CA. 95374,Destination Address,Composting Facility,37.325729172363,-120.834534746052,,2024-10-08,False,,,1500.0,93.6,94,28
Cross A Dairy,4125 Bentley Rd Oakdale 95361,37.698068734118,-120.868419679286,062-025-026,Destination Assessor Parcel Number,Other,37.728709,-120.899171,,2024-10-15,False,10.0,120.0,1200.0,-52.5,75,23
Cross A Dairy,4125 Bentley Rd Oakdale 95361,37.698068734118,-120.868419679286,,,Other,,,,2024-10-17,False,10.0,118.0,1180.0,-52.5,74,22
Gentle Breezes Dairy,4419 S. Faith Home Rd Turlock CA 95380,37.452357140115,-120.922080958691,400 N. Central Avenue Turlock 95380,Destination Address,Other,37.495688478228,-120.958056506216,,2024-05-09,False,,,1800.0,38.74,112,34
Gentle Breezes Dairy,4419 S. Faith Home Rd Turlock CA 95380,37.452357140115,-120.922080958691,400 N. Central Avenue Turlock 95380,Destination Address,Other,37.495688478228,-120.958056506216,,2024-10-12,False,,,2500.0,57.36,156,47
Amaral Dairy,4715 Co Rd N Orland 95963,39.774282411567,-122.161437879392,24790 Clark Ave Orland CA 95963,Destination Address,Other,39.828605819414,-122.112338534609,,2024-09-26,False,,,750.0,90.0,47,14
Zuppan Dairy,4740 County Road Qq Orland Glenn 95963,39.769684480843,-122.1225974298,,,Farmer,,,,2024-07-01,False,,,300.0,36.8,19,6
Zuppan Dairy,4740 County Road Qq Orland Glenn 95963,39.769684480843,-122.1225974298,,,Farmer,,,,2024-10-01,False,,,300.0,36.8,19,6
Gerrit Hofman Dairy,4820 Perrin Rd Manteca CA 95337,37.722278478426,-121.247551181003,255-027-053,Destination Assessor Parcel Number,Other,35.253795,-120.6664,2024-04-20,2024-04-26,False,20.0,67.0,1340.0,13.1,84,25
Gerrit Hofman Dairy,4820 Perrin Rd Manteca CA 95337,37.722278478426,-121.247551181003,255-027-053,Destination Assessor Parcel Number,Other,35.253795,-120.6664,2024-10-07,2024-10-20,False,20.0,76.0,1520.0,32.6,95,29
Meirinho Holsteins Inc,4890 Healy Rd Merced Merced 95341,37.215628599383,-120.432373043351,,,Farmer,,,,2024-10-23,False,,,1830.0,92.2,114,34
Meirinho Holsteins Inc,4890 Healy Rd Merced Merced 95341,37.215628599383,-120.432373043351,,,Farmer,,,,2024-10-22,False,,,710.0,92.2,44,13
Meirinho Holsteins Inc,4890 Healy Rd Merced Merced 95341,37.215628599383,-120.432373043351,4137 W Healy Rd Merced 95340 Merced,Destination Address,Farmer,37.227342967929,-120.433998919911,,2024-10-22,False,,,400.0,92.2,25,8
Meirinho Holsteins Inc,4890 Healy Rd Merced Merced 95341,37.215628599383,-120.432373043351,4137 W Healy Rd Mer 95340 Merced,Destination Address,Farmer,37.226769154531,-120.434746295416,,2024-10-22,False,,,600.0,92.2,37,11
Meirinho Holsteins Inc,4890 Healy Rd Merced Merced 95341,37.215628599383,-120.432373043351,,,Farmer,,,,2024-10-03,False,,,2020.0,92.2,126,38
Hilltop Holsteins,4900 E Dodds Rd Escalon 95361,37.856701925134,-120.993000037084,14303 Campbell Rd Escalon 95320,Destination Contact Address,Other,37.834329520275,-120.980995092998,2024-01-25,2025-02-27,False,12.0,366.0,4392.0,,274,82
Hilltop Holesteins,4900 Dodds Rd. Oakdale CA 95361,37.856058179334,-120.910612671129,Po Box 479 Linden CA 95236,Destination Address,Composting Facility,,,2024-01-01,2024-12-31,False,,,75.0,,5,1
Alamo Farms,5000 Keves Rd. Modesto 95358,37.545854462099,-121.087299669668,"017-061-020,017-061-009,017-062-029,017-061-021,017-061-004,017-061-007,022-002-050,017-062-047,017-062-048,022-003-009,058-001-013,058-001-014,058-001-003",Destination Assessor Parcel Number,Other,37.636789,-122.462718,2024-04-02,2024-05-05,False,,,3060.0,7.8,191,57
Alamo Farms,5000 Keyes Rd. Modesto 95358,37.545854462099,-121.087299669668,"017-061-020,017-061-009,017-062-029,017-061-021,017-061-004,017-061-007,022-002-050,017-062-047,017-062-048,022-003-009,058-001-013,058-001-014,058-001-003",Destination Assessor Parcel Number,Other,37.636789,-122.462718,2024-09-04,2024-10-21,False,,,2652.0,5.51,166,50
Ed Machado Dairy #2,5001 Shiloh Road Modesto CA 95358,37.565598286486,-121.142920470397,,,Other,,,,,False,25.0,26.0,650.0,15.8,41,12
Bar Mac Dairy,5070 S Hunt Rd Gustine Merced 95322,37.216080090597,-120.993745644108,3410 S Hunt Rd Gustine 95322 Merced,Destination Address,Composting Facility,37.23988519853,-120.993873468132,,2024-05-15,False,,,2800.0,29.2,175,53
Bar Mac Dairy,5070 S Hunt Rd Gustine Merced 95322,37.216080090597,-120.993745644108,900 Meredith Gustine 95322 Merced,Destination Address,Composting Facility,37.24919296673,-121.003727736419,,2024-06-01,False,,,5500.0,29.2,343,103
Bar Mac Dairy,5070 S Hunt Rd Gustine Merced 95322,37.216080090597,-120.993745644108,900 Meredith Gustine 95322 Merced,Destination Address,Composting Facility,37.24919296673,-121.003727736419,,2024-12-05,False,,,7900.0,24.6,493,148
Art Silva Dairy,5201 Milnes Rd Modesto Stanislaus 95357,37.6836714324,-120.900043007405,Stevinson 95374 2Nd Ave Merced,Destination Address,Other,37.335220884386,-120.918111684198,,2024-06-05,False,,,4654.0,29.0,291,87
Art Silva Dairy,5201 Milnes Rd Modesto Stanislaus 95357,37.6836714324,-120.900043007405,Stevinson 95374 2Nd Ave Merced,Destination Address,Other,37.335220884386,-120.918111684198,,2024-10-10,False,,,3536.0,62.4,221,66
Art Silva Dairy,5201 Milnes Rd Modesto Stanislaus 95357,37.6836714324,-120.900043007405,Modesto 95357 Dewitt Rd Stanislaus,Destination Address,Farmer,37.676929909054,-120.907537515186,,2024-10-31,False,,,320.0,29.0,20,6
Eugenio Azevedo Dairy #1,5217 Oak Avenue Merced Merced 95340,37.280116154477,-120.58311218423,Hilmar 95324 Rexford And Geer Roads Merced,Destination Address,Other,,,,2024-09-19,False,,,3200.0,70.4,200,60
Eugenio Azevedo Dairy #1,5217 Oak Avenue Merced Merced 95340,37.280116154477,-120.58311218423,Hilmar 95324 Rexford And Geer Roads Merced,Destination Address,Other,,,,2024-07-03,False,,,2600.0,87.0,162,49
Eugenio Azevedo Dairy #1,5217 Oak Avenue Merced Merced 95340,37.280116154477,-120.58311218423,Hilmar 95324 Rexford And Geer Roads Merced,Destination Address,Other,,,,2024-05-30,False,,,2250.0,76.8,140,42
Blue Star Dairy,5254 Blue Gum Avenue Modesto CA 95358,37.659546806318,-121.091390457513,012-018-015,Destination Assessor Parcel Number,Other,38.376751,-120.478951,,2024-06-03,False,10.0,200.0,2000.0,-78.4,125,38
Blue Star Dairy,5254 Blue Gum Avenue Modesto CA 95358,37.659546806318,-121.091390457513,076-026-005,Destination Assessor Parcel Number,Other,37.6924,-121.08114,,2024-05-23,False,10.0,200.0,2000.0,-78.4,125,38
Blue Star Dairy,5254 Blue Gum Avenue Modesto CA 95358,37.659546806318,-121.091390457513,012-010-021,Destination Assessor Parcel Number,Other,34.462494,-119.695482,,2024-05-27,False,10.0,20.0,200.0,-24.1,12,4
Blue Star Dairy,5254 Blue Gum Avenue Modesto CA 95358,37.659546806318,-121.091390457513,003-001-017,Destination Assessor Parcel Number,Other,37.710302,-121.151952,,2024-05-27,False,10.0,20.0,200.0,-24.1,12,4
Blue Star Dairy,5254 Blue Gum Avenue Modesto CA 95358,37.659546806318,-121.091390457513,076-032-005,Destination Assessor Parcel Number,Other,35.245158,-120.80685,,2024-06-01,False,10.0,88.0,880.0,-24.1,55,17
Blue Star Dairy,5254 Blue Gum Avenue Modesto CA 95358,37.659546806318,-121.091390457513,081-031-002,Destination Assessor Parcel Number,Other,38.003933,-120.264786,,2024-10-19,False,10.0,78.0,780.0,-27.3,49,15
Blue Star Dairy,5254 Blue Gum Avenue Modesto CA 95358,37.659546806318,-121.091390457513,012-018-015,Destination Assessor Parcel Number,Other,38.376751,-120.478951,,2024-11-02,False,10.0,100.0,1000.0,-78.8,62,19
Blue Star Dairy,5254 Blue Gum Avenue Modesto CA 95358,37.659546806318,-121.091390457513,017-065-012,Destination Assessor Parcel Number,Other,37.621627,-121.143367,,2024-11-14,False,10.0,60.0,600.0,-78.8,37,11
Blue Star Dairy,5254 Blue Gum Avenue Modesto CA 95358,37.659546806318,-121.091390457513,003-011-006,Destination Assessor Parcel Number,Other,38.279192,-120.984766,,2024-11-14,False,10.0,60.0,600.0,-78.8,37,11
Blue Star Dairy,5254 Blue Gum Avenue Modesto CA 95358,37.659546806318,-121.091390457513,005-030-004,Destination Assessor Parcel Number,Other,36.62878,-119.208974,,2024-11-22,False,10.0,50.0,500.0,-78.8,31,9
Blue Star Dairy,5254 Blue Gum Avenue Modesto CA 95358,37.659546806318,-121.091390457513,012-055-011,Destination Assessor Parcel Number,Other,35.47328,-120.713717,,2024-11-22,False,10.0,76.0,760.0,-78.8,47,14
Blue Star Dairy,5254 Blue Gum Avenue Modesto CA 95358,37.659546806318,-121.091390457513,056-059-007,Destination Assessor Parcel Number,Other,37.586442,-121.027871,,2024-12-04,False,10.0,60.0,600.0,-27.3,37,11
Blue Star Dairy,5254 Blue Gum Avenue Modesto CA 95358,37.659546806318,-121.091390457513,081-002-045,Destination Assessor Parcel Number,Other,34.400431,-119.726106,,2024-11-13,False,10.0,50.0,500.0,-27.3,31,9
Borba Dairy Farms,5297 Kelley Road Hilmar CA 95324,37.36613153823,-120.955899591071,,,Farmer,,,,2024-10-30,False,,,2500.0,81.6,156,47
Langworth Dairy,Langworth Rd. Oakdale 95361,37.743661538465,-120.894807875981,14303 Campbell Rd. Escalon 95361,Destination Address,Other,37.834329520275,-120.980995092998,,2024-05-01,False,,,3325.0,54.8,208,62
Homen Dairy Farms,5511 W Sandy Mush Rd Merced Merced 95341-8404,37.185708138713,-120.591672621943,5175 W Shaw Ave Winton 95388 Merced,Destination Address,Other,37.425366280333,-120.579112088577,,2024-03-27,False,,,4350.0,63.2,272,82
Homen Dairy Farms,5511 W Sandy Mush Rd Merced Merced 95341-8404,37.185708138713,-120.591672621943,5175 W Shaw Ave Winton 95388 Merced,Destination Address,Other,37.425366280333,-120.579112088577,,2024-04-24,False,,,5125.0,63.2,320,96
Homen Dairy Farms,5511 W Sandy Mush Rd Merced Merced 95341-8404,37.185708138713,-120.591672621943,8522 W Sandymush Rd Merced 95341 Merced,Destination Address,Farmer,37.190011449712,-120.646175528246,,2024-04-23,False,,,2400.0,41.7,150,45
Ehrlich Dairy,5725 Ehrlich Road Turlock CA 95380,37.433998970051,-120.916095609272,19075 3Rd Ave Stevinson 95374,Destination Address,Composting Facility,37.325729172363,-120.834534746052,,2024-05-11,False,,,1800.0,81.2,112,34
Ehrlich Dairy,5725 Ehrlich Road Turlock CA 95380,37.433998970051,-120.916095609272,19075 3Rd Ave Stevinson 95374,Destination Address,Composting Facility,37.325729172363,-120.834534746052,,2024-10-15,False,,,2000.0,74.1,125,38
Double B Dairy,5817 E Worden Ave Merced Merced 95340,37.236077174189,-120.383204128772,5175 W Shaw Ave Winton 95388 Merced,Destination Address,Farmer,37.425366280333,-120.579112088577,,2024-03-21,False,,,602.0,52.9,38,11
Double B Dairy,5817 E Worden Ave Merced Merced 95340,37.236077174189,-120.383204128772,5175 W Shaw Ave Winton 95388 Merced,Destination Address,Farmer,37.425366280333,-120.579112088577,,2024-05-10,False,,,1125.0,52.9,70,21
Double B Dairy,5817 E Worden Ave Merced Merced 95340,37.236077174189,-120.383204128772,5175 W Shaw Ave Winton 95388 Merced,Destination Address,Farmer,37.425366280333,-120.579112088577,,2024-08-20,False,,,430.0,23.6,27,8
Double B Dairy,5817 E Worden Ave Merced Merced 95340,37.236077174189,-120.383204128772,5175 W Shaw Ave Winton 95388 Merced,Destination Address,Farmer,37.425366280333,-120.579112088577,,2024-10-18,False,,,449.0,23.6,28,8
Kooistra Dairy,5837 Hultberg Road Turlock CA 95380,37.438153041265,-120.895575117737,750 East Ave Gustine 95322,Destination Address,Other,37.252812984983,-120.994122997389,,2024-10-14,False,,,1500.0,57.1,94,28
Nelson Farms,5931 W Tuolumne Rd Ceres 95307,37.514649349039,-120.917168744335,8126 Faith Home Rd Ceres 95307,Destination Contact Address,Other,37.519567933641,-120.920919478368,,2024-06-04,False,,,300.0,,19,6
Nelson Farms,5931 W Tuolumne Rd Ceres 95307,37.514649349039,-120.917168744335,8048 Faith Home Rd Ceres 95307,Destination Contact Address,Other,37.520454068445,-120.920258230027,,2024-06-04,False,,,300.0,,19,6
Nelson Farms,5931 W Tuolumne Rd Ceres 95307,37.514649349039,-120.917168744335,8048 Faith Home Rd Ceres 95307,Destination Contact Address,Other,37.520454068445,-120.920258230027,,2024-10-26,False,,,230.0,,14,4
Nelson Farms.,5931 W Tuolumne Rd Ceres 95307,37.514649349039,-120.917168744335,8413 Faith Home Rd Ceres 95307,Destination Contact Address,Other,37.515606813839,-120.921948189345,,2024-10-26,False,,,230.0,,14,4
N & C Silveira Dairy,6025 Hultberg Road Turlock CA 95380,37.436642789951,-120.896652862847,750 East Ave Gustine 95322,Destination Address,Other,37.252812984983,-120.994122997389,,2024-05-01,False,,,1700.0,85.8,106,32
N & C Silveira Dairy,6025 Hultberg Road Turlock CA 95380,37.436642789951,-120.896652862847,750 East Ave Gustine 95322,Destination Address,Other,37.252812984983,-120.994122997389,,2024-10-15,False,,,2000.0,92.7,125,38
Martins Brothers Dairy,6041 Central Ave Hilmar Merced 95324,37.378794959457,-120.959938159659,1 Turner Ave Stevinson 95324 Merced,Destination Address,Other,37.371863195565,-120.882231069105,,2024-03-13,False,,,1968.0,42.8,123,37
California Dairy Farms-Larson,6071 North Larson Road Hilmar CA 95324,37.3768219,-120.8426322,19075 3Rd Ave Stevinson 95374,Destination Address,Composting Facility,37.325729172363,-120.834534746052,,2024-12-20,False,,,960.0,68.0,60,18
California Dairy Farms-Larson,6071 North Larson Road Hilmar CA 95324,37.3768219,-120.8426322,5922 Lander Avenue Hilmar 95324,Destination Address,Farmer,37.374217685952,-120.848825974785,,2024-11-20,False,,,480.0,68.0,30,9
Arlinda Holsteins,6325 W. Main St. Turlock 95380,37.493523642185,-120.919674681928,2324 Villa Manucha Rd. Newman 95360,Destination Address,Other,37.365262041504,-121.022008751064,,2024-03-23,False,10.0,77.0,770.0,25.8,48,14
Arlinda Holsteins,6325 W. Main St. Turlock 95380,37.493523642185,-120.919674681928,2324 Villa Manucha Rd. Newman 95360,Destination Address,Other,37.365262041504,-121.022008751064,,2024-08-04,False,10.0,64.0,640.0,6.5,40,12
J&J De Raadt Dairy,"66460 Smith Road Oakdale, CA 95361",37.7383835,-120.8122714,062-025-026,Destination Assessor Parcel Number,Other,37.728709,-120.899171,,2024-11-04,False,10.0,80.0,800.0,-53.1,50,15
Tony Morris Dairy,6506 Vivian Rd Modesto Stanislaus 95358,37.541673820252,-121.041800939032,,,Farmer,,,,2024-05-17,False,10.0,44.0,440.0,77.8,27,8
Double & Dairy,6555 Blue Gum Avec. Modesto 95358,37.660727062105,-121.114318315459,012-027-022,Destination Assessor Parcel Number,Other,35.571592,-121.11142,,2024-06-11,False,10.0,56.0,560.0,-32.6,35,11
Double G Dairy,6555 Blue Gum Ave. Modesto 95358,37.660727062105,-121.114318315459,003-001-005,Destination Assessor Parcel Number,Other,37.714011,-121.143295,,2024-10-04,False,10.0,200.0,2000.0,-31.0,125,38
Double G Dairy,6555 Blue Gum Ave. Modesto 95358,37.660727062105,-121.114318315459,3509 Finney Rd. Modesto 95358,Destination Address,Other,37.690453571771,-121.086514823328,,2024-10-05,False,,,420.0,-31.0,26,8
Double G Dairy,6555 Blue Gum Ave. Modesto 95358,37.660727062105,-121.114318315459,3642 Finney Rd. Modesto 95358,Destination Address,Other,37.691516265129,-121.086104745551,,2024-10-15,False,,,1600.0,-31.0,100,30
Double & Dairy,6555 Blue Gum Ave Modesto 95358,37.660727062105,-121.114318315459,5425 Stoddard Rd. Modesto 95356,Destination Address,Other,37.717600161078,-121.068817489347,,2024-10-18,False,10.0,132.0,1320.0,-31.0,82,25
Diamond J Dairy Llc,6600 S Hwy 59 Merced Merced 95341,37.18983593266,-120.482005812452,1 Ranch Rd Merced 95341 Merced,Destination Address,Farmer,37.217957439544,-120.386378783958,,2024-04-02,False,,,75.0,21.7,5,1
Diamond J Dairy Llc,6600 S Hwy 59 Merced Merced 95341,37.18983593266,-120.482005812452,5175 W Shaw Ave Winton 95388 Merced,Destination Address,Other,37.425366280333,-120.579112088577,,2024-07-08,False,,,1494.0,21.7,93,28
Dewit Dairy,6610 E. Collier Road Acampo CA 95220,38.217724979957,-121.236991994659,,,Other,,,,2024-10-01,False,,,1000.0,-31.700000000000003,62,19
Crane Villa,6624 Crane Road Oakdale CA 95361,37.734875263523,-120.880931681432,19075 Third Avenue Stevinson CA 95374,Destination Address,Other,37.325729172363,-120.834534746052,2024-10-15,2024-11-01,False,20.0,222.0,4400.0,-61.1,275,83
Dairy Central,6626 N. Central Avenue Hilmar CA 95324,37.3845307,-120.9579337,750 East Ave Gustine 95322,Destination Address,Other,37.252812984983,-120.994122997389,,2024-05-16,False,,,1500.0,87.19,94,28
Dairy Central,6626 N. Central Avenue Hilmar CA 95324,37.3845307,-120.9579337,750 East Ave Gustine 95322,Destination Address,Other,37.252812984983,-120.994122997389,,2024-10-09,False,,,2800.0,92.97,175,53
Van Tol Dairy No. 2,6756 County Road 30 Orland Glenn 95963,39.654465745974,-122.167072110887,,,Composting Facility,,,,2024-08-22,False,,,685.0,89.3,43,13
Van Tol Dairy No. 2,6756 County Road 30 Orland Glenn 95963,39.654465745974,-122.167072110887,,,Composting Facility,,,,2024-09-24,False,,,1368.0,89.3,85,26
Van Tol Dairy No. 2,6756 County Road 30 Orland Glenn 95963,39.654465745974,-122.167072110887,,,Composting Facility,,,,2024-11-12,False,,,3970.0,89.3,248,75
Van Tol Dairy No. 2,6756 County Road 30 Orland Glenn 95963,39.654465745974,-122.167072110887,,,Composting Facility,,,,2024-05-03,False,,,1470.0,65.9,92,28
Van Toldairyno.200,6756 County Road 30 Orland Glenn 95963,39.654465745974,-122.167072110887,,,Composting Facility,,,,2024-05-03,False,,,820.0,22.0,51,15
Van Tol Dairy No. 2,95963,35.302893965934,-119.125090525038,,,Composting Facility,,,,2024-06-13,False,,,1752.0,65.9,109,33
Ackerman Davy INC.,6934 Central Ave. Ceres 95307,37.538853561291,-120.953951804412,900 Meredith Ave Gustine 95322,Hauler Address,Other,37.24919296673,-121.003727736419,2024-10-12,2024-10-13,False,,,350.0,,22,7
Goedhart Dairy,7084 County Road 31 Orland Glenn 95963,39.641573666428,-122.128559025996,,,Farmer,,,,2024-09-17,False,,,1386.0,37.0,87,26
Trinkler Dairy Farms,7251 Crowslanding Rd. Ceres 95307,37.532550831108,-120.994912824125,"022-008-017,022-008-016,022-008-022,022-008-013",Destination Assessor Parcel Number,Other,37.527623,-121.005747,,2024-04-26,False,,,4500.0,68.1,281,85
Trinkler Dairy Farms,7251 Crowslanding Rd. Ceres 95307,37.532550831108,-120.994912824125,"022-001-002,022-001-004,022-001-005,022-003-002,022-004-001,022-004-002",Destination Assessor Parcel Number,Other,35.290559,-120.669299,,2024-05-24,False,,,2000.0,68.1,125,38
Trinkler Dairy Farms,7251 Crowslanding Rd. Ceres 95307,37.532550831108,-120.994912824125,"022-008-017,022-008-016,022-008-022,022-008-013",Destination Assessor Parcel Number,Other,37.527623,-121.005747,,2024-09-21,False,,,4000.0,68.1,250,75
Trinkler Dairy Farms,7251 Crowslanding Rd. Ceres 95307,37.532550831108,-120.994912824125,"022-001-002,022-001-004,022-001-005,022-003-002,022-004-001,022-004-002",Destination Assessor Parcel Number,Other,35.290559,-120.669299,,2024-10-31,False,,,5000.0,68.1,312,94
Machado Dairy,7413 S. Mitchell Rd. Turlock 95380,37.424464597099,-120.941026742077,045-020-021,Destination Assessor Parcel Number,Other,34.400831,-119.720319,,2024-05-22,False,,,660.0,-47.4,41,12
Machado Dairy,7413 S. Mitchell Rd. Turlock 95380,37.424464597099,-120.941026742077,045-020-022,Destination Assessor Parcel Number,Other,35.571326,-121.10036,,2024-05-22,False,,,660.0,-47.4,41,12
Machado Dairy,7413 S. Mitchell Rd. Turlock 95380,37.424464597099,-120.941026742077,1224 Tuolumne Rd. Ceres 95307,Destination Address,Other,37.514581916628,-121.009933865168,,2024-05-26,False,,,2830.0,-47.4,177,53
Machado Dairy,7413 S. Mitchell Rd. Turlock 95380,37.424464597099,-120.941026742077,10924 Hilmar Rd. Turlock 95380,Destination Address,Other,37.425763792091,-120.974374060041,,2024-10-08,False,,,1460.0,-36.2,91,27
Machado Dairy,7413 S. Mitchell Rd. Turlock 95380,37.424464597099,-120.941026742077,045-020-021,Destination Assessor Parcel Number,Other,34.400831,-119.720319,,2024-10-20,False,,,540.0,-36.2,34,10
Machado Dairy,7413 S. Mitchell Rs. Turlock 95380,37.424464597099,-120.941026742077,7413 S. Mitchell Rd. Turlock 95350,Destination Contact Address,Other,37.424464597099,-120.941026742077,,2024-10-21,False,,,540.0,-36.2,34,10
Mitk Made Dai,7509 W Oakdale Rd Snelling Merced 95369,37.461113965819,-120.623057736374,5175 Shaw Ave Winton 95388 Merced,Destination Address,Other,37.425366280333,-120.579112088577,,2024-11-29,False,,,1350.0,38.0,84,25
Milk Made Dairy,7509 W Oakdale Rd Snelling Merced 95369,37.461113965819,-120.623057736374,5175 Shaw Ave Winton 95388 Merced,Destination Address,Other,37.425366280333,-120.579112088577,,2024-10-26,False,,,946.0,38.0,59,18
Milk Made Dairy,7509 W Oakdale Rd Snelling Merced 95369,37.461113965819,-120.623057736374,5175 Shaw Ave Winton 95388 Merced,Destination Address,Other,37.425366280333,-120.579112088577,,2024-09-26,False,,,1128.0,33.6,70,21
Milk Made Dairy,7509 W Oakdale Rd Snellin Merced 95369,37.461113965819,-120.623057736374,5175 Shaw Ave Winton 95388 Merced,Destination Address,Other,37.425366280333,-120.579112088577,,2024-08-20,False,,,458.0,33.6,29,9
Milk Made Dairy,7509 W Oakdale Rd Snelling Merced 95369,37.461113965819,-120.623057736374,5175 Shaw Ave Winton 95388 Merced,Destination Address,Other,37.425366280333,-120.579112088577,,2024-07-10,False,,,946.0,33.6,59,18
Milk Made Dairy,7509 W Oakdale Rd Snellin Merced 95369,37.461113965819,-120.623057736374,,,Other,,,,,,,,33.6,,2,1
Milk Made Dairy,7509 W Oakdale Rd Snelling Merced 95369,37.461113965819,-120.623057736374,5175 Shaw Ave Winton 95388 Merced,Destination Address,Other,37.425366280333,-120.579112088577,,2024-05-02,False,,,880.0,33.6,55,17
Milk Made Dairy,7509 W Oakdale Rd Snelling Merced 95369,37.461113965819,-120.623057736374,5175 Shaw Ave Winton 95388 Merced,Destination Address,Other,37.425366280333,-120.579112088577,,2024-04-26,False,,,748.0,33.6,47,14
Milk Made Dairy,7509 W Oakdale Rd Snelling Merced 95369,37.461113965819,-120.623057736374,5175 Shaw Ave Winton 95388 Merced,Destination Address,Other,37.425366280333,-120.579112088577,,2024-03-15,False,,,1738.0,25.8,109,33
Milk Made Dairy,7509 W Oakdale Rd Snellin Merced 95369,37.461113965819,-120.623057736374,5175 Shaw Ave Winton 95388 Merced,Destination Address,Other,37.425366280333,-120.579112088577,,2024-02-08,False,,,1665.0,25.8,104,31
Milk Made Dairy,7509 W Oakdale Rd Snelling Merced 95369,37.461113965819,-120.623057736374,5175 Shaw Winton 95388 Merced,Destination Address,Other,37.425366280333,-120.579112088577,,2024-01-08,False,,,990.0,28.1,62,19
Joe & Teresa Soares Dairy #2,7581 N Merced Ave Delhi Merced 95315,37.40391819115,-120.795898593743,Delhi 95315 Bloss Ave Merced,Destination Address,Other,37.405059168711,-120.782745349507,,2024-10-06,False,,,728.0,72.4,45,14
Azevedo Dairy #2,7618 Highway 59 El Nido Merced 95317,37.179123129754,-120.491742408819,El Nido 95317 Coyote Rd Merced,Destination Address,Other,37.098384004598,-120.510214017942,,2024-07-04,False,24.0,,20424.0,46.4,1275,384
Azevedo Dairy #2,7618 Highway 59 El Nido Merced 95317,37.179123129754,-120.491742408819,El Nido 95317 Coyote Rd Merced,Destination Address,Other,37.098384004598,-120.510214017942,,2024-10-25,False,24.0,,2952.0,43.7,184,55
Fanelli Dairy,7689 Washington Rd Hillmar Merced 95324,37.400190018769,-120.905161835675,23839 W Bloss Ave Hilmar 95324 Merced,Destination Address,Farmer,37.404402889034,-120.918742698114,,2024-01-01,False,,,155.0,51.4,10,3
HD Ranch,7815 Midway Rd Dixon 95620,38.418360668429,-121.737691937824,6540 Lewis Rd Vacaville CA 95687,Destination Address,Other,38.375272824604,-121.8923459304,2024-11-03,2024-11-25,False,,,1186.0,33.0,74,22
HD Ranch,7815 Midway Rd Dixon 95620,38.418360668429,-121.737691937824,6540 Lewis Rd Vacaville CA 95687,Destination Address,Other,38.375272824604,-121.8923459304,2024-10-13,2024-10-28,False,,,1011.0,33.0,63,19
HD Ranch,7815 Midway Rd Dixon 95620,38.418360668429,-121.737691937824,6540 Lewis Rd Vacaville CA 95687,Destination Address,Other,38.375272824604,-121.8923459304,2024-09-15,2024-09-30,False,,,985.0,33.24,62,18
HD Ranch,7815 Midway Rd Dixon 95620,38.418360668429,-121.737691937824,6540 Lewis Rd Vacaville CA 95687,Destination Address,Other,38.375272824604,-121.8923459304,2024-08-18,2024-08-26,False,,,519.0,33.24,32,10
Vierra Dairy Farms #3,7884 Faith Home Rd Hilmar 95824,37.40295755556,-120.921661360619,"045-040-013,045-040-021,045-040-036,045-040-023",Destination Assessor Parcel Number,Other,32.842014,-115.378116,,2024-05-20,False,12.0,,1970.0,71.3,123,37
Vierra Dairy Farms #4,7985 Washington Rd. Hilmar 95324,37.40432525286,-120.904861326359,"045-040-042,045-040-043,045-040-004,045-040-019",Destination Assessor Parcel Number,Other,36.443826,-119.462394,2024-05-07,2024-05-08,False,12.0,,4200.0,59.8,262,79
Ulys Dairy,8118 Sikes Road Dixon CA 95620,38.464530202776,-121.742630806632,,,Other,,,2024-06-15,2024-09-20,False,20.0,70.0,1400.0,,87,26
A.P. Avila Dairy,8178 Paradise Road Modesto CA 95358,37.613887771784,-121.143451966878,017-001-012,Destination Assessor Parcel Number,Other,35.290231,-120.671886,,2024-03-09,False,10.0,20.0,200.0,-49.9,12,4
Double D Dairy #4,8201 Mitchell Rd Ceres 95307,37.518988827951,-120.940935295513,23234 Second Ave. Stevinson 95374,Destination Address,Other,37.335594043758,-120.910021746955,,2024-10-18,False,10.0,149.0,1490.0,-17.3,93,28
Frank J. Bettencourt & Sons Dairy,8331 Central Avenue Ceres CA 95307,37.517775505557,-120.958933001831,23616 Williams Avenue Hilmar 95324,Destination Address,Other,37.390622411571,-120.916363913993,,2024-11-01,False,,,950.0,91.6,59,18
Frank J Borges Dairy,8350 E Brady Rd Manteca San Joaquin 95337,37.728465665761,-121.204641440427,Manteca 95366 Lorenzen Rd San Joaquin,Destination Address,Farmer,37.7352163,-121.3137672,,2024-06-25,False,,,6864.0,41.3,429,129
Frank J Borges Dairy,8350 E Brady Rd Manteca San Joaquin 95337,37.728465665761,-121.204641440427,Manteca 95366 Lorenzen Rd San Joaquin,Destination Address,Farmer,37.7352163,-121.3137672,,2024-11-10,False,,,7332.0,27.1,458,138
,,,,1221 W. Lorenzen Road Tracy CA 95304,Destination Address,Other,37.748603060724,-121.316924840825,,2024-04-10,False,25.0,259.0,6475.0,-72.5,404,122
,,,,1221 W. Lorenzen Road Tracy CA 95304,Destination Address,Other,37.748603060724,-121.316924840825,,2024-06-15,False,25.0,93.0,2325.0,-23.3,145,44
,,,,257-130-02,Destination Assessor Parcel Number,Other,34.000593,-117.301748,,2024-06-06,False,25.0,46.0,1150.0,-28.7,72,22
,,,,257-120-01,Destination Assessor Parcel Number,Other,37.105488,-119.321202,,2024-07-20,False,25.0,90.0,2250.0,-81.7,140,42
Tierabuenaranch,8632 W Meadow Dr Winton Merced 95388,37.430485150512,-120.64321545914,5175 Shaw Ave Winton 95388 County,Destination Address,Other,37.425366280333,-120.579112088577,,2024-09-28,False,,,2200.0,36.8,137,41
Tierabuenaranch,8632 W Meadow Dr Winton Merced 95388,37.430485150512,-120.64321545914,5175 Shaw Ave Winton 95388 Merced,Destination Address,Other,37.425366280333,-120.579112088577,,2024-06-13,False,,,2024.0,36.8,126,38
Tierabuenaranch,8632 W Meadow Dr Winton Merced 95388,37.430485150512,-120.64321545914,5175 Shaw Ave Winton 95388 Merced,Destination Address,Other,37.425366280333,-120.579112088577,,2024-03-18,False,,,3014.0,25.1,188,57
Tierra Buena Ranch,Merced 95388,37.327992363578,-120.463687407289,5175 Shaw Ave Winton 95388 County,Destination Address,Other,37.425366280333,-120.579112088577,,2024-12-02,False,,,2104.0,36.2,131,40
River Oak Dairy #2,9161 Warnerville Road Oakdale CA 95361,37.742329541474,-120.832538847268,,,Other,,,,2024-10-02,False,,,4430.0,,277,83
Soares Dairy Lp,9201 Hilmar Rd Turlock Stanislaus 95380,37.427026106709,-120.954487408024,Gustine 95322 . Merced,Destination Address,Other,,,,2024-06-04,False,,,3900.0,91.0,244,73
Soares Dairy Lp,9201 Hilmar Rd Turlock Stanislaus 95380,37.427026106709,-120.954487408024,Gustine 95322 . Merced,Destination Address,Other,,,,2024-10-05,False,,,5200.0,19.2,325,98
Joe Soares Dairy #4,9207 American Ave Hilmar Stanislaus 95324,37.412526461954,-120.955435065998,Delhi 95315 August Ave Merced,Destination Address,Other,37.419568831959,-120.788770528032,,2024-05-28,False,,,6344.0,21.2,396,119
Joe Soares Dairy #4,9207 American Ave Hilmar Stanislaus 95324,37.412526461954,-120.955435065998,Delhi 95315 August Ave Merced,Destination Address,Other,37.419568831959,-120.788770528032,,2024-10-30,False,,,2782.0,29.3,174,52
Ken Van Foeken Dairy #2,9375 Washington Road Hilmar CA 95324,37.424613753066,-120.904749194581,23616 Williams Avenue Hilmar 95324,Destination Address,Other,37.390622411571,-120.916363913993,,2024-06-20,False,,,2800.0,70.7,175,53
Th Mello & Sons Dairy,9390 Harvey Rd. Galt 95632,38.252122173203,-121.352418009822,8992-9198 Kost Rd. Galt 95632,Destination Address,Other,38.239956086364,-121.360973799686,2024-10-28,2024-11-01,False,,,288.0,52.7,18,5
Gold Medal Ag #1,9483 Columbus Ave Hilmar Merced 95324,37.425937968039,-120.868452620166,,,Other,,,,2024-04-23,False,,,1830.0,44.4,114,34
Gold Medal Ag #1,9483 Columbus Ave Hilmar Merced 95324,37.425937968039,-120.868452620166,,,Other,,,,2024-09-04,False,,,80.0,85.8,5,2
Gold Medal Ag #1,9483 Columbus Ave Hilmar Merced 95324,37.425937968039,-120.868452620166,,,Other,,,,2024-11-01,False,,,50.0,85.8,3,1
New Hope Diary,9551 New Hope Rd Galt CA 95632,38.248699967865,-121.343914401412,6111 Lambie Rd Suisun City CA 94585,Destination Address,Other,38.221399941585,-121.857614424945,2024-01-01,2024-12-31,False,,,2304.0,61.8,144,43
New Hope Dairy,9547 New Hope Rd. Galt 95632,38.247340176919,-121.345644721457,,,Other,,,2024-01-01,2024-12-31,False,,,240.0,41.3,15,5
Diniz Dairy,9558 Columbus Ave Hilmar Merced 95324,37.427139639588,-120.867198855089,6626 Central Ave Hilmar 95324 Merced,Destination Address,Farmer,37.385386194748,-120.958622955232,,2024-04-01,False,,,1664.0,73.7,104,31
Diniz Dairy,9558 Columbus Ave Hilmar Merced 95324,37.427139639588,-120.867198855089,Hilmar 95324 Hilmar Road Merced,Destination Address,Farmer,37.396844003155,-120.795943079008,,2024-06-01,False,,,1040.0,73.7,65,20
Diniz Dairy,9558 Columbus Ave Hilmar Merced 95324,37.427139639588,-120.867198855089,3410 S Hunt Rd Gustine 95322 Merced,Destination Address,Other,37.23988519853,-120.993873468132,,2024-06-01,False,,,520.0,73.7,32,10
Diniz Dairy,9558 Columbus Ave Hilmar Merced 95324,37.427139639588,-120.867198855089,3410 S Hunt Rd Gustine 95324 Merced,Destination Address,Other,37.23988519853,-120.993873468132,,2024-09-24,False,,,845.0,51.0,53,16
Diniz Dairy,9558 Columbus Ave Hilmar Merced 95324,37.427139639588,-120.867198855089,Hilmar 95324 Tegner Road Merced,Destination Address,Composting Facility,37.399019408541,-120.88667283677,,2024-01-16,False,,,338.0,75.2,21,6
Diniz Dairy,9558 Columbus Ave Hilmar Merced 95324,37.427139639588,-120.867198855089,Hilmar 95324 Tegner Road Merced,Destination Address,Composting Facility,37.399019408541,-120.88667283677,,2024-02-28,False,,,364.0,75.2,23,7
Diniz Dairy,9558 Columbus Ave Hilmar Merced 95324,37.427139639588,-120.867198855089,Hilmar 95324 Tegner Road Merced,Destination Address,Composting Facility,37.399019408541,-120.88667283677,,2024-03-16,False,,,130.0,75.2,8,2
Diniz Dairy,9558 Columbus Ave Hilmar Merced 95324,37.427139639588,-120.867198855089,Hilmar 95324 Tegner Road Merced,Destination Address,Composting Facility,37.399019408541,-120.88667283677,,2024-04-28,False,,,286.0,75.2,18,5
Diniz Dairy,9558 Columbus Ave Hilmar Merced 95324,37.427139639588,-120.867198855089,Hilmar 95324 Tegner Road Merced,Destination Address,Composting Facility,37.399019408541,-120.88667283677,,2024-05-17,False,,,156.0,75.2,10,3
Diniz Dairy,9558 Columbus Ave Hilmar Merced 95324,37.427139639588,-120.867198855089,Hilmar 95324 Tegner Road Merced,Destination Address,Composting Facility,37.399019408541,-120.88667283677,,2024-06-12,False,,,78.0,51.0,5,1
Diniz Dairy,9558 Columbus Ave Hilmar Merced 95324,37.427139639588,-120.867198855089,Hilmar 95324 Tegner Road Merced,Destination Address,Composting Facility,37.399019408541,-120.88667283677,,2024-07-11,False,,,156.0,51.0,10,3
Diniz Dairy,9558 Columbus Ave Hilmar Merced 95324,37.427139639588,-120.867198855089,Hilmar 95324 Tegner Road Merced,Destination Address,Composting Facility,37.399019408541,-120.88667283677,,2024-08-01,False,,,156.0,51.0,10,3
Diniz Dairy,9558 Columbus Ave Hilmar Merced 95324,37.427139639588,-120.867198855089,Hilmar 95324 Tegner Road Merced,Destination Address,Composting Facility,37.399019408541,-120.88667283677,,2024-09-06,False,,,130.0,51.0,8,2
Diniz Dairy,9558 Columbus Ave Hilmar Merced 95324,37.427139639588,-120.867198855089,Hilmar 95324 Tegner Road Merced,Destination Address,Composting Facility,37.399019408541,-120.88667283677,,2024-10-01,False,,,104.0,51.0,6,2
Diniz Dairy,9558 Columbus Ave Hilmar Merced 95324,37.427139639588,-120.867198855089,Hilmar 95324 Tegner Road Merced,Destination Address,Composting Facility,37.399019408541,-120.88667283677,,2024-12-16,False,,,286.0,51.0,18,5
Vieira Dairy Farm,9701 Atwater Jordan Road Atwater Merced 95301,37.330996569866,-120.662201224203,Stevenson 95374 3Rd. Avenu Merced,Destination Address,Other,37.327788276917,-120.878454783375,,2024-06-05,False,,,1400.0,83.9,87,26
Vieira Dairy Farm,9701 Atwater Jordan Road Atwater Merced 95301,37.330996569866,-120.662201224203,Stevenson 95374 3Rd. Avenu Merced,Destination Address,Other,37.327788276917,-120.878454783375,,2024-10-25,False,,,2600.0,92.1,162,49
Gomes Dairy,9735 Washington Road Hilmar CA 95324,37.429735892187,-120.904786242593,23616 Williams Avenue Hilmar 95324,Destination Address,Other,37.390622411571,-120.916363913993,,2024-10-23,False,,,2800.0,81.7,175,53
E.R. Prins Dairy #2,9863 S. Van Allen Road Stockton CA 95215,,,002-001-074,Destination Assessor Parcel Number,Other,37.886575,-120.915408,,2024-10-06,False,,,700.0,-54.9,44,13
B & J Dairy,9950 Arno Rd. Galt 95632,38.324921139667,-121.324592689669,,,Other,,,,2024-10-01,False,,,2000.0,8.6,125,38
B & J Dairy,9950 Arno Rd. Galt 95632,38.324921139667,-121.324592689669,,,Other,,,,2024-10-01,False,,,600.0,8.6,37,11
Martins Living Trust,10043 Milnes Road Modesto CA 95357,37.68258417383,-120.810422441368,014-024-006,Destination Assessor Parcel Number,Other,38.352167,-120.520032,,2024-10-22,False,,,2500.0,52.9,156,47
Faust Dairy & Heifer,10077 Avenue 26 Chowchilla Merced 93610,37.127183850653,-120.364129897046,Chowchilla 93610 Road 8 And Avenue 14 Madera,Destination Address,Farmer,37.0569655,-120.4010692,,2024-11-02,False,,,2701.0,92.9,169,51
Robert Gioletti + Sons Dairy,10213 W. Main St. Turlock 95380,37.493113389934,-120.96564380497,057-001-011,Destination Assessor Parcel Number,Other,37.436508,-121.011694,,2024-04-24,False,,,9588.0,-21.4,599,180
Robert Gioletti + Sons Dairy,10213 W. Main St. Turlock 95380 Zip Code,37.493113389934,-120.96564380497,058-018-001,Destination Assessor Parcel Number,Other,38.081455,-120.556998,,2024-04-24,False,,,672.0,-21.4,42,13
Robert Gioletti + Sons Dairy,10213 W. Main St. Turlock 95380 Zip Code,37.493113389934,-120.96564380497,057-003-007,Destination Assessor Parcel Number,Other,37.442334,-120.968482,,2024-05-18,False,,,2292.0,-21.4,143,43
Robert Giolesti + Sons Dairy,10213 W. Main St. Turlock 95380,37.493113389934,-120.96564380497,058-025-003,Destination Assessor Parcel Number,Other,38.078679,-120.553783,,2024-05-18,False,,,1512.0,-21.4,94,28
Robert Giolesti + Sons Dairy,10213 W. Main St. Turlock 95380,37.493113389934,-120.96564380497,057-003-007,Destination Assessor Parcel Number,Other,37.442334,-120.968482,,2024-11-22,False,,,3000.0,-10.7,187,56
Robert Gioletti + Sons Dairy,10213 W. Main St. Turlock 95380,37.493113389934,-120.96564380497,058-023-019,Destination Assessor Parcel Number,Other,36.844162,-121.414346,,2024-11-22,False,,,2160.0,-10.7,135,41
Robert Gioletti + Sons Dairy,10213 W. Main St. Turlock 95380,37.493113389934,-120.96564380497,058-023-005,Destination Assessor Parcel Number,Other,36.842452,-121.414374,,2024-11-22,False,,,600.0,-10.7,37,11
Robert Gioletti + Sons Dairy,10213 W. Main St. Turlock 95380,37.493113389934,-120.96564380497,058-023-023,Destination Assessor Parcel Number,Other,36.844137,-121.413598,,2024-11-23,False,,,1200.0,-10.7,75,23
Robert Giletti + Sons Dairy #2,10218 Fulkerth Rd. Ceres 95307,37.507132625909,-120.96604286738,022-031-019,Destination Assessor Parcel Number,Other,38.017752,-121.641029,,2024-04-24,False,,,252.0,-26.3,16,5
Robert Giletti + Sons Dairy #2,10218 Fulkerth Rd. Ceres 95307,37.507132625909,-120.96604286738,022-036-014,Destination Assessor Parcel Number,Other,35.570834,-121.109794,,2024-04-24,False,,,600.0,-26.3,37,11
Manuel & Jeannette Borges Dairy,"10408 S Van Allen Rd Stockton, CA 95215",37.867271527655,-121.054314216817,185-100-03,Destination Assessor Parcel Number,Other,36.683609,-119.365204,2024-02-10,2024-02-24,False,,,1000.0,61.5,62,19
Cal-Denier Dairy,10715 Arno Rd. Galt 95632,38.337285662227,-121.286555277783,North Of Conley Rd. & Twin Cities Rd. Herald 95638,Destination Address,Other,38.303015412904,-121.231189035453,2024-06-03,2024-06-06,False,,,1680.0,40.3,105,32
Cal-Denier Dairy,10715 Arno Rd. Galt 95632,38.337285662227,-121.286555277783,,,Other,,,,2024-12-10,False,,,1650.0,,103,31
Hockstra Dairy,10834 Hwy 120 Oakdale 95361,37.776402862644,-120.795684445086,010-008-046,Destination Assessor Parcel Number,Other,37.891869,-121.618188,,2024-07-30,False,10.0,60.0,600.0,-14.3,37,11
Hockstra Dairy,10834 Hwy 120 Oakdale 95361,37.776402862644,-120.795684445086,002-050-006,Destination Assessor Parcel Number,Other,33.425691,-115.707454,2024-11-11,2024-11-12,False,10.0,120.0,1200.0,-14.3,75,23
Joe & Teresa Soares Dairy #1,11076 Vincent Rd Turlock Merced 95380,37.452754574651,-120.776208873588,Turlock 95380 Bradbury Merced,Destination Address,Other,37.4698594,-120.7850727,,2024-10-30,False,,,6136.0,68.7,383,115
U Bar Dairy,11100 Liberty Rd. Galt 95632,38.234456511468,-121.185197483643,11151 Liberty Rd. Galt 95632,Destination Address,Other,38.235402790939,-121.181908222466,2024-09-23,2024-09-26,False,,,470.0,6.8,29,9
J&Y Jimenez Dairy Inc,1159 Peach Ave Livingston Merced 95334,37.375081862963,-120.726172967921,11594 Ingomar Gustin CA 95322,Destination Address,Other,37.121236802601,-120.945119793036,,2024-06-01,False,,,2500.0,,156,47
Lucas Dairy,11204 Fulkerth Road Turlock CA 95380,37.50720010023,-120.977489110538,750 East Ave Gustine 95322,Destination Address,Other,37.252812984983,-120.994122997389,,2024-10-11,False,,,2600.0,87.47,162,49
Fire-Lake Jerseys,11301 W. Bradbury Rd Turlock CA 95380,37.449565798719,-120.978496866756,400 N. Central Avenue Turlock 95380,Destination Address,Other,37.495688478228,-120.958056506216,,2024-10-21,False,,,1100.0,87.9,69,21
Sb Farms,11450 Carroll Rd. Elk Grove 95757,38.339666206548,-121.403599754629,,,Other,,,2024-05-27,2024-05-30,False,10.0,200.0,2000.0,77.9,125,38
Sb Farms,11450 Carroll Rd. Elk Grove 95757,38.339666206548,-121.403599754629,,,Other,,,2024-10-14,2024-10-17,False,10.0,100.0,1000.0,72.9,62,19
Machado & Sons Dairy,11735 Carroll Rd. Elk Grove 95757,38.331923800675,-121.397539387177,,,Other,,,2024-10-14,2024-10-18,False,,,320.0,14.4,20,6
Alberto Dairy,11737 Blue Gum Rd Hickman CA 95323,37.617694664569,-120.777539145564,5230 Patterson Rd Oakdale CA 95361,Destination Contact Address,Other,37.72886338538,-120.900895614596,,2024-02-22,False,,,1900.0,77.3,119,36
J & M Dairy,11910 Bruceville Rd. Elk Grove 95757,38.323775040137,-121.418628171747,D&W Farms 1000 Hidden Lake Road Lodi 95240,Destination Address,Other,38.1568193,-121.2761753,,2024-10-16,False,,,475.0,-49.0,30,9
Grand View Dairy,11923 E Childs Ave Le Grand Merced 95333,37.284062857406,-120.271520130463,,,Farmer,,,,2024-05-15,False,,,2898.0,81.5,181,54
Riveroak Heifers,12100 Fogarty Road Oakdale CA 95361,37.754304137898,-120.773104783508,010-080-046,Destination Assessor Parcel Number,Other,37.911929,-121.698132,,2024-10-22,False,,,770.0,21.2,48,14
Cross View Dairy,12530 Warnerville Road Oakdale CA 95361,37.737204971601,-120.764462622239,010-016-013,Destination Assessor Parcel Number,Other,33.820591,-116.553904,2024-02-04,2024-02-24,False,10.0,15.0,150.0,-8.5,9,3
S.A.S Dairy #2,12712 W. Bradbury Rd Turlock CA 95380,37.448337011714,-120.993753774554,400 N. Central Avenue Turlock 95380,Destination Address,Other,37.495688478228,-120.958056506216,,2024-05-14,False,,,1250.0,88.6,78,23
Vanderscaff 1,,,,Po Box 479 Linden CA 95236,Destination Address,Composting Facility,,,2024-01-01,2024-12-31,False,,,240.0,,15,5
Silva Brothers Dairy #1,12997 E. Peltier Road Acampo CA 95220,38.192345331513,-121.157779405433,017-031-025,Destination Assessor Parcel Number,Other,35.725494,-120.273659,,2024-04-11,False,10.0,40.0,400.0,-70.5,25,8
Silva Brothers Dairy #1,12997 E. Peltier Road Acampo CA 95220,38.192345331513,-121.157779405433,051-016-012,Destination Assessor Parcel Number,Other,37.493122,-120.830427,,2024-04-14,False,10.0,85.0,850.0,-70.5,53,16
Silva Brothers Dairy #1,12997 E. Peltier Road Acampo CA 95220,38.192345331513,-121.157779405433,051-070-20,Destination Assessor Parcel Number,Other,37.954824,-122.526331,,2024-04-24,False,10.0,100.0,1000.0,-74.6,62,19
Silva Brothers Dairy #1,12997 E. Peltier Road Acampo CA 95220,38.192345331513,-121.157779405433,,,Other,,,,2024-10-16,False,10.0,92.0,920.0,-68.0,57,17
Silva Brothers Dairy #1,12997 E. Peltier Road Acampo CA 95220,38.192345331513,-121.157779405433,"007-013-020,007-013-021",Destination Assessor Parcel Number,Other,35.133806,-120.581811,,2024-10-10,False,,,650.0,-64.6,41,12
Silva Brothers Dairy #1,12997 E. Peltier Road Acampo CA 95220,38.192345331513,-121.157779405433,"007-013-020,007-013-021",Destination Assessor Parcel Number,Other,35.133806,-120.581811,,2024-05-08,False,,,2000.0,-74.6,125,38
Silva Brothers Dairy #1,12997 E. Peltier Road Acampo CA 95220,38.192345331513,-121.157779405433,142-0100-031,Destination Assessor Parcel Number,Other,37.800608,-122.413795,,2024-10-02,False,10.0,275.0,2750.0,-68.0,172,52
Van Steyn Dairy #2,13039 Peilandini Rd Galt Sacramento 95632-8818,38.283397987617,-121.350119105238,,,Farmer,,,,2024-11-01,False,,,750.0,18.2,47,14
Frank Chaves Dairy #1,E. Harney Lane Lodi 95240,38.101724455615,-121.174420525951,,,Other,,,2024-10-01,2024-11-15,False,,,250.0,-72.5,16,5
Van Groningen & Sons INC.,13293 Louise Ave. Manteca 95336,37.814114465292,-121.145831756827,,,Other,,,2024-06-01,2024-09-01,False,,,960.0,20.0,60,18
Amarjit Kaile Property,13340 Sargent Ave. Galt 95632,38.271370375655,-121.326711299516,9500 Robson Rd. Galt 95632,Destination Contact Address,Other,38.27231958428,-121.347161550702,2024-10-01,2024-10-05,False,,,780.0,50.9,49,15
Lima Ranch,13436 N. Thornton Road Lodi CA 95242,38.099086684221,-121.38365442929,4510 Point Pleasant Road Elk Grove CA 95757,Destination Address,Other,38.339266152487,-121.450013150127,,2024-08-14,False,25.0,120.0,3000.0,54.8,187,56
Parkview Dairy,13640 Collier RD Delhi Merced 95315,,,19085 W.Bradbury Turlock 95380,Destination Contact Address,Other,37.448650536802,-120.832092259467,,2024-01-17,False,,,4922.599999999999,,307,92
Parkview Dairy,13640 Collier RD Delhi Merced 95315,,,19085 W.Bradbury Turlock 95380,Destination Contact Address,Other,37.448650536802,-120.832092259467,,2024-04-03,False,,,847.5999999999999,,53,16
Parkview Dairy,13640 Collier RD Delhi Merced 95315,,,19085 W.Bradbury Turlock 95380,Destination Contact Address,Other,37.448650536802,-120.832092259467,,2024-02-27,False,,,1890.8,,118,36
Parkview Dairy,13640 Collier RD Delhi Merced 95315,,,19085 W.Bradbury Turlock 95380,Destination Contact Address,Other,37.448650536802,-120.832092259467,,2024-04-10,False,,,4857.4,,303,91
Parkview Dairy,13640 Collier RD Delhi Merced 95315,,,19085 W.Bradbury Turlock 95380,Destination Contact Address,Other,37.448650536802,-120.832092259467,,2024-07-24,False,,,586.8,,37,11
Parkview Dairy,13640 Collier RD Delhi Merced 95315,,,19085 W.Bradbury Turlock 95380,Destination Contact Address,Other,37.448650536802,-120.832092259467,,2024-06-05,False,,,619.4,,39,12
Parkview Dairy,13640 Collier RD Delhi Merced 95315,,,19085 W.Bradbury Turlock 95380,Destination Contact Address,Other,37.448650536802,-120.832092259467,,2024-12-14,False,,,1890.8,,118,36
Parkview Dairy,13640 Collier RD Delhi Merced 95315,,,19085 W.Bradbury Turlock 95380,Destination Contact Address,Other,37.448650536802,-120.832092259467,,2024-10-31,False,,,4596.599999999999,,287,86
Parkview Dairy,13640 Collier RD Delhi Merced 95315,,,19085 W.Bradbury Turlock 95380,Destination Contact Address,Other,37.448650536802,-120.832092259467,,2024-09-25,False,,,945.4,,59,18
Parkview Dairy,13640 Collier RD Delhi Merced 95315,,,19085 W.Bradbury Turlock 95380,Destination Contact Address,Other,37.448650536802,-120.832092259467,,2024-12-06,False,,,2347.2,,147,44
Parkview Dairy,13640 Collier RD Delhi Merced 95315,,,19085 W.Bradbury Turlock 95380,Destination Contact Address,Other,37.448650536802,-120.832092259467,,2024-12-13,False,,,3553.3999999999996,,222,67
Parkview Dairy,13640 Collier RD Delhi Merced 95315,,,19085 W.Bradbury Turlock 95380,Destination Contact Address,Other,37.448650536802,-120.832092259467,,2024-12-31,False,,,1369.1999999999998,,85,26
Healy Ranch (Formally Guilherme Brasil Dairy),13701 S Hwy 59 El Nido Merced 95317,37.088312770747,-120.492728445908,,,Farmer,,,,2024-05-15,False,,,1700.0,27.3,106,32
Healy Ranch (Formally Guilherme Brasil Dairy),13701 S Hwy 59 El Nido Merced 95317,37.088312770747,-120.492728445908,,,Farmer,,,,2024-05-20,False,,,2400.0,27.3,150,45
Healy Ranch (Formally Guilherme Brasil Dairy),13701 S Hwy 59 El Nido Merced 95317,37.088312770747,-120.492728445908,13625 Coyote Rd El Nido 95317 Madera,Destination Address,Farmer,37.090648555705,-120.510582654043,,2024-07-08,False,,,850.0,35.6,53,16
Healy Ranch (Formally Guilherme Brasil Dairy),13701 S Hwy 59 El Nido Merced 95317,37.088312770747,-120.492728445908,,,Farmer,,,,2024-10-08,False,,,425.0,95.5,27,8
Healy Ranch (Formally Guilherme Brasil Dairy),13701 S Hwy 59 El Nido Merced 95317,37.088312770747,-120.492728445908,,,Farmer,,,,2024-10-10,False,,,625.0,35.6,39,12
Vanderscaff 3,,,,12686 Locke Rd. Lockford CA 95237,Destination Address,Composting Facility,38.154103443098,-121.161336517502,2024-01-01,2024-12-31,False,,,1056.0,,66,20
Fragoso Dairy #2,"14691 Brennan Rd Escalon, CA",37.830066693868,-121.016622623902,205-110-04,Destination Assessor Parcel Number,Other,33.866981,-117.571024,,2024-10-14,False,10.0,172.0,1720.0,-34.2,107,32
Haringa Dairy,14842 E. Keyes Rd. Denair 95316,37.547636161348,-120.721130445935,4618 N. Montpelier Rd. Denair 95316,Destination Address,Other,37.535437893837,-120.69666333529,,2024-01-11,False,,,75.0,-14.7,5,1
Haringa Dairy,14842 E. Keyes Rd. Denair 95316,37.547636161348,-120.721130445935,4618 N. Montpelier Rd. Denair 95316,Destination Address,Other,37.535437893837,-120.69666333529,,2024-11-02,False,,,2700.0,-43.9,169,51
Ivy Star Dairy Llc,14903 Volta Rd Los Banos Merced 93635,37.071781268842,-120.928324051634,720 Jefferson Ave Los Banos 93635 Merced,Destination Address,Farmer,37.054165422979,-120.846201632686,,2024-07-24,False,,,4128.0,42.3,258,78
Lockwood III Dairy,15343 Tim Bell Rd. Waterford 95386,37.674420032499,-120.71171840686,2902 Tim Bell Rd Waterford 95386,Destination Address,Other,37.68050474938,-120.697014034119,2024-05-01,2024-10-31,False,,,1330.0,,83,25
Lockwood III Dairy,15343 Tim Bell Rd. Waterford 95386,37.674420032499,-120.71171840686,,,Other,,,2024-09-05,2024-09-07,False,,,1000.0,14.7,62,19
Vanderscaff 2,,,,12686 Locke Rd. Lockford CA 95237,Destination Address,Composting Facility,38.154103443098,-121.161336517502,2024-01-01,2024-12-31,False,,,1320.0,,82,25
Antonio Brasil Dairy,15373 S Flanagan Rd Dos Palos Merced 93620,37.063477681282,-120.528487683447,Dos Palos 93620 Lexington Ave Merced,Destination Address,Other,37.011653396146,-120.653737738234,,2024-07-09,False,,,7135.0,34.6,446,134
Antonio Brasil Dairy,15373 S Flanagan Rd Dos Palos Merced 93620,37.063477681282,-120.528487683447,Dos Palos 93620 Lexington Ave Merced,Destination Address,Other,37.011653396146,-120.653737738234,,2024-11-07,False,,,4565.0,34.6,285,86
O'Banion Ranches,15775 S Indiana Rd Dos Palos Merced 93620,37.05749255468,-120.599232428055,15735 Indiana Rd Dos Palos 93620 Merced,Destination Address,Farmer,37.05783609506,-120.598587858567,,2024-10-15,False,,,100.0,69.2,6,2
O'Banion Ranches,15775 S Indiana Rd Dos Palos Merced 93620,37.05749255468,-120.599232428055,15735 Indiana Rd Dos Palos 93620 Merced,Destination Address,Farmer,37.05783609506,-120.598587858567,,2024-10-15,False,,,100.0,77.0,6,2
Manuel Da Silva Dairy,15836 Steinegul Road Escalon 95320,37.819874048149,-120.960121723339,26000 Edwards Rd-Escala 95320,Destination Address,Other,37.838569841272,-120.987524008838,,2024-09-15,False,,,350.0,,22,7
R. Doornenbal Dairy #2,16348 S. Van Allen Road Escalon CA 95320,37.813837988215,-121.051896019397,205-060-007,Destination Assessor Parcel Number,Other,37.749662,-121.850436,2024-06-01,2024-11-15,False,,,1850.0,-56.5,116,35
M & M Cardoso & Sons Dairy Ltd,16489 August Ave Delhi Merced 95315,37.419064723616,-120.786007885256,Turlock 95380 Youngstown Rd Merced,Destination Address,Farmer,37.456154551754,-120.821661551551,,2024-04-23,False,,,1300.0,69.2,81,24
Joe Gomes Dairy #1,17625 Swanson Road Delhi CA 95315,37.440734075074,-120.804445639698,19075 3Rd Ave Stevinson 95374,Destination Address,Composting Facility,37.325729172363,-120.834534746052,,2024-10-06,False,,,1000.0,70.7,62,19
Ed Nunes Dach,17399 E. Avena Rd Escala 95320,37.841791707562,-121.096892145695,Frank Bellino River Rd Escalon 95320,Destination Contact Address,Other,37.754088366566,-121.064607984838,,,False,,,720.0,,45,14
Manuel & Jeannette Borges Dairy #2,17463 Gawne Rd. Stockton 95215,37.892000242003,-121.098837424649,,,Other,,,2024-05-23,2024-06-14,False,,,630.0,8.8,39,12
Manuel & Jeannette Borges Dairy #2,17463 Gawne Rd. Stockton 95215,37.892000242003,-121.098837424649,181-090-29,Destination Assessor Parcel Number,Other,37.119235,-122.113404,,2024-05-29,False,,,199.5,8.8,12,4
Manuel & Jeannette Borges Dairy #2,17463 Gawne Rd. Stockton 95215,37.892000242003,-121.098837424649,"185-020-03,185-020-04,185-020-05,185-020-06,185-020-07,185-020-08",Destination Assessor Parcel Number,Other,37.982547,-122.476982,2024-10-22,2024-10-23,False,,,819.0,9.0,51,15
Manuel & Jeannette Borges Dairy #2,17463 Gawne Rd. Stockton 95215,37.892000242003,-121.098837424649,,,Other,,,2024-05-28,2034-05-30,False,,,441.0,8.8,28,8
Manuel & Jeannette Borges Dairy #2,17463 Gawne Rd. Stockton 95215,37.892000242003,-121.098837424649,,,Other,,,2024-10-02,2024-10-23,False,,,535.5,9.0,33,10
,,,,6465 W Hwy Dos Palos 93620,Destination Contact Address,Other,36.95563364152,-120.637228674639,2024-01-29,2024-01-30,False,,,900.0,,56,17
,,,,6465 W Hwy Dos Palos 93620,Destination Contact Address,Other,36.95563364152,-120.637228674639,2024-08-15,2024-08-20,False,,,1800.0,,112,34
Borba Cattle Company LLC.,18254 N. First Street Stevinson CA 95374,,,4505 N. Mccullagh Road Stevinson 95374 Merced County,Destination Address,Farmer,37.359624876343,-120.885801064263,,2024-05-08,False,,,960.0,87.9,60,18
Borba Cattle Company LLC.,18254 N. First Street Stevinson CA 95374,,,4505 N. Mccullagh Road Stevinson 95374 Merced County,Destination Address,Farmer,37.359624876343,-120.885801064263,,2024-10-28,False,,,600.0,87.9,37,11
Joe O. Rocha Dairy INC.,18451 W. Bradbury Road Turlock CA 95380,37.448497818526,-120.820643250281,,,Farmer,,,,2024-05-15,False,,,1100.0,78.4,69,21
Joe O. Rocha Dairy INC.,18451 W. Bradbury Road Turlock CA 95380,37.448497818526,-120.820643250281,,,Farmer,,,,2024-05-17,False,,,1900.0,78.4,119,36
Van Exel Dairy #2,18948 N. Thornton Road Lodi CA 95242,38.154967868773,-121.397953537012,,,Other,,,2024-04-24,2024-05-01,False,10.0,498.0,4980.0,,311,94
Joe Oliveira Dairy,19104 Crane Avenue Hilmar CA 95324,37.382652898032,-120.833857320637,19481 Geer Avenue Hilmar 95324,Destination Contact Address,Farmer,37.396618741283,-120.840743054096,,2024-05-11,False,,,1000.0,89.5,62,19
R. Doornenbal Dairy #1,19116 Lone Tree Road Escalon CA 95320,37.82637698009,-121.075714873651,205-100-008,Destination Assessor Parcel Number,Other,40.473726,-122.423109,,2024-10-30,False,,,192.0,31.5,12,4
R. Doornenbal Dairy #1,19116 Lone Tree Road Escalon CA 95320,37.82637698009,-121.075714873651,,,Other,,,,2024-10-31,False,,,261.0,31.5,16,5
R. Doornenbal Dairy #1,19116 Lone Tree Road Escalon CA 95320,37.82637698009,-121.075714873651,205-090-52,Destination Assessor Parcel Number,Other,37.392754,-122.013435,,2024-10-31,False,,,294.0,31.5,18,6
R. Doornenbal Dairy #1,19116 Lone Tree Road Escalon CA 95320,37.82637698009,-121.075714873651,,,Other,,,,2024-10-25,False,,,1142.0,31.5,71,21
R. Doornenbal Dairy #1,19116 Lone Tree Road Escalon CA 95320,37.82637698009,-121.075714873651,,,Other,,,,2024-11-01,False,,,462.0,31.5,29,9
R. Doornenbal Dairy #1,19116 Lone Tree Road Escalon CA 95320,37.82637698009,-121.075714873651,,,Other,,,,2024-10-15,False,,,293.0,31.5,18,6
R. Doornenbal Dairy #1,19116 Lone Tree Road Escalon CA 95320,37.82637698009,-121.075714873651,,,Other,,,,2024-11-02,False,,,275.0,31.5,17,5
R. Doornenbal Dairy #1,19116 Lone Tree Road Escalon CA 95320,37.82637698009,-121.075714873651,205-060-008,Destination Assessor Parcel Number,Other,37.754509,-121.854618,,2024-11-02,False,,,39.0,31.5,2,1
R. Doornenbal Dairy #1,19116 Lone Tree Road Escalon CA 95320,37.82637698009,-121.075714873651,205-240-006,Destination Assessor Parcel Number,Other,40.467493,-122.434836,,2024-11-03,False,,,203.0,31.5,13,4
Doornenbal Dairy #3,19325 Lone Tree Road Escalon CA 95320,37.827766490089,-121.074046623462,205-060-07,Destination Assessor Parcel Number,Other,37.749662,-121.850436,,2024-10-27,False,10.0,275.0,2750.0,52.9,172,52
Kisst Dairy,20000 Cedar Ave. Tracy 95304,37.779957204023,-121.346698534371,9000 W. Howard Rd. Stockton 95206,Destination Address,Other,37.850180998375,-121.420444027251,,2024-09-30,False,,,1200.0,-6.5,75,23
Kisst Daury,20000 Cedar Ave. Tracy 95304,37.779957204023,-121.346698534371,2796 Undine Rd. Stockton 95206,Destination Address,Other,37.823474075563,-121.334307399268,,2024-10-31,False,,,1120.0,,70,21
John Kisst Dairy,20000 Cedar Ave Tracy CA 95304,37.779957204023,-121.346698534371,15803 S. Wing Levee Rd. Tracy 95330,Destination Address,Other,37.814911611029,-121.408041578492,,,False,,,6580.0,,411,124
Gm Silva Dairy,20316 Crane Ave Hilmar 95324,37.373532004363,-120.863109995082,5493 Mahoney Rd. Hilmar 95324,Destination Address,Other,37.36820484389,-120.920868767854,,2024-02-18,False,12.0,,720.0,19.4,45,14
Gm Silva Dairy,20316 Crane Ave Hilmar 95324,37.373532004363,-120.863109995082,5493 Mahoney Rd. Hilmar 95324,Destination Address,Other,37.36820484389,-120.920868767854,,2024-04-18,False,12.0,,240.0,19.4,15,5
Gm Silva Dairy,20316 Crane Rd Hilmar 95324,37.373532004363,-120.863109995082,5493 Mahoney Rd. Hilmar 95324,Destination Address,Other,37.36820484389,-120.920868767854,,2024-07-18,False,12.0,,1200.0,19.4,75,23
Gm Silva Dairy,20316 Crane Ave Hilmar 95324,37.373532004363,-120.863109995082,5493 Mahoney Rd. Hilmar 95324,Destination Address,Other,37.36820484389,-120.920868767854,,2024-08-24,False,12.0,,490.0,19.4,31,9
Gold Medal Ag Llc #2,20326 Johnson Ave Hilmar Merced 95324,37.433340184494,-120.856819756446,,,Farmer,,,,2024-04-24,False,,,1380.0,19.8,86,26
Gold Medal Ag Llc #2,20326 Johnson Ave Hilmar Merced 95324,37.433340184494,-120.856819756446,,,Farmer,,,,2024-09-04,False,,,560.0,36.8,35,11
Gold Medal Ag Llc #2,20326 Johnson Ave Hilmar Merced 95324,37.433340184494,-120.856819756446,,,Farmer,,,,2024-10-31,False,,,1280.0,36.8,80,24
Wagner Dairy #2,20623 Lone Tree Road Escalon CA 95320,37.82951591901,-121.054173885404,,,Other,,,2024-05-15,2024-06-01,False,,,2010.0,-69.8,126,38
Nylund Dairy Farms Llc,20723 Geer Ave Hilmar Merced 95324,37.39662427334,-120.863036485791,19486 American Ave Hilmar 95324 Merced,Destination Address,Farmer,37.411670669639,-120.840657726322,,2024-04-30,False,,,1594.8,47.7,100,30
Nylund Dairy Farms Llc,20723 Geer Ave Hilmar Merced 95324,37.39662427334,-120.863036485791,19420 American Ave Hilmar 95324 Merced,Destination Address,Farmer,37.412439751165,-120.839141020942,,2024-04-30,False,,,265.9,47.7,17,5
Nylund Dairy Farms Llc,20723 Geer Ave Hilmar Merced 95324,37.39662427334,-120.863036485791,21185 Williams Ave Hilmar 95324 Merced,Destination Address,Farmer,37.389511683672,-120.871685352582,,2024-04-30,False,,,665.0,47.7,42,12
Ornellas Dairy #1,20749 S. Lammers Rd. Tracy 95304,37.771239018893,-121.477588993254,Reeve Rd. & Byron Rd. Tracy 95304,Destination Address,Other,37.763121019939,-121.499674972845,2024-04-01,2024-04-15,False,10.0,16.0,160.0,8.9,10,3
Dias Family Dairy,21330 W Second Ave Stevinson Merced 95374,37.33543889473,-120.8754148804,Gustine 95322 Hunt Road Stanislaus,Destination Address,Other,37.283172299311,-120.990045548197,,2024-10-08,False,,,1508.0,20.4,94,28
Clauss Dairy,21670 Bloss Ave Hilmar 95324,37.404879148772,-120.88069204282,,,Other,,,,2024-04-12,False,,,1060.0,18.6,66,20
B-6 Dairy,22014 Turner Road Hilmar CA 95324,37.375484,-120.888949,,,Farmer,,,,2024-06-05,False,,,2100.0,80.2,131,39
B-6 Dairy,22014 Turner Road Hilmar CA 95324,37.375484,-120.888949,,,Farmer,,,,2024-10-25,False,,,1250.0,35.1,78,23
Wagner Dairy L.P.,22176 Skiff Road Escalon CA 95320,37.869356487817,-121.040628310778,,,Other,,,,2024-09-24,False,12.0,118.0,1416.0,-55.5,88,27
Wagner Dairy L.P.,22176 Skiff Road Escalon CA 95320,37.869356487817,-121.040628310778,,,Other,,,,2024-10-26,False,12.0,255.0,3060.0,-55.5,191,57
Wagner Dairy L.P.,22176 Skiff Road Escalon CA 95320,37.869356487817,-121.040628310778,,,Other,,,,2024-10-28,False,12.0,232.0,2784.0,-54.6,174,52
Wagner Dairy L.P.,22176 Skiff Road Escalon CA 95320,37.869356487817,-121.040628310778,,,Other,,,,2024-10-29,False,12.0,80.0,960.0,-54.6,60,18
Sunwest Jerseys,22270 Bloss Ave Hilmar 95324,37.405353103487,-120.891440073443,058-019-008,Destination Assessor Parcel Number,Other,37.469217,-120.974062,2024-03-20,2024-03-21,False,12.0,,238.0,15.1,15,4
Sunwest Jerseys,22270 Bloss Ave Hilmar 95324,37.405353103487,-120.891440073443,,,Other,,,,2024-01-06,False,,,,,,
Sunwest Jerseys,22270 Bloss Ave Hilmar 95324,37.405353103487,-120.891440073443,,,Other,,,,2024-09-01,False,,,,,,
Ken Van Foeken Dairy #1,22338 Short Road Hilmar CA 95324,37.426465,-120.913778,23616 Williams Avenue Hilmar 95324,Destination Address,Other,37.390622411571,-120.916363913993,,2024-05-19,False,,,1500.0,70.7,94,28
D.V. Silveira & Son Dairy,22578 Henry Miller Rd Los Banos CA 93635,37.101988683968,-120.900495043444,23616 Williams Avenue Hilmar 95324,Destination Address,Other,37.390622411571,-120.916363913993,,2024-10-24,False,,,1800.0,90.1,112,34
Vierra Dairy Farms #2,22682 Williams Ave Hilmar 95324,37.39035243047,-120.89947563638,23160 Williams Ave Hilmar 95324,Destination Address,Other,37.391026000209,-120.905985022386,,2024-04-03,False,,,1000.0,80.5,62,19
Vierra Dairy Farms #2,22682 Williams Ave Hilmar 95324,37.39035243047,-120.89947563638,20633 W. Crane Ave Hilmar 95324,Destination Address,Other,37.382417450371,-120.862007355719,2024-05-03,2024-05-04,False,,,3870.0,80.5,242,73
Teixeira & Sons (Formerly John & Nicole Santos Dairy),22759 S Mercey Springs Rd Los Banos Merced 93635,36.957177099286,-120.839305222425,Los Banos 93635 Mercy Springs Merced,Destination Address,Farmer,37.115572851786,-120.834801599578,,2024-08-16,False,26.0,193.0,5018.0,80.1,313,94
California Dairy Farms-Stevinson,22846 W. Second Ave Stevinson CA 95374,37.3380437,-120.9018852,3887 Mccullagh Rd Stevinson 95374,Destination Address,Farmer,37.344589502245,-120.878690863437,,2024-05-11,False,,,1600.0,88.7,100,30
Moonshine Dairy,22748 Kilburn Road Crows Landing CA 95313,37.39350348124,-121.021596864342,River Road Newman CA 95360,Destination Address,Other,37.362018075163,-120.987183764642,,2024-05-08,False,12.0,284.0,3408.0,,213,64
Moonshine Dairy,22748 Kilburn Road Crows Landing CA 95313,37.39350348124,-121.021596864342,Joe Oliveira Dairy 19104 W Crane Ave Hilmar CA 95324,Destination Address,Other,37.382652898032,-120.833857320637,,2024-07-25,False,,,51.22,,3,1
Moonshine Dairy,22748 Kilburn Road Crows Landing CA 95313,37.39350348124,-121.021596864342,Machado Dairy 7413 S. Mitchell Road Turlock CA 95380,Destination Address,Other,37.424464597099,-120.941026742077,,2024-07-25,False,,,129.83,,8,2
Moonshine Dairy,22748 Kilburn Road Crows Landing CA 95313,37.39350348124,-121.021596864342,David Alves 19590 Johnson Ave Hilmar CA 95324,Destination Address,Other,37.434124782418,-120.842100000401,,2024-09-14,False,,,49.3,,3,1
Moonshine Dairy,22748 Kilburn Road Crows Landing CA 95313,37.39350348124,-121.021596864342,River Road Newman CA 95360,Destination Address,Other,37.362018075163,-120.987183764642,,2024-10-16,False,,,3528.0,,220,66
Crupside Duris,23234 Lone Tree Ed Escalar 95320,37.824051504873,-121.021877574279,,,Other,,,,2024-05-10,False,10.0,70.0,770.0,-68.1,48,14
Double Cross,7025 S. Central Ave Turlock 95380,37.427559614846,-120.959054707065,6006 Central Ave Turlock 95380,Destination Address,Other,37.437451685517,-120.95817469105,,2024-05-25,False,12.0,,1125.0,46.5,70,21
Lander Heifer Facility,10507 Lander Ave Turlock 95380,37.442372994238,-120.853309035699,4101 N. Berkely Ave Turlock 95380,Destination Address,Other,37.530577682606,-120.830588218833,2024-09-20,2024-12-04,False,,,7404.0,8.4,462,139
Kool Haas #2,24544 Lone Tree Road Escalon 95320,37.827273005539,-121.007893961392,,,Other,,,,2024-07-24,False,,,1173.0,,73,22
Kool Haas #2,24544 Lone Tree Road Escalar 95320 Zip Code,37.827273005539,-121.007893961392,,,Other,,,,2024-10-15,False,,,373.0,,23,7
FDB Dairy,25381 E Doods Rd Escalon 95320,37.85672590831,-121.00006560302,,,Other,,,,2024-11-13,False,,,935.0,,58,18
FDB Dairy,25381 E. Dodds Rd Escala 95320,37.85672590831,-121.00006560302,,,Other,,,,2024-05-30,False,,,148.0,,9,3
6 D Dores Dairy,25762 Turner Avenue Hilmar CA 95324,37.37292192754,-120.955438921673,Third Avenue & Cemetery Road Merced County,Destination Address,Other,37.328003685609,-120.923973340971,,2024-10-16,False,,,1700.0,82.26,106,32
Moonlight Ranch,12383 S Schultz Rd Chowchilla CA 93510,37.106716915549,-120.448097996622,12383 S Schultz Rd Chowchilla 93610,Destination Address,Other,37.106716915549,-120.448097996622,,,False,,,2200.0,,137,41
Toledo Dairy,26280 N. Elliot Rd. Galt 95632,38.22823450953,-121.171325845388,4343 S. Mckinley Ave. Stockton 95206,Destination Address,Other,37.900923363818,-121.272643749263,2024-03-01,2024-04-18,False,10.0,72.0,720.0,56.1,45,14
Toledo Dairy,26280 N. Elliot Rd. Galt 95632,38.22823450953,-121.171325845388,12686 Locke Rd. Lockeford 95237,Destination Address,Other,38.154103443098,-121.161336517502,2024-03-01,2024-09-18,False,10.0,76.0,760.0,70.1,47,14
Machado Dairy,26234 S Union Rd Manteca CA 95337,37.719267992172,-121.231011003829,241-350-270-000,Destination Assessor Parcel Number,Other,37.728246,-121.255586,2024-09-21,2024-09-30,False,10.0,939.0,3930.0,,245,74
Ray & Sue Quaresma Dairy,26290 S. Union Road Manteca CA 95337,37.716051772105,-121.231490113415,226-090-01,Destination Assessor Parcel Number,Other,33.956825,-117.412304,,2024-05-20,False,10.0,100.0,1000.0,-25.9,62,19
Machado Dairy Farms #4,26298 Groves Road,35.302893965934,-119.125090525038,,,Other,,,,2024-10-15,False,20.0,85.5,1650.0,-71.3,103,31
Machado Dairy Farms #4,26298 Groves Road,35.302893965934,-119.125090525038,,,Other,,,,2024-05-10,False,20.0,53.0,1060.0,-59.9,66,20
Sited Oak Dairy,26972 N. Dustin Rd. Acampo 95220,38.232976984341,-121.222868990723,217 Saint Andrews Rd. Valley Springs 95252,Destination Address,Other,38.174339871935,-120.828969581439,,2024-09-07,False,,,3.68,52.4,0,0
Sited Oak Dairy,26972 N. Dustin Rd. Acampo 95220,38.232976984341,-121.222868990723,12631 Pratton Ln. Galt 95632,Destination Address,Other,38.297458504465,-121.272362201136,,2024-09-01,False,,,5.52,52.4,0,0
Sited Oak Dairy,26972 N. Dustin Rd. Acampo 95220,38.232976984341,-121.222868990723,12959 Herald Rd. Herald 95638,Destination Address,Other,38.286157603509,-121.24188987596,,2024-08-31,False,,,5.52,52.4,0,0
Tony Lopes Dairy Lp,27500 W Bunker Rd Gustine Merced 95322,37.173121291561,-120.978156477668,28366 W Husman Rd Gustine 95322 Field 18 Merced,Destination Address,Farmer,37.159527054596,-121.002388559749,,2024-04-30,False,,,1475.0,32.2,92,28
Tony Lopes Dairy Lp,27500 W Bunker Rd Gustine Merced 95322,37.173121291561,-120.978156477668,28366 W Husman Rd Gustine 95322 Field 23 Merced,Destination Address,Farmer,37.159527054596,-121.002388559749,,2024-05-10,False,,,950.0,32.2,59,18
Tony Lopes Dairy Lp,27500 W Bunker Rd Gustine Merced 95322,37.173121291561,-120.978156477668,28366 W Husman Rd Gustine 95322 Field 19 Merced,Destination Address,Farmer,37.159527054596,-121.002388559749,,2024-05-14,False,,,1050.0,32.2,66,20
Tony Lopes Dairy Lp,27500 W Bunker Rd Gustine Merced 95322,37.173121291561,-120.978156477668,28366 W Husman Rd Gustine 95322 Field 24 Merced,Destination Address,Farmer,37.159527054596,-121.002388559749,,2024-05-16,False,,,1050.0,32.2,66,20
Tony Lopes Dairy Lp,27500 W Bunker Rd Gustine Merced 95322,37.173121291561,-120.978156477668,28366 W Husman Rd Gustine 95322 Field 1 Merced,Destination Address,Farmer,37.159527054596,-121.002388559749,,2024-05-23,False,,,250.0,32.2,16,5
Tony Lopes Dairy Lp,27500 W Bunker Rd Gustine Merced 95322,37.173121291561,-120.978156477668,28366 W Husman Rd Gustine 95322 Field 18 Merced,Destination Address,Farmer,37.159527054596,-121.002388559749,,2024-09-13,False,,,980.0,40.9,61,18
Tony Lopes Dairy Lp,27500 W Bunker Rd Gustine Merced 95322,37.173121291561,-120.978156477668,28366 W Husman Rd Gustine 95322 Field 21 Merced,Destination Address,Farmer,37.159527054596,-121.002388559749,,2024-09-13,False,,,500.0,29.9,31,9
Tony Lopes Dairy Lp,27500 W Bunker Rd Gustine Merced 95322,37.173121291561,-120.978156477668,28366 W Husman Rd Gustine 95322 Field 20 Merced,Destination Address,Farmer,37.159527054596,-121.002388559749,,2024-09-23,False,,,520.0,29.9,32,10
Tony Lopes Dairy Lp,27500 W Bunker Rd Gustine Merced 95322,37.173121291561,-120.978156477668,28366 W Husman Rd Gustine 95322 Field 23 Merced,Destination Address,Farmer,37.159527054596,-121.002388559749,,2024-09-23,False,,,520.0,29.9,32,10
John Silveira Dairy,27890 W Brazo Rd Newman Merced 95360,37.30379925584,-120.995649890005,Gustine 95322 Fentem Road Hwy 33 Bizzini Merced,Destination Address,Farmer,37.2601312,-121.0125854,,2024-05-01,False,,,3900.0,44.1,244,73
John Silveira Dairy,27890 W Brazo Rd Newman Merced 95360,37.30379925584,-120.995649890005,Gustine 95322 Fentem Road Merced,Destination Address,Farmer,37.260058869619,-121.021710101709,,2024-05-08,False,,,931.0,44.1,58,17
John Silveira Dairy,27890 W Brazo Rd Newman Merced 95360,37.30379925584,-120.995649890005,Gustine 95322 Fentem Road Hwy 33 Bizzini Merced,Destination Address,Farmer,37.2601312,-121.0125854,,2024-10-01,False,,,2070.0,924.0,129,39
5N Cattle,28470 W Cottonwood Rd Gustine Merced 95322,37.189342364291,-121.003402686214,900 Meredith Ave Gustine 95322 Merced,Destination Address,Composting Facility,37.24919296673,-121.003727736419,,2024-10-08,False,,,1216.0,47.7,76,23
Douma Dairy,28524 Kasson Rd Tracy CA 95376,37.696077277742,-121.29352944032,Po Box 479 Linden CA 95236,Destination Address,Composting Facility,,,2024-01-01,2024-12-31,False,,,413.0,,26,8
Luis C Nunes & Sons Dairy #1,29191 Husman Rd Gustine Merced 95322,37.158455344456,-121.017183959958,Gustine 95322 Hwy 33 Merced,Destination Address,Farmer,37.253364944886,-120.999069769856,,2024-05-10,False,,,2652.0,58.0,166,50
Luis C Nunes & Sons Dairy #1,29191 Husman Rd Gustine Merced 95322,37.158455344456,-121.017183959958,Gustine 95322 Hwy 33 Merced,Destination Address,Farmer,37.253364944886,-120.999069769856,,2024-10-30,False,,,608.0,31.0,38,11
Manuel Mendes Dairy,29744 Cottonwood Rd Gustine 95322,37.18974067233,-121.026112866134,900 Meredith Ave. Gustine 95322,Destination Address,Other,37.24919296673,-121.003727736419,,2024-11-17,False,10.0,40.0,400.0,62.6,25,8
River Oak Dairy,29770 E. Hwy 4 Farmington CA 95230,37.92372867834,-120.94718056775,,,Other,,,,2024-08-22,False,10.0,380.0,3800.0,-27.4,237,71
De Boer Dairy,14976 Avenue 168 Tulare 93274,36.095113026023,-119.237022706884,,,Other,,,,2024-01-15,False,,,2021.63,79.8,126,38
De Boer Dairy,14976 Avenue 168 Tulare 93274,36.095113026023,-119.237022706884,Fields 1 2 3 4,Destination Address,Other,33.70298466352,-117.765293865355,,2024-09-30,False,,,7700.0,53.9,481,145
Alta Sierra Dairy,7901 Ave 368 Dinuba CA 93618,36.458569913165,-119.400563548297,10071 6th Ave Hanford 93230,Destination Contact Address,Other,36.327387507226,-119.56385859268,2024-01-01,2024-12-31,False,,,3140.0,,196,59
Hettinga Farms-Ave 120 Dairy,Hettinga Farms Ave 120 CA,36.0097427,-119.2728729,7559 Ave. 152 Tipton 93272,Destination Address,Other,36.065202036903,-119.402698566859,2024-08-13,2024-11-23,False,,,13075.0,,816,246
Borba & Sons,13511 Road 120 Tipton 93272,36.033332593706,-119.303787071559,300-020-030,Destination Assessor Parcel Number,Other,36.030762,-119.305676,2024-06-01,2024-07-01,False,,,2700.0,,169,51
Jongsma Dairy,15759 Avenue 128 Tipton CA 93272,36.018916497016,-119.227883582575,11188 Road 192 Porterville CA 93257,Destination Contact Address,Farmer,35.992965915237,-119.140424374091,,2024-05-26,False,,,1700.0,74.9,106,32
Cream Top Dairy,,,,2909 Bell Port Tulare 93274,Hauler Address,Composting Facility,36.203880331574,-119.304917882804,2025-04-01,2025-06-01,False,,,2412.0,134.0,151,45
D & V Dairy,15625 Avenue 144 Tipton CA 93272,36.051276646992,-119.22320067625,Merritt Yard,Destination Contact Address,Other,37.643799012361,-122.096854519144,,2024-06-26,False,,,2060.0,82.1,129,39
D & V Dairy,15625 Avenue 144 Tipton CA 93272,36.051276646992,-119.22320067625,14982 Road 152 Tipton CA 93272,Destination Contact Address,Other,36.060455909958,-119.2279057108,,2024-10-01,False,,,18423.0,68.0,1150,346
D & V Dairy,15625 Avenue 144 Tipton CA 93272,36.051276646992,-119.22320067625,14982 Road 152 Tipton CA 93272,Destination Contact Address,Other,36.060455909958,-119.2279057108,2024-11-13,2024-11-22,False,,,2502.0,68.0,156,47
D & V Dairy,15625 Avenue 144 Tipton CA 93272,36.051276646992,-119.22320067625,,,Other,,,2024-12-01,2024-12-09,False,,,9328.0,68.0,582,175
Double J Dairy,6656 Avenue 328 Visalia CA 93291,36.385559176747,-119.414645629912,"048-010-006,048-130-002,045-070-010",Destination Assessor Parcel Number,Other,36.430214,-119.397124,,2024-11-01,False,,,2015.0,40.6,126,38
Double J Dairy,6656 Avenue 328 Visalia CA 93291,36.385559176747,-119.414645629912,Road 80 And Avenue 336 Visalia CA,Destination Address,Other,36.399764780141,-119.394745733307,,2024-11-05,False,,,2600.0,40.6,162,49
Double J Dairy,6656 Avenue 328 Visalia CA 93291,36.385559176747,-119.414645629912,"048-140-007,048-140-008,048-140-008",Destination Assessor Parcel Number,Other,36.411126,-119.399326,,2024-11-10,False,,,2700.0,40.6,169,51
Double J Dairy,6656 Avenue 328 Visalia CA 93291,36.385559176747,-119.414645629912,Road 68 And Avenue 320 Visalia CA,Destination Address,Other,36.370749984109,-119.421317036926,,2024-11-15,False,,,3000.0,40.6,187,56
Double J Dairy,6656 Avenue 328 Visalia CA 93291,36.385559176747,-119.414645629912,"072-030-013,072-030-013,072-030-007,072-030-009",Destination Assessor Parcel Number,Other,36.38428,-119.429007,,2024-11-20,False,,,4100.0,40.6,256,77
Double J Dairy,6656 Avenue 328 Visalia CA 93291,36.385559176747,-119.414645629912,7Th Avenue And Dover Ave Visalia CA,Destination Address,Other,36.332351495109,-119.352885520261,,2024-11-25,False,,,3400.0,40.6,212,64
East Ridge Dairy,14153 Rd 168 Porterville CA 93257,36.043623983151,-119.197210731551,,,Other,,,2024-12-01,2024-12-09,False,,,1122.0,65.9,70,21
East Ridge Dairy,14153 Rd 168 Porterville CA 93257,36.043623983151,-119.197210731551,14982 Road 152 Tipton CA 93272,Destination Contact Address,Other,36.060455909958,-119.2279057108,2024-11-14,2024-11-22,False,,,3330.0,65.9,208,63
Elbow Creek Dairy,34537 Road 124 Visalia 93291,36.41788180285,-119.29766820711,Ave 384 & Rd 88 Hanford CA,Destination Address,Farmer,36.487667014118,-119.376669991471,,2024-01-19,False,,,1620.0,,101,30
Elbow Creek Dairy,34537 Road 124 Visalia CA 93291,36.416710636793,-119.29612461395,34098 Rd. 140 Visalia 93292,Destination Address,Farmer,36.408296677474,-119.258355153379,,2024-11-02,False,,,320.0,89.8,20,6
Elbow Creek Dairy,34537 Road 124 Visalia CA 93291,36.416710636793,-119.29612461395,34098 Rd. 140 Visalia 93292,Destination Address,Farmer,36.408296677474,-119.258355153379,,2024-11-04,False,,,400.0,89.8,25,8
Elbow Creek Dairy,34537 Road 124 Visalia CA 93291,36.416710636793,-119.29612461395,34098 Rd. 140 Visalia 93292,Destination Address,Farmer,36.408296677474,-119.258355153379,,2024-11-06,False,,,2360.0,89.8,147,44
Elbow Creek Dairy,34537 Road 124 Visalia CA Tulare,36.41788180285,-119.29766820711,7559 Ave. 152 Tipton 93272,Destination Address,Other,36.065202036903,-119.402698566859,2024-05-08,2024-05-13,False,,,5835.5,89.8,364,110
Elkhorn Dairy,10400 Ave 368 Visalia 93292,36.458046159725,-119.314731441617,,,Other,,,2024-01-01,2024-12-31,False,,,7500.0,,468,141
Fern Oaks Farms,17001 Ave. 160 Porterville 93257,36.080145115357,-119.188748746998,"300-310-012,300-310-013",Destination Assessor Parcel Number,Other,36.047952,-119.15748,,2024-07-01,False,,,5800.0,,362,109
Five Star,14552 Ave. 152 Tipton 93272,36.065789405233,-119.247321972473,300-040-018,Destination Assessor Parcel Number,Other,36.042524,-119.269733,,2024-02-18,False,,,5000.0,,312,94
Gerben Leyendekker,8676 Avenue 360 Visalia CA 93291,36.443833365157,-119.380298181327,042-050-009,Destination Assessor Parcel Number,Other,32.918091,-114.854592,2024-10-16,2024-10-17,False,,,1420.0,68.3,89,27
Gerben Levendekker Pain,8517 Ave 360 Visalia CA 93291,36.443759779785,-119.383347163614,35185 Rd 52 Kingsburg CA 93631,Destination Address,Farmer,36.429767509191,-119.456993685782,2024-04-30,2024-06-18,False,,,14860.0,68.3,928,279
GTA Dairy,,,,7559 Ave. 152 Tipton 93272,Destination Address,Other,36.065202036903,-119.402698566859,2024-06-10,2024-07-10,False,,,6093.0,,380,114
Hettinga Farms-Ave 128 Dairy,,,,7559 Ave. 152 Tipton 93272,Destination Address,Other,36.065202036903,-119.402698566859,2024-08-15,2024-11-20,False,,,18843.5,,1177,354
Jacobus De Groot Dairy #1,31847 Rd. 92 Visalia CA 93291 Zip Code,36.370042849949,-119.367996450065,Spread On Fields On Ave 328 And Rd 92 Visalia CA,Destination Contact Address,Other,36.385445304394,-119.367999164093,2024-05-22,2024-11-03,False,20.0,,3800.0,72.8,237,71
Jacobus De Groot Dairy #1,31847 Rd. 92 Visalia CA 93291 Zip Code,36.370042849949,-119.367996450065,West Coast And Gravel 7715 Ave 296 Visalia CA 93291,Destination Address,Other,36.323201920056,-119.405499044529,2024-05-22,2024-11-03,False,20.0,,2480.0,72.8,155,47
Jesse & James Jongsma,9229 Road 164 Pixley CA 93256,35.966234014354,-119.210351993893,7559 Ave. 152 Tipton 93272,Destination Address,Other,36.065202036903,-119.402698566859,2024-07-10,2024-07-15,False,,,4023.0,44.8,251,76
John Jongsma Dairy,15434 Avenue 192 Tulare CA 93274,36.140568757495,-119.226980767784,14982 Road 152 Tipton CA 93272,Destination Contact Address,Other,36.060455909958,-119.2279057108,2024-10-22,2024-10-26,False,,,2304.0,54.2,144,43
John Jongsma Dairy,15434 Avenue 192 Tulare CA 93274,36.140568757495,-119.226980767784,,,Other,,,,2024-06-25,False,,,2415.0,96.2,151,45
Dick Vanderham & Sons Dariy ,12565 Avenue 152 Tulare CA 93274,36.065687715451,-119.324365106484,Rd 80 & Ave 184 Tulare 93274,Destination Address,Other,36.123383006138,-119.393874015377,2024-06-14,2024-06-18,False,10.0,,2930.0,92.4,183,55
Ka Vanderham,12565 Avenue 152 Tulare CA 93274,36.065687715451,-119.324365106484,11188 Road 192 Porterville CA 93257,Destination Contact Address,Farmer,35.992965915237,-119.140424374091,,2024-12-20,False,,,3000.0,92.4,187,56
Lawrence Family Farms,14760 Ave. 208 Tulare 93274,36.168288717125,-119.243422206139,,,Other,,,2024-01-01,2024-12-31,False,,,3500.0,,219,66
Little H,,,,Rd. 148 & Y Ave. 248 Tulare 93274,Destination Address,Other,36.240050003976,-119.242467004453,2024-05-09,2024-05-17,False,6.25,552.0,3450.0,,215,65
Lou-Mar Dairy,14870 Ave 152 Tipton 93272,36.065806975724,-119.238629378976,300-040-018,Destination Assessor Parcel Number,Other,36.042524,-119.269733,2024-06-01,2024-07-01,False,,,3400.0,,212,64
Louie De Groot Dairy,15081 Avenue 104 Pixley CA 93256,35.978790677447,-119.232121914162,16029 Ave 136 Tipton CA 93272,Destination Address,Farmer,36.036432621086,-119.213812630257,2024-05-23,2024-10-15,False,,,2743.0,60.3,171,52
Louie De Groot Dairy,15081 Avenue 104 Pixley CA 93256,35.978790677447,-119.232121914162,300-280-01,Destination Assessor Parcel Number,Other,33.817825,-117.22074,2024-08-14,2024-08-19,False,,,952.2,60.3,59,18
Louie De Groot Dairy,15081 Avenue 104 Pixley CA 93256,35.978790677447,-119.232121914162,300-240-09,Destination Assessor Parcel Number,Farmer,33.818771,-117.215527,2024-08-14,2024-08-16,False,,,1252.35,60.3,78,24
Mancebo Holsteins #2,23792 Rd 140 Tulare 93274,36.220227557337,-119.259897423563,14065 Ave 248 Tulare 93274,Destination Address,Other,36.239804330394,-119.258973905472,,2024-08-20,False,,,1100.0,75.0,69,21
Mellema Caff Ranch,9420 Ave. 320 Visalia 93291,36.371008887539,-119.362968039993,23004 Rd. 140 Tulare 93274,Destination Address,Other,36.207728756688,-119.26002583432,2024-06-01,2024-07-01,False,,,11900.0,,743,223
Mellema Dairy,9420 Ave. 320 Visalia 93291,36.371008887539,-119.362968039993,23004 Rd. 140 Tulare 93274,Destination Address,Other,36.207728756688,-119.26002583432,2024-06-01,2024-07-01,False,,,5900.0,,368,111
Nunes & Sons Dairy,690 E Oakdale Ave Tulare Tulare 93274,36.254986262068,-119.338636351441,12329 Ave 271 Visalia 93277 Tulare,Destination Address,Farmer,36.2826428126,-119.298325767414,,2024-05-18,False,,,1500.0,23.3,94,28
Oakbend,23561 Road 168 Tulare CA 93274,36.214424179035,-119.202768131719,Rd. 148 & Ave. 248 Tulare 93274,Destination Address,Other,36.240050003976,-119.242467004453,2024-12-19,2024-12-24,False,6.25,176.0,1100.0,49.0,69,21
Oakbend Dairysouth,15651 Ave 192 Tulare CA 93274,36.136378644098,-119.220819649855,14982 Road 152 Tipton CA 93272,Destination Contact Address,Composting Facility,36.060455909958,-119.2279057108,2024-10-26,2024-10-30,False,,,3402.0,75.8,212,64
Oakbend Dairysouth,15651 Ave 192 Tulare CA 93274,36.136378644098,-119.220819649855,14982 Road 152 Tipton CA 93272,Destination Contact Address,Composting Facility,36.060455909958,-119.2279057108,2024-05-25,2024-06-13,False,,,12144.0,92.3,758,228
Pires,,,,1443 Windsong Dr Tulare 93274,Destination Contact Address,Other,36.192535677083,-119.301829319122,2024-09-07,2024-09-24,False,,,910.8,,57,17
Pires,,,,232-150-04,Destination Assessor Parcel Number,Other,38.085584,-122.56526,2024-08-20,2024-09-03,False,,,1573.2,,98,30
Rancho Sierra Vista,32866 Road 108 Visalia CA 93291,36.38673516936,-119.332131318405,048-080-035,Destination Assessor Parcel Number,Other,36.409011,-119.312957,,2024-11-01,False,,,220.0,50.0,14,4
Rancho Sierra Vista,32866 Road 108 Visalia CA 93291,36.38673516936,-119.332131318405,"048-080-030,048-080-038",Destination Assessor Parcel Number,Other,38.261209,-122.648231,,2024-11-10,False,,,250.0,50.0,16,5
Rancho Sierra Vista,32866 Road 108 Visalia CA 93291,36.38673516936,-119.332131318405,"072-030-012,072-060-011,072-050-013,072-030-012-000,072-060-011,072-050-013",Destination Assessor Parcel Number,Other,39.510558,-121.453486,,2024-11-20,False,,,750.0,50.0,47,14
Rijlaarsdam Dairy,12031 Avenue 352 Visalia CA 93291,36.428768716218,-119.304682732394,"048-070-038,048-100-005",Destination Assessor Parcel Number,Other,36.416214,-119.318427,2024-03-01,2024-05-18,False,,,6400.0,94.2,400,120
Riverbend Daim,20799 Road 132 Tulare CA 93274,36.156935387364,-119.280052799396,7559 Ave. 152 Tipton 93272,Destination Address,Other,36.065202036903,-119.402698566859,2024-01-01,2024-03-07,False,,,10000.0,51.6,624,188
Riverbend-North Dairy,20799 Road 132 Tulare CA 93274,36.156935387364,-119.280052799396,7559 Ave. 152 Tipton 93272,Destination Address,Other,36.065202036903,-119.402698566859,2024-04-10,2024-11-11,False,,,12906.0,48.4,806,242
Riverbend. South Dairy,20799 Road 132 Tulare CA 93274,36.156935387364,-119.280052799396,7559 Ave. 152 Tipton 93272,Destination Address,Other,36.065202036903,-119.402698566859,2024-04-17,2024-11-08,False,,,1712.5,48.4,107,32
Riverbend-Heifer Ranch,20799 Road 132 Tulare CA 93274,36.156935387364,-119.280052799396,7559 Ave. 152 Tipton 93272,Destination Address,Other,36.065202036903,-119.402698566859,,2024-05-02,False,,,177.5,48.4,11,3
Riverbend-East Daim,20303 Road 140 Tulare CA 93274,36.155694972462,-119.259657220937,7559 Ave. 152 Tipton 93272,Destination Address,Other,36.065202036903,-119.402698566859,2024-04-18,2024-05-02,False,,,2283.0,35.1,143,43
Rocky Road Dairy,8609 Avenue 368 Ave Dinuba Tulare 93618,36.456780161921,-119.378170855054,9257 Ave. 416 Dinuba 93618 Tulare,Destination Address,Other,36.545012391426,-119.366190433207,,2024-11-01,False,,,2475.0,63.4,155,46
Rocky Road Dai,8609 Avenue 368 Ave Dinuba Tulare 93618,36.456780161921,-119.378170855054,Dinuba 93618 Sawtooth Ranch Ave. 368 & Rd 60 Tulare,Destination Address,Other,36.458869979931,-119.438890032209,,2024-12-05,False,,,2000.0,21.5,125,38
Rui Brasil Dairy,8061 Avenue 360 Ave Visalia Tulare 92391,36.443898196756,-119.391856845068,Visalia 92391 Composting Facility Tulare,Destination Address,Other,,,,2024-04-09,False,,,3185.0,66.1,199,60
Santos Jer-2,25199 Road 164 Vesalsa CA 93292,36.246301697888,-119.206881384322,Rd.148 & Ave. 248 Tulare 93274,Destination Address,Other,36.240050003976,-119.242467004453,,2024-10-29,False,,,306.25,,19,6
Sierra View Dairy,13376 Avenue 224 Tulare CA 93274,36.197300202305,-119.274610178207,7559 Ave. 152 Tipton 93274,Destination Address,Composting Facility,36.065441914174,-119.409163271208,2024-04-09,2024-05-02,False,,,7873.5,67.6,492,148
Sierra View Dairy,13376 Avenue 224 Tulare 93274,36.197300202305,-119.274610178207,7559 Ave. 152 Tipton 93272,Destination Address,Other,36.065202036903,-119.402698566859,2024-01-18,2024-01-19,False,,,2068.0,,129,39
Skyline Dairy,15992 Ave 192 Tulare CA 93274,36.139537531947,-119.21520612166,14982 Road 152 Tipton CA 93272,Destination Contact Address,Composting Facility,36.060455909958,-119.2279057108,2024-05-08,2024-05-25,False,,,14513.0,77.9,906,273
Skyline Dairy,15992 Ave 192 Tulare CA 93274,36.139537531947,-119.21520612166,14982 Road 152 Tipton CA 93272,Destination Contact Address,Other,36.060455909958,-119.2279057108,2024-10-17,2024-10-22,False,,,3520.0,72.3,220,66
Skyline Dairy,15992 Ave 192 Tulare CA 93274,36.139537531947,-119.21520612166,,,Other,,,2024-11-15,2024-11-22,False,,,1800.0,72.3,112,34
Sousa Dairy,7709 Avenue 376 Dinuba. 93618,36.473157198913,-119.402619524106,,,Other,,,2024-09-05,2024-09-29,False,,,1200.0,,75,23
South Corner Dairy,8150 Ave 360 Visalia CA 93291,36.444005089505,-119.390617000358,23530 E. Kings Canyon Rd Reedley CA 93654,Destination Address,Composting Facility,36.726904384199,-119.364200485574,2024-06-06,2024-07-12,False,,,638.0,75.3,40,12
South Corner Dairy,8150 Ave 360 Visalia CA 93291,36.444005089505,-119.390617000358,35185 Rd 52 Kingsburg CA 93631,Destination Address,Other,36.429767509191,-119.456993685782,,2024-07-01,False,,,440.0,75.3,27,8
Sunset Ranch,194393 Road 140 Tulare CA 93274,36.1874595,-119.2599645,Field 5,Destination Address,Farmer,,,2024-09-30,2024-10-10,False,,,144.0,65.5,9,3
Sunset Ranch,194393 Road 140 Tulare CA 93274,36.1874595,-119.2599645,Field 5,Destination Address,Farmer,,,2024-09-30,2024-10-10,False,,,163.0,65.5,10,3
Sunset Ranch,194393 Road 140 Tulare CA 93274,36.1874595,-119.2599645,Field 4,Destination Address,Farmer,,,2024-09-30,2024-10-10,False,,,186.0,65.5,12,3
T-Bar Dairy,14851 Road 168 Porterville Tulare 93257,36.059919162093,-119.196875526735,7559 Avenue 152 Tipton 93272 Tulare,Destination Address,Composting Facility,36.065202036903,-119.402698566859,,2024-07-30,False,,,1269.0,87.9,79,24
Tri-Bak Dairy,9045 Ave. 368 Binuba 93618,36.458171208792,-119.370040694196,,,Other,,,,,False,,,6000.0,,375,113
Triple H Dairy,,,,Ave. 248 &  Rd 148 Tulare 93274,Destination Address,Other,36.240050003976,-119.242467004453,2024-03-25,2024-11-07,False,25.0,1458.0,9112.5,,569,171
Van Beek Brothers Dairy,14982 Road 152 Tipton CA 93272,36.065125971961,-119.23228255615,"(36.0607199 ,-119.2391615)",Destination Nearest Cross Street,Other,360607199.0,-119.2391615,2024-11-18,2024-11-22,False,,,3360.0,60.0,210,63
Vintage Dairy,12608 Road 144 Tipton CA 93272,36.016380193271,-119.250441213709,Helia Van Beek 14982 Road 152 Tipton CA 93272,Destination Contact Address,Composting Facility,36.060455909958,-119.2279057108,2024-06-13,2024-11-04,False,,,9995.0,55.1,624,188
William & John Jongsma Dairy,11598 Road 152 Pixley CA 93256,35.997106790471,-119.232586257224,,,Other,,,2024-06-01,2024-10-01,False,,,12567.27,62.0,785,236
Aukeman Farms,17297 Road 96 Tulare Tulare 93274,36.104061232448,-119.357825584886,18017 Road 93 Tulare 93270 Tulare,Destination Address,Farmer,,,,2024-05-16,False,,,2284.09,23.5,143,43
Aukeman Farms,17297 Road 96 Tulare Tulare 93274,36.104061232448,-119.357825584886,5162 Avenue 252 Tulare 93274 Tulare,Destination Address,Farmer,36.247692204196,-119.457653090105,,2024-09-13,False,,,9000.0,86.6,562,169
Aukeman Farms,17297 Road 96 Tulare Tulare 93274,36.104061232448,-119.357825584886,7370 Avenue 228 Tulare 93274 Tulare,Destination Address,Farmer,36.203462200051,-119.407661636086,,2024-05-07,False,,,7800.0,74.8,487,146
Aukeman Farms,17297 Road 96 Tulare Tulare 93274,36.104061232448,-119.357825584886,7370 Avenue 228 Tulare 93274 Tulare,Destination Address,Farmer,36.203462200051,-119.407661636086,,2024-10-19,False,,,7100.0,24.6,443,133
Brian Jongsma Brian James Jongsma Dairy,Ave 160 Road 68 Tipton CA 93272,36.0799655,-119.4203943,7559 Ave. 152 Tipton 93272,Destination Address,Other,36.065202036903,-119.402698566859,2024-10-25,2024-10-30,False,,,3760.0,50.5,235,71
Brian Jongsma Brian James Jongsma Dairy,Ave 160 Road 68 Tipton CA 93272,36.0799655,-119.4203943,7559 Ave. 152 Tipton 93272,Destination Address,Other,36.065202036903,-119.402698566859,2024-03-14,2024-07-23,False,,,8655.5,52.3,540,163
Channel Islands Dairy Farms,13406 Rd 24 Corcoran 93212,35.978268148292,-119.518765236161,960 N San Antonio Rd Ste 114 Los Altos 94022,Destination Address,Other,37.399236996378,-122.114846986772,2024-03-01,2024-12-31,False,,,15700.0,,980,295
Decade Dairy,3313 Avenue 256 Tulare CA 93274,36.255277433231,-119.529051797762,Tri Palm Dairy 2429 Idaho Avenude Hanford CA 93230,Destination Contact Address,Farmer,36.268825999586,-119.499869970372,2024-04-15,2024-07-18,False,,,264.0,38.1,16,5
DJ Dairy,4390 Ave. 352 Kingsburg 93631,36.419004013957,-119.479260965939,,,Other,,,2024-01-01,2024-12-31,False,,,7700.0,,481,145
El Monte Dary,10410 Ave 160 Typton 93272,36.080173591443,-119.335566773175,7559 Ave. 152 Tipton 93272,Destination Address,Other,36.065202036903,-119.402698566859,2024-01-07,2024-12-23,False,,,17280.5,20.0,1079,325
F&L Barcellos #2,7585 Ave. 152 Tipton 93272,36.065476134272,-119.402984496663,228-260-016,Destination Assessor Parcel Number,Other,36.052974,-119.397877,2024-06-01,2024-07-01,False,,,2100.0,,131,39
Meadowlake Dairy,6802 Avenue 120 Tipton CA 93272,36.007506319217,-119.429606513946,Williams Family Dairy-Compost 6801 Avenue 120 Pixley CA 93256,Destination Address,Other,36.00737696012,-119.433640681976,2024-04-08,2024-04-12,False,20.0,,6780.0,58.8,423,127
Meadowlake Dairy,6802 Avenue 120 Tipton CA 93272,36.007506319217,-119.429606513946,Williams Family Dairy-Compost 6801 Avenue 120 Pixley CA 93256,Destination Address,Other,36.00737696012,-119.433640681976,2024-09-11,2024-09-13,False,10.0,,2820.0,73.9,176,53
Meadowlake Dairy,6802 Avenue 120 Tipton CA 93272,36.007506319217,-119.429606513946,Williams Family Dairy-Stockpile 6801 Avenue 120 Pixley CA 93256,Destination Address,Other,36.00737696012,-119.433640681976,2024-09-23,2024-10-01,False,20.0,,7540.0,73.9,471,142
Meadowlake Dairy,6802 Avenue 120 Tipton CA 93272,36.007506319217,-119.429606513946,Williams Family Dairy-Compost 6801 Avenue 120 Pixley CA 93256,Destination Address,Other,36.00737696012,-119.433640681976,2024-10-21,2024-11-14,False,10.0,,14910.0,73.9,931,280
Riverview Dairy,9295 Ave 88 Pixley 93256,35.949660186835,-119.37211892676,24487 Rd 140 Tulare 93274,Destination Contact Address,Composting Facility,36.235273995546,-119.265448338941,2024-09-25,2024-12-31,False,,,5200.0,,325,98
S&S Dairy,5311 Ave 272 Visalia 93277,36.283275886235,-119.454010897896,13551 1st Ave Hanford 93230,Destination Address,Other,36.273598587224,-119.474453021237,2024-11-01,2024-12-21,False,,,1725.0,65.0,108,32
Scheenstra Dairy,16800 Rd 96 Tipton CA 93272 ,36.095494253402,-119.357710026157,"(36.0606814 ,-119.2385134 )",Destination Nearest Cross Street,Other,36.0606814,-119.2385134,2024-11-22,2024-12-11,False,,,1290.0,60.0,81,24
South Creek Dairy,11450 Avenue 64 Earlimart CA 93219,35.906381457564,-119.320094434095,"333-230-008,333-230-009,333-180-014,313-030-014",Destination Assessor Parcel Number,Other,35.870055,-119.32746,,2024-10-01,False,,,800.0,37.4,50,15
Sun Valley Dairy,255 Road 128 Delano CA 93215,35.798081008623,-119.293958963498,32324 Famoso Rd McFarland CA 93250,Destination Contact Address,Other,35.602981734836,-119.194382289049,2024-07-15,2024-12-11,False,,,1279.78,64.7,80,24
Sun Valley Dairy,255 Road 128 Delano CA 93215,35.798081008623,-119.293958963498,Avenue 8 And West Of Road 128,Destination Address,Other,36.704477009692,-119.56097496653,2024-05-05,2024-09-10,False,,,6000.0,64.7,375,113
Sun Valley Dairy,255 Road 128 Delano CA 93215,35.798081008623,-119.293958963498,10786 Ave 144 Tipton CA 93272,Destination Address,Other,36.054138804811,-119.332542288738,,2024-09-15,False,,,900.0,60.7,56,17
Sunset Dairy,29048 Rd. 68 Visalia CA 93277,36.316984743482,-119.421371362638,7715 Ave. 296 Visalia CA 93291,Destination Address,Composting Facility,36.323201920056,-119.405499044529,2024-04-18,2024-10-14,False,,,2340.0,96.9,146,44
