Consultant,Manure Factor Avg,Manure Factor Std,Wastewater Ratio Avg,Wastewater Ratio Std,USDA Nitrogen % Dev Avg,USDA Nitrogen % Dev Std,UCCE Nitrogen % Dev Avg,UCCE Nitrogen % Dev Std,Facility Count
Innovative Ag,0.0,0.0,0.0,0.0,0.0,0.0,-94.73684210526316,22.629428592141423,38
Livingston,0.0,0.0,0.0,0.0,0.0,0.0,0.0,0.0,4
Provost Pritchard,0.0,0.0,0.0,0.0,0.0,0.0,0.0,0.0,3
Self-completed (R5),19.208841613621125,10.501451176345858,3.585105167266064,6.699261784815415,-82.52785437046808,38.26217810583504,46.02091321558567,193.109790556948,63
